ObjectID,Batch Reference,Supplier Code,Supplier Compound Number,Library ID,CAS Number,SMILES,Full Molecular Mass,Parent Molecular Mass,Plate ID,Well,Object Name,Drug Name,Analysis
YU226332,1,Microsource,1500372,Pharmakon 1600,138-39-6,Cl.S(=O)(=O)(N)C1(=CC=C(CN)C=C1),222.69322,222.69322,M00966A,A003,MAFENIDE HYDROCHLORIDE,mafenide,"antibacterial, synthetic"
YU034192,2,Microsource,1501137,Pharmakon 1600,"23327-57-3, 13669-70-0 [nefopam]",O2(C(C1(=C(C=CC=C1)CN(CC2)C))C3(=CC=CC=C3)),253.3389,253.3389,M00966A,A004,NEFOPAM,nefopam,"analgesic, synthetic"
YU226333,1,Microsource,1505032,Pharmakon 1600,71963-77-4,O1(OC4(OC3(C12(C(C(CCC2C(C)C(O3)OC)C)CC4)))(C)),298.37464,298.37464,M00966A,A005,ARTEMETHER,artemether,"antimalarial, semisynthetic; SM-224"
YU221225,4,Microsource,1502267,Pharmakon 1600,149647-78-9,O=C(NO)CCCCCCC(=O)NC1(=CC=CC=C1),264.32028,264.32028,M00966A,A006,VORINOSTAT,vorinostat,"antineoplastic, histone deacetylase inhibitor, synthetic"
YU226334,1,Microsource,1504280,Pharmakon 1600,93413-62-8,O=C(O)CCC(=O)O.OC2(=CC=C(C(C1(O)(CCCCC1))CN(C)C)C=C2),381.46328,381.46328,M00966A,A007,DESVENLAFAXINE SUCCINATE,PRISTIQ,"antidepressant, synthetic; WY-45233"
YU226378,1,Microsource,1502271,Pharmakon 1600,154361-50-9,FC=1(C(=NC(=O)N(C=1)C2(OC(C)C(C2O)O))NC(=O)OCCCCC),359.3502032,359.3502032,M00966A,A008,CAPECITABINE,capecitabine,"antineoplastic, synthetic; RO-091978"
YU226335,1,Microsource,1301015,Pharmakon 1600,100-88-9,S(=O)(=O)(O)NC1(CCCCC1),179.23836,179.23836,M00966A,A009,CYCLAMIC ACID,HEXAMIC ACID,"sweetener, synthetic"
YU226379,1,Microsource,1502272,Pharmakon 1600,71486-22-1,O=C(OC)C7(C1(=C(OC)C=C2(N(C)C4(C5(C2(=C1))(C3(N(CC=CC3(CC)C(C4(O)C(=O)OC)OC(=O)C)CC5))))))(C=6(NC=9(C=CC=CC=9(C=6CN8(CC(=CC(C7)C8)CC))))),778.93242,778.93242,M00966A,A010,VINORELBINE,NAVELBINE,"antineoplastic, synthetic; KW-2307"
YU155443,2,Microsource,310035,Pharmakon 1600,5578-73-4,S(=O)(=O)(O)[O-].O6(C=5(C=4(C(=C3(C(C=1(C(=CC=2(OCOC=2(C=1)))C=C3))=[N+](C=4)C))C=CC=5OC6))),429.40104,429.40104,M00966A,A011,SANGUINARINE SULFATE,VIADENT,"antineoplastic, antiplaque agent, Sanguinaria canadensis"
YU034196,2,Microsource,1501142,Pharmakon 1600,80-32-0,ClC2(=NN=C(NS(=O)(=O)C1(=CC=C(N)C=C1))C=C2),284.72292,284.72292,M00966A,A012,SULFACHLORPYRIDAZINE,sulfachlorpyridazine,"antibacterial, synthetic"
YU226336,1,Microsource,1500377,Pharmakon 1600,6385-02-0,ClC2(=C(NC1(=C(C(=O)[O-])C=CC=C1))C(Cl)=CC=C2C).[Na+],318.12991,318.12991,M00966A,A013,MECLOFENAMATE SODIUM,MECLOMEN,"antiinflammatory, antipyretic, synthetic; Cl-583"
YU226380,1,Microsource,1502273,Pharmakon 1600,148408-66-6,O=C4(C2(C(C1(OC(=O)C)(C(OC1)CC2O))C(OC(=O)C3(=CC=CC=C3))C5(O)(CC(C(=C(C4O)C5(C)(C))C)OC(=O)C(O)C(NC(=O)OC(C)(C)C)C6(=CC=CC=C6)))(C)).O.O.O,861.9251,861.9251,M00966A,A014,DOCETAXEL,TAXOTERE,"antineoplastic, synthetic; RP-56976"
YU226337,1,Microsource,1500380,Pharmakon 1600,2668-66-8,O=C4(C=C2(C(C1(C(O)CC3(C(C(=O)C)CCC3(C1CC2C))(C)))(C)CC4)),344.48768,344.48768,M00966A,A015,MEDRYSONE,medrysone,"glucocorticoid, semisynthetic; U-8471, NSC-63278"
YU034198,4,Microsource,1501144,Pharmakon 1600,122-11-2,S(=O)(=O)(NC1(=NC(OC)=NC(=C1)OC))C2(=CC=C(N)C=C2),310.33012,310.33012,M00966A,A016,SULFADIMETHOXINE,sulfadimethoxine,"antibacterial, synthetic"
YU226338,1,Microsource,1500381,Pharmakon 1600,"595-33-5, 3562-63-8 [megestrol]",O=C3(C=C2(C(=CC4(C1(C(C(OC(=O)C)(C(=O)C)CC1)(C)CCC4(C2(C)CC3))))C)),384.50848,384.50848,M00966A,A017,MEGESTROL ACETATE,MEGACE,"progestogen, antineoplastic, semisynthetic; BDH-1298, SC-10363, 5071"
YU034201,2,Microsource,1501147,Pharmakon 1600,1220-83-3,S(=O)(=O)(NC1(=NC=NC(=C1)OC))C2(=CC=C(N)C=C2),280.30414,280.30414,M00966A,A018,SULFAMONOMETHOXINE,sulfamonomethoxine,"antibacterial, synthetic; DJ-1550"
YU033890,3,Microsource,1500382,Pharmakon 1600,148-82-3,ClCCN(C1(=CC=C(CC(N)C(=O)O)C=C1))CCCl,305.1997,305.1997,M00966A,A019,MELPHALAN,ALKERAN,"antineoplastic, alkylating agent, synthetic"
YU221401,3,Microsource,1502274,Pharmakon 1600,184475-35-2,ClC1(=C(F)C=CC(=C1)NC2(=NC=NC=4(C2=CC(OCCCN3(CCOCC3))=C(C=4)OC))),446.9022232,446.9022232,M00966A,A020,GEFITINIB,gefitinib,"antineoplastic, synthetic; ZD-1839"
YU155446,2,Microsource,330001,Pharmakon 1600,50-76-0,O=C1(N7(C(C(=O)N(CC(=O)N(C)C(C(NC(C(NC1C(C)C)=O)C(OC(=O)C2(=C(N)C(=O)C(C)=C6(C2=NC3(=C(C(=CC=C3C(=O)OC(C4(NC(=O)C(N(C(=O)CN(C)C(C5(N(C(C(NC4=O)C(C)C)=O)CCC5))=O)C)C(C)C))C)C)O6))))C)=O)C(C)C)C)CCC7)),1255.41752,1255.41752,M00966A,A021,DACTINOMYCIN,COSMEGEN,"antineoplastic, intercalating agent, Actinomyces spp; NSC-3053"
YU226381,1,Microsource,1502275,Pharmakon 1600,863127-77-9,ClC4(=C(NC(=O)C=3(SC(NC1(=NC(=NC(=C1)N2(CCN(CCO)CC2))C))=NC=3))C(=CC=C4)C).O,506.0218,506.0218,M00966A,A022,DASATINIB,dasatinib,"antineoplastic, synthetic; BMS-354825-03"
YU226421,1,Microsource,1502359,Pharmakon 1600,91296-86-5,Cl.FC3(=C(N1(CCN(C)CC1))C=C4(N(C2(=CC=C(F)C=C2))C=C(C(C4(=C3))=O)C(=O)O)),435.85143,435.8514264,M00966A,B003,DIFLOXACIN HYDROCHLORIDE,DICURAL,"antibacterial, DNA gyrase inhibitor, synthetic; Abbott-56619"
YU033805,2,Microsource,1503892,Pharmakon 1600,586-60-7,O=C(C1(=CC=C(OCCCC)C=C1))CCN2(CCCCC2),289.41252,289.41252,M00966A,B004,DYCLONINE HYDROCHLORIDE,DYCLONE,"anesthetic (local), synthetic"
YU226422,1,Microsource,1500145,Pharmakon 1600,2152-44-5,FC23(C1(C(=CC(=O)C=C1)CCC2C4(CC(C)C(C4(CC3O)(C))(OC(=O)CCCC)C(=O)CO))(C)),476.57748,476.5774832,M00966A,B005,BETAMETHASONE VALERATE,BETA-VAL,"glucocorticoid, semisynthetic"
YU226468,1,Microsource,307023,Pharmakon 1600,58-22-0,O=C4(C=C3(C(C2(C(C1(C(C(O)CC1)(C)CC2))CC3))(C)CC4)),288.42442,288.42442,M00966A,B006,TESTOSTERONE,testosterone,"androgen, antineoplastic, mamallian male hormone"
YU033814,2,Microsource,1500280,Pharmakon 1600,114-07-8,O=C1(OC(C(O)(C(O)C(C(=O)C(C)CC(C(C(C(C1C)OC2(OC(C(O)C(C2)(OC)C)C))C)OC3(OC(CC(C3O)N(C)C)C))(O)C)C)C)CC),733.92682,733.92682,M00966A,B007,ERYTHROMYCIN,erythromycin,"antibacterial, Streptomyces erythreus"
YU226469,1,Microsource,1502355,Pharmakon 1600,797-63-7,O=C4(C=C3(C(C2(C(C1(C(C(O)(C#C)CC1)(CC)CC2))CC3))CC4)),312.44582,312.44582,M00966A,B008,LEVONORGESTREL,levonorgestrel,"progestin, synthetic;WY-5104"
YU039798,3,Microsource,1505973,Pharmakon 1600,41354-29-4,Cl.N4(CCC(=C1(C3(=C(C=CC2(=C1C=CC=C2))C=CC=C3)))CC4)(C),323.85882,323.85882,M00966A,B009,CYPROHEPTADINE HYDROCHLORIDE,cyproheptadine,"H1-antihistamine, antipruritic, synthetic"
YU033663,3,Microsource,310039,Pharmakon 1600,59-02-9,O2(C1(=C(C(=C(O)C(=C1C)C)C)CCC2(CCCC(CCCC(CCCC(C)C)C)C)C)),430.7061,430.7061,M00966A,B010,alpha-TOCHOPHEROL,,"vitamin E, antioxidant, soya, wheat germ and other plant oils"
YU226423,1,Microsource,1500778,Pharmakon 1600,6893-02-03 00:00:00,IC2(=C(OC1(=CC(I)=C(O)C=C1))C(I)=CC(=C2)CC(N)C(=O)O),650.97353,650.97353,M00966A,B011,LIOTHYRONINE,,"thyroid hormone blocker, antidepressant, semisynthetic"
YU033664,3,Microsource,310040,Pharmakon 1600,58-95-7,O=C(OC2(=C(C1(=C(OC(CCCC(CCCC(CCCC(C)C)C)C)(C)CC1)C(=C2C)C))C))C,472.74278,472.74278,M00966A,B012,alpha-TOCHOPHERYL ACETATE,EPHYNAL,"vitamin E, derivative"
YU034021,4,Microsource,1500568,Pharmakon 1600,"5967-84-0, 58-55-9 [anhydrous]",O=C1(N(C(=O)C=2(NC=NC=2(N1C)))C),180.16418,180.16418,M00966A,B013,THEOPHYLLINE,ELIXOPHYLLIN,"bronchodilator, Camelia thea, Paullinia cupana"
YU226470,1,Microsource,1505715,Pharmakon 1600,63409-48-3,[Na+].O=C(NCCC(=O)[O-])C(O)C(CO)(C)C,241.21685,241.21685,M00966A,B014,PANTOTHENIC ACID(d) Na salt,,"vitamin B5 , rice bran, queen bee jelly"
YU006826,3,Microsource,1500583,Pharmakon 1600,2398-96-1,S=C(OC2(=CC=1(C(=CC=CC=1)C=C2)))N(C3(=CC(=CC=C3)C))C,307.41042,307.41042,M00966A,B015,TOLNAFTATE,tolnaftate,"antifungal, synthetic; SCH-10144"
YU226471,1,Microsource,330002,Pharmakon 1600,50-07-7,O=C1(C(=C(N)C(=O)C4(=C1N2(C(OC)(C3(NC3(C2)))C4COC(=O)N)))C),334.32738,334.32738,M00966A,B016,MITOMYCIN,MUTAMYCIN,"antineoplastic, Streptomyces verticillatus; NSC-26980"
YU226424,1,Microsource,1500594,Pharmakon 1600,"554-92-7, 138-56-7 [trimethobenzamide]",Cl.O=C(NCC1(=CC=C(OCCN(C)C)C=C1))C2(=CC(OC)=C(OC)C(=C2)OC),424.91814,424.91814,M00966A,B017,TRIMETHOBENZAMIDE HYDROCHLORIDE,trimethobenzamide,"antiemetic, synthetic"
YU226472,1,Microsource,1505777,Pharmakon 1600,117-96-4,IC1(=C(NC(=O)C)C(I)=C(C(=O)O)C(=C1NC(=O)C)I),613.91365,613.91365,M00966A,B018,DIATRIZOIC ACID,UROVIST,"radiopaque agent, synthetic"
YU226425,1,Microsource,1502041,Pharmakon 1600,"42540-40-9, 34444-01-4 [cefamandole]",S1(C3(N(C(C(=O)[O-])=C(C1)CSC2(=NN=NN2C))C(=O)C3NC(=O)C(OC=O)C4(=CC=CC=C4))).[Na+],512.49689,512.49689,M00966A,B019,CEFAMANDOLE NAFATE,MANDOL,"antibacterial, semisynthetic"
YU226473,1,Microsource,1500448,Pharmakon 1600,"7240-38-2, 1173-88-2 [anhydrous], 66-79-5 [oxacillin]",S1(C(C(C(=O)[O-])N4(C1C(NC(=O)C=2(C(=NOC=2C)C3(=CC=CC=C3)))C4=O))(C)C).[Na+],423.41921,423.41921,M00966A,B020,OXACILLIN SODIUM,BACTOCILL,"antibacterial, semisynthetic; P-12, SQ-16423"
YU226426,1,Microsource,1506154,Pharmakon 1600,624-49-7,O=C(OC)C=CC(=O)OC,144.12532,144.12532,M00966A,B021,DIMETHYL FUMARATE,,"immunomodulator, synthetic; AZL-O-211089"
YU033670,4,Microsource,330082,Pharmakon 1600,53-19-0,ClC1(=C(C=CC=C1)C(C2(=CC=C(Cl)C=C2))C(Cl)Cl),320.04,320.04,M00966A,B022,MITOTANE,mitotane,"insecticide, antineoplastic, synthetic; CB-313"
YU033893,2,Microsource,1500390,Pharmakon 1600,"586-06-1, 5874-97-5 [metaproterenol sulfate]",OC1(=CC(O)=CC(=C1)C(O)CNC(C)C),211.25762,211.25762,M00966A,C003,METAPROTERENOL,orciprenaline,"bronchodilator, synthetic"
YU034204,2,Microsource,1501150,Pharmakon 1600,15676-16-1,S(=O)(=O)(N)C1(=CC(=C(OC)C=C1)C(=O)NCC2(CN(CC)CC2)),341.42694,341.42694,M00966A,C004,SULPIRIDE,DOGMATYL,"dopamine receptor antagonist, antipsychotic, synthetic"
YU155458,2,Microsource,1300030,Pharmakon 1600,86227-47-6,O=C(OCC)CCCC=CCC=CCC=CCC=CCC=CCC,330.50416,330.50416,M00966A,C005,OMEGA-3-ACID ESTERS (EPA shown),LOVAZA,"hypolipidemic, semisynthetic; K-85"
YU226382,1,Microsource,1502318,Pharmakon 1600,144598-74-4,FC2(=CC=1(ON=C(C=1C=C2)C5(CCN(CCC=4(C(=O)N3(C(C(O)CCC3)=NC=4C)))CC5))),426.4840432,426.4840432,M00966A,C006,PALIPERIDONE,paliperidone,"schizopheria therapy, synthetic"
YU225252,2,Microsource,1500396,Pharmakon 1600,60-56-0,S=C1(N(C=CN1)C),114.16992,114.16992,M00966A,C007,METHIMAZOLE,thiamazole,"antihyperthyroid, synthetic"
YU034207,2,Microsource,1501153,Pharmakon 1600,54063-56-8,S(C1(=CC=C(C(O)C(NCCCCCCCC)C)C=C1))C(C)C,337.56404,337.56404,M00966A,C008,SULOCTIDIL,,"peripheral vasodilator, synthetic; MJF-12637, CP-556S"
YU033898,2,Microsource,1500397,Pharmakon 1600,532-03-6,O=C(OCC(O)COC1(=C(OC)C=CC=C1))N,241.24054,241.24054,M00966A,C009,METHOCARBAMOL,methocarbamol,"muscle relaxant (skeletal), synthetic"
YU226383,1,Microsource,1505817,Pharmakon 1600,196597-26-9,O=C(NCCC3(C2(=C1(C(OCC1)=CC=C2CC3))))CC,259.34348,259.34348,M00966A,C010,RAMELTEON,ramelteon,"melatonin receptor agonist, synthetic; TAK-375; M-II"
YU226339,1,Microsource,1500398,Pharmakon 1600,60388-53-6,O=C(NC(C(=O)O)CCC(=O)O)C3(=CC=C(N(CC2(=NC=1(C(=NC(N)=NC=1N)N=C2)))C)C=C3),454.4396,454.4396,M00966A,C011,METHOTREXATE(+/-),RHEUMATREX,"antineoplastic, antirheumatic, folic acid antagonist, synthetic; amethopterin, CL-14377"
YU034209,2,Microsource,1501155,Pharmakon 1600,651-06-9,S(=O)(=O)(NC1(=NC=C(OC)C=N1))C2(=CC=C(N)C=C2),280.30414,280.30414,M00966A,C012,SULFAMETER,sulfametoxydiazine,"antibacterial, synthetic; AHR-857"
YU226340,1,Microsource,1500399,Pharmakon 1600,"61-16-5, 390-28-3 [methoxamine]",Cl.O(C1(=C(C=C(OC)C=C1)C(O)C(N)C))C,247.71826,247.71826,M00966A,C013,METHOXAMINE HYDROCHLORIDE,methoxamine,"alpha1 adrenoreceptor agonist, vasoconstrictor, synthetic"
YU034210,2,Microsource,1501156,Pharmakon 1600,80-35-3,S(=O)(=O)(NC1(=NN=C(OC)C=C1))C2(=CC=C(N)C=C2),280.30414,280.30414,M00966A,C014,SULFAMETHOXYPYRIDAZINE,sulfamethoxypyridazine,"antibacterial, synthetic"
YU220984,3,Microsource,1505024,Pharmakon 1600,132539-06-1,S3(C=2(NC1(=C(C=CC=C1)N=C(C=2C=C3C)N4(CCN(C)CC4)))),312.43366,312.43366,M00966A,C015,OLANZAPINE,ZYPREXA,"antipsychotic, synthetic; LY-170053"
YU039628,3,Microsource,1504283,Pharmakon 1600,112111-43-0,S(=O)(C(C1(=CC=CC=C1))C2(=CC=CC=C2))CC(=O)N,273.35114,273.35114,M00966A,C016,ARMODAFINIL,armodafinil,"analeptic, synthetic; R-enatiomer of modafinil (01505361)"
YU226341,1,Microsource,1502341,Pharmakon 1600,89786-04-9,S1(=O)(=O)(C(C(C(=O)O)N2(C1CC2=O))(CN3(N=NC=C3))C),300.29224,300.29224,M00966A,C017,TAZOBACTAM,TAZOCIN,"b-lactamase inhibitor, semisynthetic; YTR-830H"
YU034215,2,Microsource,1501171,Pharmakon 1600,81-07-2,S1(=O)(=O)(NC(=O)C2(=C1C=CC=C2)),183.18554,183.18554,M00966A,C018,SACCHARIN,GARANTOSE,"sweetener, synthetic"
YU226342,1,Microsource,1502374,Pharmakon 1600,147511-69-1,[Ca+2].FC4(=CC=C(C=1(C=3(C(N=C(C=1C=CC(O)CC(O)CC(=O)[O-])C2(CC2))=CC=CC=3)))C=C4),460.53086,460.5308632,M00966A,C019,PITAVASTATIN CALCIUM,LIVALO,"HMGA reductase inhibitor, synthetic"
YU226384,1,Microsource,1505458,Pharmakon 1600,86-34-0,O=C1(N(C(=O)CC1C2(=CC=CC=C2))C),189.21058,189.21058,M00966A,C020,PHENSUCCIMIDE,phensuximide,"anticonvulsant, synthetic"
YU226343,1,Microsource,1500406,Pharmakon 1600,83-43-2,O=C4(C=C2(C(C1(C(O)CC3(C(O)(C(=O)CO)CCC3(C1CC2C))(C)))(C)C=C4)),374.4706,374.4706,M00966A,C021,METHYLPREDNISOLONE,methylprednisolone,"glucocorticoid, semisynthetic; U-67590A"
YU226385,1,Microsource,1501175,Pharmakon 1600,1524-88-5,FC2(C1(=CC(=O)CCC1(C3(C(O)CC4(C(C3(C2))CC5(OC(OC45(C(=O)CO))(C)C))(C)))C)),436.5136232,436.5136232,M00966A,C022,FLURANDRENOLIDE,fludroxycortide,"antiinflammatory, semisynthetic; 33379"
YU034309,2,Microsource,1502195,Pharmakon 1600,7491-74-9,O=C1(N(CCC1)CC(=O)N),142.15588,142.15588,M00966A,D003,PIRACETAM,piracetam,"antinauseant, synthetic; CL-871; UCB-6215"
YU033794,2,Microsource,1500252,Pharmakon 1600,59-52-9,SC(CS)CO,124.22702,124.22702,M00966A,D004,DIMERCAPROL,dimercaprol,"chelating agent (As, Au, Hg antidote), synthetic"
YU034357,2,Microsource,1503092,Pharmakon 1600,90-80-2,O=C1(OC(C(O)C(C1O)O)CO),178.14,178.14,M00966A,D005,GLUCONOLACTONE,,"chelating agent, synthetic"
YU226474,1,Microsource,1505656,Pharmakon 1600,16485-10-2,O=C(NCCCO)C(O)C(CO)(C)C,205.2515,205.2515,M00966A,D006,PANTHENOL (dl),panthenol,"vitamin B5 precursor, radioprotectant, antimalarial, various plants"
YU226427,1,Microsource,1503101,Pharmakon 1600,37091-66-0,S1(C(C(C(=O)[O-])N4(C1C(NC(=O)C(NC(=O)N2(C(=O)NCC2))C3(=CC=CC=C3))C4=O))(C)C).[Na+],483.47455,483.47455,M00966A,D007,AZLOCILLIN SODIUM,AZLIN,"antibacterial, semisynthetic"
YU226475,1,Microsource,1505485,Pharmakon 1600,84-80-0,O=C1(C2(=C(C(=O)C(=C1CC=C(CCCC(CCCC(CCCC(C)C)C)C)C)C)C=CC=C2)),450.69574,450.69574,M00966A,D008,PHYTONADIONE,AQUAMEPHYTON,"vitamin K1, semisynthetic"
YU226428,1,Microsource,1503428,Pharmakon 1600,"67-48-1, 62-49-7 [choline]",[Cl-].OCC[N+](C)(C)C,139.6235,139.6235,M00966A,D009,CHOLINE CHLORIDE,choline chloride,"choleretic, lipotropic, hepatoprotectant, widespread in the plant and animal kingdoms"
YU221555,2,Microsource,1502345,Pharmakon 1600,66-22-8,O=C1(NC(=O)C=CN1),112.08684,112.08684,M00966A,D010,URACIL,,"antineoplastic, synthetic; SQ-6201"
YU226429,1,Microsource,1503722,Pharmakon 1600,"134523-03-8, 134523-00-5 [atorvastatin]",[Ca+2].FC4(=CC=C(C=1(N(C(C(C)C)=C(C=1C2(=CC=CC=C2))C(=O)C3(=CC=CC=C3))CCC(O)CC(O)CC(=O)[O-]))C=C4),582.69526,582.6952632,M00966A,D011,ATORVASTATIN CALCIUM,LIPITOR,"antihyperlipidemic, HMGCoA reductase inhibitor, synthetic"
YU226476,1,Microsource,1505348,Pharmakon 1600,1744-22-5,S1(C(=NC2(=C1C=C(OC(F)(F)F)C=C2))N),234.19939,234.1993896,M00966A,D012,RILUZOLE,RILUTEK,"anticonvulsant, glutamate release inhibitor, anti-ALS, synthetic; PK-26124, RP-54274"
YU226430,1,Microsource,1503932,Pharmakon 1600,"125-52-0, 125-53-1 [oxyphencyclimine]",Cl.O=C(OCC1(=NCCCN1C))C(O)(C2(=CC=CC=C2))C3(CCCCC3),380.90864,380.90864,M00966A,D013,OXYPHENCYCLIMINE HYDROCHLORIDE,DARICON,"anticholinergic, synthetic"
YU226477,1,Microsource,1503864,Pharmakon 1600,104-31-4,O=C(OCCOCCOCCOCCOCCOCCOCCOCCOCCOC)C1(=CC=C(NCCCC)C=C1),603.74196,603.74196,M00966A,D014,BENZONATATE,benzonatate,DB00868
YU226431,1,Microsource,1503935,Pharmakon 1600,"34183-22-7, 54063-53-5 [propafenone]",Cl.O=C(C1(=C(OCC(O)CNCCC)C=CC=C1))CCC2(=CC=CC=C2),377.90466,377.90466,M00966A,D015,PROPAFENONE HYDROCHLORIDE,propafenone,"antiarrhythmic, synthetic"
YU033675,2,Microsource,1500102,Pharmakon 1600,59-66-5,S(=O)(=O)(N)C=1(SC(NC(=O)C)=NN=1),222.2476,222.2476,M00966A,D016,ACETAZOLAMIDE,acetazolamide,"carbonic anhydrase inhibitor, diuretic, antiglaucoma, synthetic; 6063"
YU033626,3,Microsource,1503975,Pharmakon 1600,86386-73-4,FC1(=C(C=CC(=C1)F)C(O)(CN2(N=CN=C2))CN3(N=CN=C3)),306.2710264,306.27103,M00966A,D017,FLUCONAZOLE,fluconazole,"antifungal, synthetic"
YU033676,2,Microsource,1500103,Pharmakon 1600,546-88-3,O=C(NO)C,75.06664,75.06664,M00966A,D018,ACETOHYDROXAMIC ACID,acetohydroxamic acid,"urease inhibitor, antiurolithic, antbacterial, synthetic"
YU225052,2,Microsource,1503977,Pharmakon 1600,75330-75-5,O=C1(OC(CC(C1)O)CCC2(C3(C(C=CC2C)=CC(C)CC3OC(=O)C(CC)C))),404.53964,404.53964,M00966A,D019,LOVASTATIN,lovastatin,"antihyperlipidemic, HMGCoA reductase inhibitor, Aspergillus spp; mevinolin"
YU226478,1,Microsource,1500104,Pharmakon 1600,"60-31-1, 51-84-3 [acetylcholine]",[Cl-].O=C(OCC[N+](C)(C)C)C,181.66018,181.66018,M00966A,D020,ACETYLCHOLINE CHLORIDE,acetylcholine chloride,"cholinergic, antiarrhythmic, miotic, vasodilator (peripheral), synthetic"
YU226432,1,Microsource,1503692,Pharmakon 1600,"9041-93-4, 11056-06-7 [bleomycin]",S(=O)(=O)(O)O.S(=O)(=O)(O)O.S1(C(=NC(=C1)C(=O)NCCCCNC(=N)N)C=6(N=C(CCNC(=O)C(NC(=O)C(C(O)C(NC(=O)C(NC(=O)C2(=NC(=NC(=C2C)N)C(NCC(N)C(=O)N)CC(=O)N))C(OC3(OC(C(C)C(C3OC4(OC(C(O)C(C4O)OC(=O)N)CO))C)CC))C=5(N=CNC=5))C)C)C(O)C)SC=6)),1615.75016,1615.75016,M00966A,D021,BLEOMYCIN (bleomycin B2 shown),BLENOXANE,"antineoplastic, [Bleocin (TM) 3.5% Cu]; Streptomyces verticillis"
YU226479,1,Microsource,1500105,Pharmakon 1600,616-91-1,SCC(NC(=O)C)C(=O)O,163.1959,163.1959,M00966A,D022,ACETYLCYSTEINE,acetylcysteine,"mucolytic, synthetic"
YU033909,5,Microsource,1500412,Pharmakon 1600,"443-48-1, 69198-10-3 [metronidazole hydrochloride]",O=[N+]([O-])C=1(N(C(C)=NC=1)CCO),171.15408,171.15408,M00966A,E003,METRONIDAZOLE,metronidazole,"antiprotozoal, synthetic; Bay-5360, RP-8823"
YU226386,1,Microsource,1503874,Pharmakon 1600,3819-00-9,S2(C4(=C(N(CCCN1(CCC(CCO)CC1))C3(=C2C=CC=C3))C=C(C(=O)C)C=C4)),410.57328,410.57328,M00966A,E004,PIPERACETAZINE,piperacetazine,"antipsychotic, synthetic; PC-1421"
YU226344,1,Microsource,1501021,Pharmakon 1600,"5053-08-7, 5053-06-5 [fenspiride]",Cl.O=C3(OC2(CCN(CCC1(=CC=CC=C1))CC2)(CN3)),296.79222,296.79222,M00966A,E005,FENSPIRIDE HYDROCHLORIDE,VIARESPAN,"antiinflammatory, bronchodilator, synthetic; NAT-333, NDR-5998A"
YU039793,4,Microsource,1502357,Pharmakon 1600,21498-08-8,ClC2(=C(OC(C1(=NCCN1))C)C(Cl)=CC=C2).Cl,295.5919,295.5919,M00966A,E006,LOFEXIDINE  HYDROCHLORIDE,BRITLOFEX,"antihypertensive, synthetic;MDL-14042"
YU033912,3,Microsource,1500415,Pharmakon 1600,38304-91-5,[O-][N+]2(=C(N=C(N1(CCCCC1))C=C2N)N),209.2485,209.2485,M00966A,E007,MINOXIDIL,minoxidil,"antihypertensive, antialopecia agent, synthetic; U-10858"
YU226387,1,Microsource,1501187,Pharmakon 1600,"77326-96-6, 3385-03-3",FC2(C1(=CC(=O)C=CC1(C3(C(O)CC4(C(C3(C2))CC5(OC(OC45(C(=O)CO))(C)C))(C)))C)),434.49774,434.4977432,M00966A,E008,FLUNISOLIDE,AEROBID,"antiinflammatory, semisynthetic; RS-3999"
YU226345,1,Microsource,1501108,Pharmakon 1600,1227-61-8,Cl.O=C(NCCN(CC)CC)COC1(=CC=C(OC)C=C1),316.82338,316.82338,M00966A,E009,MEFEXAMIDE HYDROCHLORIDE,,"CNS stimulant, synthetic"
YU226388,1,Microsource,1501196,Pharmakon 1600,2135-17-3,FC23(C1(C(=CC(=O)C=C1)C(F)CC2C4(CC(C)C(C4(CC3O)(C))(O)C(=O)CO))(C)),410.4515264,410.4515264,M00966A,E010,FLUMETHASONE,flumetasone,"antiinflammatory, semisynthetic; U-10974"
YU226346,1,Microsource,1505396,Pharmakon 1600,2321-07-05 00:00:00,O=C4(OC1(C3(=C(OC2(=C1C=CC(=C2)O))C=C(O)C=C3))(C5(=C4C=CC=C5))),332.30628,332.30628,M00966A,E011,FLUORESCEIN,FUNDUSCEIN,"corneal trama indicator, synthetic"
YU225028,2,Microsource,1501200,Pharmakon 1600,"23076-35-9, 7361-61-7 [xylazine]",S1(C(=NCCC1)NC2(=C(C=CC=C2C)C)),220.33492,220.33492,M00966A,E012,XYLAZINE,xylazine,"analgesic, synthetic"
YU226347,1,Microsource,1505420,Pharmakon 1600,81-13-0,O=C(NCCCO)C(O)C(CO)(C)C,205.2515,205.2515,M00966A,E013,DEXPANTHENOL,dexpanthenol,DB09357
YU034235,4,Microsource,1501201,Pharmakon 1600,1156-19-0,S(=O)(=O)(NC(=O)NN1(CCCCCC1))C2(=CC=C(C)C=C2),311.40096,311.40096,M00966A,E014,TOLAZAMIDE,tolazamide,"antidiabetic, synthetic; U-17835"
YU226348,1,Microsource,1505399,Pharmakon 1600,1508-65-2,Cl.O=C(OCC#CCN(CC)CC)C(O)(C1(=CC=CC=C1))C2(CCCCC2),393.94712,393.94712,M00966A,E015,OXYBUTYNIN CHLORIDE,DITROPAN,"anticholinergic, synthetic; MJ-4309-1, 5058"
YU225083,2,Microsource,1501202,Pharmakon 1600,"357-70-0, 1953-04-4 [hydrobromide]",O2(C1(=C(OC)C=CC4(=C1C3(C2CC(O)C=C3)(CCN(C4)C)))),287.35358,287.35358,M00966A,E016,GALANTAMINE,galantamine,"anticholinesterase, analgesic, antiAlzheimer, Galanthus, Narcissus and other Lillaceae"
YU226349,1,Microsource,1505519,Pharmakon 1600,51781-21-6,Cl.O=C2(NC1(=C(C(OCC(O)CNC(C)(C)C)=CC=C1)CC2)),328.83408,328.83408,M00966A,E017,CARTEOLOL HYDROCHLORIDE,CARTROL,"beta-adrenergic blocker, synthetic; OPC-1085"
YU226389,1,Microsource,1506183,Pharmakon 1600,503-49-1,O=C(O)CC(O)(CC(=O)O)C,162.1406,162.1406,M00966A,E018,MEGLUTOL,meglutol,"antihyperlipoproteinemia, synthesis; CB-337"
YU226350,1,Microsource,1505572,Pharmakon 1600,550-83-4,Cl.O=C(OCCN(CC)CC)C1(=C(OCCC)C=C(N)C=C1),330.84996,330.84996,M00966A,E019,PROPOXYCAINE HYDROCHLORIDE,BLOCKAIN,"local anesthetic, synthetic"
YU226390,1,Microsource,1502281,Pharmakon 1600,129453-61-8,S(=O)(CCCC(F)(F)C(F)(F)F)CCCCCCCCCC1(C3(C(C=2(C=CC(=CC=2(C1))O))CCC4(C3CCC4O)(C))),606.7718,606.771796,M00966A,E020,FULVESTRANT,FASLODEX,"antiestrogen, synthetic; ICI-182780, ZD-9238"
YU033918,4,Microsource,1500425,Pharmakon 1600,22204-53-1,O=C(O)C(C2(=CC=1(C(=CC(OC)=CC=1)C=C2)))C,230.25916,230.25916,M00966A,E021,NAPROXEN(+),ALEVE,"antiinflammatory, analgesic, antipyretic, synthetic; RS-3650"
YU034241,3,Microsource,1501215,Pharmakon 1600,22071-15-4,O=C(C1(=CC(=CC=C1)C(C(=O)O)C))C2(=CC=CC=C2),254.28056,254.28056,M00966A,E022,KETOPROFEN,ketoprofen,"antiinflammatory, synthetic; RP-19583"
YU226433,1,Microsource,1506104,Pharmakon 1600,55589-62-3,[K+].S1(=O)(=O)(OC(=CC([N-]1)=O)C),201.2432,201.2432,M00966A,F003,ACESULFAME POTASSIUM,SUNETT,"sweetener, synthetic"
YU226480,1,Microsource,1500107,Pharmakon 1600,58-61-7,O3(C(N2(C1(=NC=NC(=C1N=C2)N)))C(O)C(C3CO)O),267.24152,267.24152,M00966A,F004,ADENOSINE,ADENOCARD,"antiarrhythmic, cardiac depressant , widespread in living tissue"
YU226434,1,Microsource,1504094,Pharmakon 1600,29767-20-2,S1(C(=CC=C1)C8(OC7(C(O)C(O)C(OC5(C2(=C(C=C3(OCOC3(=C2)))C(C4(=CC(OC)=C(O)C(=C4)OC))C6(C5COC6=O))))OC7CO8))),656.65468,656.65468,M00966A,F005,TENIPOSIDE,VUMON,"antineoplastic, semisynthetic; VM-26"
YU221347,2,Microsource,1500108,Pharmakon 1600,315-30-0,O=C1(NC=NC2(=C1C=NN2)),136.11162,136.11162,M00966A,F006,ALLOPURINOL,ZYLOPRIM,"antihyperuricemia, antigout,  antiurolithic, synthetic"
YU034398,2,Microsource,1504105,Pharmakon 1600,1401-55-4,O=C(OC1(=C(O)C(O)=CC(=C1)C(=O)OC4(OC(C(OC(=O)C3(=CC(OC(=O)C2(=CC(O)=C(O)C(=C2)O))=C(O)C(=C3)O))C(C4OC(=O)C6(=CC(OC(=O)C5(=CC(O)=C(O)C(=C5)O))=C(O)C(=C6)O))OC(=O)C8(=CC(OC(=O)C7(=CC(O)=C(O)C(=C7)O))=C(O)C(=C8)O))COC(=O)C%10(=CC(OC(=O)C9(=CC(O)=C(O)C(=C9)O))=C(O)C(=C%10)O))))C%11(=CC(O)=C(O)C(=C%11)O),1701.19848,1701.19848,M00966A,F007,TANNIC ACID,,"nonspecific enzyme/receptor blocker, principal constituent of tree galls, esp Quercus spp;"
YU226481,1,Microsource,1500109,Pharmakon 1600,"5560-59-8, 150-59-4 [alverine]",O=C(O)C(O)(CC(=O)O)CC(=O)O.N(CCCC1(=CC=CC=C1))(CCCC2(=CC=CC=C2))CC,473.55864,473.55864,M00966A,F008,ALVERINE CITRATE,SPASMAVERINE,"anticholinergic, synthetic"
YU226435,1,Microsource,1502006,Pharmakon 1600,53716-49-7,ClC3(=CC1(=C(NC2(=C1C=CC(=C2)C(C(=O)O)C))C=C3)),273.71402,273.71402,M00966A,F009,CARPROFEN,carprofen,DB00821
YU224144,2,Microsource,1500110,Pharmakon 1600,"665-66-7, 768-94-5 [amantadine]",Cl.NC12(CC3(CC(C1)CC(C2)C3)),187.70936,187.70936,M00966A,F010,AMANTADINE HYDROCHLORIDE,SYMADINE,"antiviral, antiparkinsonian; treatment of drug-induced extrapyrimidal reactions, synthetic"
YU226436,1,Microsource,1503978,Pharmakon 1600,"747-36-4, 118-42-3 [hydroxychloroquine]",ClC2(=CC1(=NC=CC(=C1C=C2)NC(CCCN(CCO)CC)C)).S(=O)(=O)(O)O,433.95084,433.95084,M00966A,F011,HYDROXYCHLOROQUINE SULFATE,PLAQUENIL,"antimalarial, lupus suppressant, synthetic"
YU226482,1,Microsource,1500111,Pharmakon 1600,"39831-55-5, 37517-28-5 [amikacin]",S(=O)(=O)(O)O.S(=O)(=O)(O)O.O=C(NC3(C(OC1(OC(C(O)C(C1O)N)CO))C(O)C(OC2(OC(C(O)C(C2O)O)CN))C(C3)N))C(O)CCN,781.76168,781.76168,M00966A,F012,AMIKACIN SULFATE,amikacin,"antibacterial, semisynthetic"
YU039659,6,Microsource,1503611,Pharmakon 1600,6493-05-06 00:00:00,O=C1(N(C(=O)C=2(N(C)C=NC=2(N1C)))CCCCC(=O)C),278.30718,278.30718,M00966A,F013,PENTOXIFYLLINE,pentoxifylline,"PDE inhibitor, bronchodilator, vasodilator, synthetic; BL-191"
YU224095,2,Microsource,1500112,Pharmakon 1600,"17440-83-4, 2016-88-8 [anhydrous], 2609-46-3 [amiloride]",ClC1(=NC(=C(N)N=C1N)C(=O)NC(=N)N).Cl,266.08764,266.08764,M00966A,F014,AMILORIDE HYDROCHLORIDE,MIDAMOR,"Na+ channel inhibitor, diuretic, synthetic"
YU221060,2,Microsource,1504148,Pharmakon 1600,"1722-62-9, 96-88-8 [mepivacaine]",Cl.O=C(NC1(=C(C=CC=C1C)C))C2(N(CCCC2)C),282.8087,282.8087,M00966A,F015,MEPIVACAINE HYDROCHLORIDE,CARBOCAINE,"anesthetic (local), synthetic"
YU033686,2,Microsource,1500114,Pharmakon 1600,60-32-2,O=C(O)CCCCCN,131.17296,131.17296,M00966A,F016,AMINOCAPROIC ACID,AMICAR,"hemostatic, synthetic"
YU226437,1,Microsource,1504152,Pharmakon 1600,63612-50-0,FC(F)(F)C1(=C([N+](=O)[O-])C=CC(=C1)N2(C(=O)NC(C2=O)(C)C)),317.2208296,317.2208296,M00966A,F017,NILUTAMIDE,nilutamide,"antiandrogen, synthetic; RU-23908"
YU033687,3,Microsource,1500115,Pharmakon 1600,125-84-8,O=C1(NC(=O)CCC1(C2(=CC=C(N)C=C2))CC),232.27842,232.27842,M00966A,F018,AMINOGLUTETHIMIDE,aminoglutethimide,"aromatase inhibitor, antineoplastic, testosterone suppressant, synthetic"
YU221379,2,Microsource,1504184,Pharmakon 1600,5451-09-02 00:00:00,Cl.O=C(O)CCC(=O)CN,167.59054,167.59054,M00966A,F019,AMINOLEVULINIC ACID HYDROCHLORIDE,LEVULAN,"antineoplastic, synthetic"
YU226483,1,Microsource,1500116,Pharmakon 1600,6018-19-5,[Na+].O=C([O-])C1(=C(O)C=C(N)C=C1),175.11725,175.11725,M00966A,F020,AMINOSALICYLATE SODIUM,PAMISYL SODIUM,"antibacterial, tuberculostatic, synthetic"
YU034350,3,Microsource,1503078,Pharmakon 1600,72432-10-1,O=C2(N(C(=O)C1(=CC=C(OC)C=C1))CCC2),219.23656,219.23656,M00966A,F021,ANIRACETAM,aniracetam,"cognitive enhancer, synthetic; Ro-13-5057"
YU225229,2,Microsource,1500117,Pharmakon 1600,549-18-8,Cl.N(CCC=C2(C1(=C(C=CC=C1)CCC3(=C2C=CC=C3))))(C)C,313.864,313.864,M00966A,F022,AMITRIPTYLINE HYDROCHLORIDE,amitriptyline,"antidepressant, synthetic"
YU226351,1,Microsource,1500611,Pharmakon 1600,"143-67-9, 865-21-4 [vinblastine]",S(=O)(=O)(O)O.O=C(OC)C7(C1(=C(OC)C=C2(N(C)C4(C5(C2(=C1))(C3(N(CC=CC3(CC)C(C4(O)C(=O)OC)OC(=O)C)CC5))))))(C=6(NC=9(C=CC=CC=9(C=6CCN8(CC(C7)CC(O)(CC)C8))))),909.05376,909.05376,M00966A,G003,VINBLASTINE SULFATE,VELBAN,"antineoplastic, spindle poison, Vinca rosea"
YU034242,3,Microsource,1501217,Pharmakon 1600,"83915-83-7, 76547-98-3 [anhydrous]",O=C(O)C2(N(C(=O)C(NC(C(=O)O)CCC1(=CC=CC=C1))CCCCN)CCC2),405.48806,405.48806,M00966A,G004,LISINOPRIL,ZESTRIL,"ACE inhibitor, synthetic"
YU226352,1,Microsource,1502424,Pharmakon 1600,6971256-7,S1(C3(N(C(C(=O)O)=C(C1)CSC2(=NN=NN2C))C(=O)C3(OC)NC(=O)C4(SC(=C(C(=O)O)C(=O)N)S4))),575.62326,575.62326,M00966A,G005,CEFOTETAN,CEFOTAN,"antibacterial, semisynthetic; ICI-156834"
YU226391,1,Microsource,1503900,Pharmakon 1600,593282-20-3,S(=O)(=O)(O)C.O=C(OCCCCCC)N=C(N)C4(=CC=C(NCC2(=NC=3(C=C(C(=O)N(C1(=NC=CC=C1))CCC(=O)OCC)C=CC=3(N2C))))C=C4),723.84018,723.84018,M00966A,G006,DABIGATRAN ETEXILATE MESYLATE,PRADAXA,"antithrombotic, serine protease inhibitor, synthetic; BIBR-1048"
YU226353,1,Microsource,1502414,Pharmakon 1600,150399-21-6,[Na+].[Na+].O=C([O-])C1(=C(O)C=CC(=C1)N=NC2(=CC=C(C(=O)NCCC(=O)[O-])C=C2)),401.28128,401.28128,M00966A,G007,BALSALAZIDE DISODIUM,COLAZAL,"antiinflammatory, synthetic; BX-661A"
YU226392,1,Microsource,1504107,Pharmakon 1600,103475-41-8,ClC3(=CC=C(C=1(N(N=C(C=1)CCC(=O)N(O)C)C2(=CC=C(OC)C=C2)))C=C3),385.84392,385.84392,M00966A,G008,TEPOXALIN,tepoxalin,"antipsoratic, synthetic; ORF-20485, RWJ-20485"
YU226354,1,Microsource,1505688,Pharmakon 1600,575-06-98,Cl.O=C(OCCN(CC)CC)C1(=CC(N)=C(OCCC)C=C1),330.84996,330.84996,M00966A,G009,PROPARACAINE HYDROCHLORIDE,ALCAINE,"local anesthetic, synthetic"
YU226393,1,Microsource,1502020,Pharmakon 1600,59-30-3,O=C1(N=C(NC=2(C1=NC(=CN=2)CNC3(=CC=C(C(=O)NC(C(=O)O)CCC(=O)O)C=C3)))N),441.39774,441.39774,M00966A,G010,FOLIC ACID,FOLICET,"hematopoietic vitamin, liver, kidney, green plants and fungi"
YU033927,2,Microsource,1500436,Pharmakon 1600,"69815-49-2, 51-40-1 [anhydrous],  51-41-2 [norepinephrine]",OC1(=C(O)C=CC(=C1)C(O)CN),169.17788,169.17788,M00966A,G011,NOREPINEPHRINE,,"adrenergic agonist, antihypotensive, synthetic"
YU034255,2,Microsource,1502021,Pharmakon 1600,85-73-4,S(=O)(=O)(NC=1(SC=CN=1))C3(=CC=C(NC(=O)C2(=C(C(=O)O)C=CC=C2))C=C3),403.43434,403.43434,M00966A,G012,PHTHALYLSULFATHIAZOLE,phthalylsulfathiazole,"antibacterial, synthetic"
YU226355,1,Microsource,1500437,Pharmakon 1600,68-22-4,O=C4(C=C3(C(C2(C(C1(C(C(O)(C#C)CC1)(C)CC2))CC3))CC4)),298.41924,298.41924,M00966A,G013,NORETHINDRONE,norethisterone,"progestogen, synthetic"
YU034257,2,Microsource,1502025,Pharmakon 1600,116-43-8,S(=O)(=O)(NC=1(SC=CN=1))C2(=CC=C(NC(=O)CCC(=O)O)C=C2),355.39154,355.39154,M00966A,G014,SUCCINYLSULFATHIAZOLE,succinylsulfathiazole,"antibacterial, synthetic"
YU226356,1,Microsource,1500439,Pharmakon 1600,68-23-5,O=C4(CC3(=C(C2(C(C1(C(C(O)(C#C)CC1)(C)CC2))CC3))CC4)),298.41924,298.41924,M00966A,G015,NORETHYNODREL,,"progestogen, in combination with estrogen as oral contraceptive, synthetic, SC-4642"
YU225141,2,Microsource,1502026,Pharmakon 1600,1197-18-8,O=C(O)C1(CCC(CN)CC1),157.21024,157.21024,M00966A,G016,TRANEXAMIC ACID,CYKLOKAPRON,"hemostatic, synthetic; CL-65366"
YU225260,2,Microsource,1500440,Pharmakon 1600,70458-96-7,FC2(=C(N1(CCNCC1))C=C3(N(C=C(C(C3(=C2))=O)C(=O)O)CC)),319.3309432,319.3309432,M00966A,G017,NORFLOXACIN,norfloxacin,"antibacterial, synthetic; MK-366"
YU226394,1,Microsource,1502028,Pharmakon 1600,"23325-78-2, 15686-71-2 [anhydrous]",S1(C2(N(C(C(=O)O)=C(C1)C)C(=O)C2NC(=O)C(N)C3(=CC=CC=C3))),347.39,347.39,M00966A,G018,CEPHALEXIN,KEFLEX,"antibacterial, semisynthetic"
YU226357,1,Microsource,1503880,Pharmakon 1600,668270-12-0,O=C1(N(C(=O)C=2(N(CC#CC)C(=NC=2(N1C))N3(CC(N)CCC3)))CC5(=NC=4(C(=CC=CC=4)C(=N5)C))),472.54254,472.54254,M00966A,G019,LINAGLIPTIN,TRADJENTA,"dipeptidypeptidase inhibitor, antidiabetic, synthetic; BI-1356"
YU226395,1,Microsource,1502030,Pharmakon 1600,14698-29-4,O=C1(C(C(=O)O)=CN(CC)C2(=C1C=C3(OCOC3(=C2)))),261.23018,261.23018,M00966A,G020,OXOLINIC ACID,oxolinic acid,"antibacterial, synthetic; W-4565"
YU040303,3,Microsource,1505206,Pharmakon 1600,144689-24-7,O=C(O)C=1(N(C(CCC)=NC=1C(O)(C)C)CC4(=CC=C(C3(=C(C=2(N=NNN=2))C=CC=C3))C=C4)),446.50188,446.50188,M00966A,G021,OLMESARTAN,olmesartan,"Angiotensin II inhibitor, antihypertensive, synthetic; RNH-6270"
YU225057,2,Microsource,1502288,Pharmakon 1600,139481-59-7,O=C(O)C2(=C1(N(C(OCC)=NC1=CC=C2)CC5(=CC=C(C4(=C(C3(=NN=NN3))C=CC=C4))C=C5))),440.45424,440.45424,M00966A,G022,CANDESARTAN,,"antihypertensive, angiotensin II inhibitor, synthetic; CV-11974"
YU226438,1,Microsource,1504229,Pharmakon 1600,1665-48-1,O=C2(OC(COC1(=CC(=CC(=C1)C)C))CN2),221.25244,221.25244,M00966A,H003,METAXALONE,metaxalone,"muscle relaxant (skeletal), synthetic"
YU226484,1,Microsource,1500119,Pharmakon 1600,"6398-98-7, 69-44-3 [anhydrous], 86-42-0 [amodiaquine]",ClC2(=CC1(=NC=CC(=C1C=C2)NC3(=CC(O)=C(CN(CC)CC)C=C3))).Cl.Cl,428.78228,428.78228,M00966A,H004,AMODIAQUINE DIHYDROCHLORIDE,CAMOQUIN,"antimalarial, synthetic"
YU226439,1,Microsource,1504211,Pharmakon 1600,637-32-1,ClC1(=CC=C(NC(=N)NC(=N)NC(C)C)C=C1).Cl,290.19178,290.19178,M00966A,H005,CHLOROGUANIDE HYDROCHLORIDE,PALUDRINE,"antimalarial, synthetic"
YU033691,2,Microsource,1500120,Pharmakon 1600,"61336-70-7, 26787-78-0 [anhydrous]",S1(C(C(C(=O)O)N3(C1C(NC(=O)C(N)C2(=CC=C(O)C=C2))C3=O))(C)C),365.40528,365.40528,M00966A,H006,AMOXICILLIN,AMOXIL,"antibacterial, semisynthetic"
YU040325,4,Microsource,1504231,Pharmakon 1600,81103-11-9,O=C1(OC(C(O)(C(O)C(C(=O)C(C)CC(C(C(C(C1C)OC2(OC(C(O)C(C2)(OC)C)C))C)OC3(OC(CC(C3O)N(C)C)C))(OC)C)C)C)CC),747.9534,747.9534,M00966A,H007,CLARITHROMYCIN,clarithromycin,"antibacterial, Streptomyces erythreus; TE-031"
YU226485,1,Microsource,1500122,Pharmakon 1600,1397-89-3,O=C1(OC(C(C(O)C(C=CC=CC=CC=CC=CC=CC=CC(CC2(OC(CC(CC(C(CCC(CC(C1)O)O)O)O)O)(O)CC(O)C2C(=O)O))OC3(OC(C(O)C(C3O)N)C))C)C)C),924.07906,924.07906,M00966A,H008,AMPHOTERICIN B,ABELCET,"antifungal, Streptomycetes nodosus"
YU226440,1,Microsource,1506123,Pharmakon 1600,2856-75-9,S(=O)(=O)(O)O.N2(=C(N1(CCCCC1))C(=NC=C2)C),275.3258,275.3258,M00966A,H009,MODALINE SULFATE,,"antidepressant, antisecretory, synthetic; W-3207B"
YU226486,1,Microsource,1500123,Pharmakon 1600,"69-52-3, 69-53-4 [ampicillin]",S1(C(C(C(=O)[O-])N3(C1C(NC(=O)C(N)C2(=CC=CC=C2))C3=O))(C)C).[Na+],371.38771,371.38771,M00966A,H010,AMPICILLIN SODIUM,OMNIPEN,"antibacterial, semisynthetic"
YU226441,1,Microsource,1506101,Pharmakon 1600,24305-27-9,O=C3(NC(C(=O)NC(C(=O)N1(C(C(=O)N)CCC1))CC=2(N=CNC=2))CC3),362.38392,362.38392,M00966A,H011,PROTIRELIN,THYPINONE,"prothyrotropin, synthetic; Abbott-38579"
YU226487,1,Microsource,1500138,Pharmakon 1600,121-54-0,[Cl-].O(C1(=CC=C(C(CC(C)(C)C)(C)C)C=C1))CCOCC[N+](CC2(=CC=CC=C2))(C)C,448.08062,448.08062,M00966A,H012,BENZETHONIUM CHLORIDE,benzethonium chloride,"antiinfective (topical), synthetic"
YU034078,3,Microsource,1500649,Pharmakon 1600,83-67-0,O=C2(N(C=1(N=CN(C=1C(N2)=O)C))C),180.16418,180.16418,M00966A,H013,THEOBROMINE,THESODATE,"diuretic, bronchodilator, cardiotonic, Camelia, Theobroma, Cola spp"
YU033694,2,Microsource,1500127,Pharmakon 1600,"480-22-8, 1143-38-0",O=C2(C1(=C(O)C=CC=C1CC=3(C2=C(O)C=CC=3))),226.2274,226.2274,M00966A,H014,ANTHRALIN,dithranol,"antipsoriatic, synthetic"
YU220995,3,Microsource,1504263,Pharmakon 1600,122320-73-4,S1(C(=O)NC(C1CC3(=CC=C(OCCN(C2(=NC=CC=C2))C)C=C3))=O).O=C(O)C=CC(=O)O,473.50004,473.50004,M00966A,H015,ROSIGLITAZONE MALEATE,AVANDIA,"antidiabetic, synthetic; BRL-49653"
YU226488,1,Microsource,1500128,Pharmakon 1600,60-80-0,O=C1(N(N(C)C(=C1)C)C2(=CC=CC=C2)),188.22586,188.22586,M00966A,H016,ANTIPYRINE,PARODYNE,"analgesic, synthetic"
YU034308,2,Microsource,1504268,Pharmakon 1600,"124750-99-8, 114798-26-4 [losartan]",ClC=1(N=C(CCCC)N(C=1CO)CC4(=CC=C(C3(=C(C2(=NN=NN2))C=CC=C3))C=C4)),422.91056,422.91056,M00966A,H017,LOSARTAN,COZAAR,"antihypertensive, AT1 angiotensin II antagonist, synthetic; DuP-753"
YU226489,1,Microsource,1500126,Pharmakon 1600,"154-68-7, 91-75-8 [antazoline]",P(=O)(O)(O)O.N1(=C(NCC1)CN(C2(=CC=CC=C2))CC3(=CC=CC=C3)),363.348161,363.348161,M00966A,H018,ANTAZOLINE PHOSPHATE,antazoline,"antihistaminic, synthetic"
YU226442,1,Microsource,1505020,Pharmakon 1600,118-56-9,O=C(OC1(CC(CC(C1)C)(C)C))C2(=C(O)C=CC=C2),262.34408,262.34408,M00966A,H019,HOMOSALATE,homosalate,"UV screen, analgesic, synthetic"
YU226490,1,Microsource,1500129,Pharmakon 1600,"41372-20-7, 314-19-2 [anhydrous], 58-00-4 [apomorphine]",Cl.OC4(=C3(C1(=C2(C(=CC=C1)CCN(C2CC3=CC=C4O)C)))),303.78306,303.78306,M00966A,H020,APOMORPHINE HYDROCHLORIDE,APOKYN,"emetic, antiparkinsonian, erextile dysfunction therapy, synthetic"
YU226443,1,Microsource,300618,Pharmakon 1600,87-17-2,O=C(NC1(=CC=CC=C1))C2(=C(O)C=CC=C2),213.23198,213.23198,M00966A,H021,SALICYLANILIDE,SALINIDOL,"antipyretic, fungicide, synthetic"
YU226491,1,Microsource,1506174,Pharmakon 1600,90-33-5,O=C2(OC1(=C(C=CC(=C1)O)C(=C2)C)),176.16872,176.16872,M00966A,H022,HYMECHROME,hymecromone,"choloretic, spasmolytic, sunscreen, Dalbergia volubilis, Eupatorium pauciflorum; LM-94"
YU033922,3,Microsource,1500430,Pharmakon 1600,59-67-6,O=C(O)C1(=CN=CC=C1),123.10944,123.10944,M00966A,I003,NIACIN,nicotinic acid,"antihyperlipidemic, vitamin (enzyme cofactor), widespread in the plant and fungal kingdom"
YU226396,1,Microsource,1502286,Pharmakon 1600,121032-29-9,O3(C(N2(C1(=NC(=NC(=C1N=C2)OC)N)))C(O)C(C3CO)O),297.2675,297.2675,M00966A,I004,NELARABIN,ARRANON,"antineoplastic, synthetic; MAY-506-U"
YU226358,1,Microsource,1500444,Pharmakon 1600,"1476-53-5, 303-81-1 [novobiocin]",[Na+].O=C3(OC1(=C(C=CC(=C1C)OC2(OC(C(OC)C(C2O)OC(=O)N)(C)C))C(=C3NC(=O)C4(=CC(=C(O)C=C4)CC=C(C)C))[O-])),634.60625,634.60625,M00966A,I005,NOVOBIOCIN SODIUM,ALBAMYCIN,"antibacterial, Streptomyces niveus and S griseus"
YU220961,4,Microsource,1502289,Pharmakon 1600,85622-93-1,O=C1(N(N=NC=2(N1C=NC=2C(=O)N))C),194.15108,194.15108,M00966A,I006,TEMOZOLAMIDE,temozolomide,"antineoplastic, synthetic; SCH-52365, M&B-39831"
YU224980,2,Microsource,1500445,Pharmakon 1600,849-55-8,Cl.OC2(=CC=C(C(O)C(NC(CCC1(=CC=CC=C1))C)C)C=C2),335.86798,335.86798,M00966A,I007,NYLIDRIN HYDROCHLORIDE,buphenine,"vasodilator (peripheral), synthetic"
YU226397,1,Microsource,1505394,Pharmakon 1600,113507-06-5,O=C3(OC2(CC1(OC(C(=CC(C)C)C)C(C)C(C1)=NOC)(OC(C2)CC=C(CC(C=CC=C5(C4(C3C=C(C(O)C4OC5)C)(O)))C)C))),639.81866,639.81866,M00966A,I008,MOXIDECTIN,CYDECTIN,"anthelmintic, antiparasitic, semisynthetic; CL-301423"
YU226359,1,Microsource,1502422,Pharmakon 1600,75738-58-8,Cl.S1(C3(N(C(C(=O)O)=C(C1)CSC2(=NN=NN2C))C(=O)C3NC(=O)C(=NOC)C=4(N=C(N)SC=4))),548.02248,548.02248,M00966A,I009,CEFMENOXIME HYDROCHLORIDE,CEFMAX,"antibacterial, synthetic; Abbott-50192"
YU220994,2,Microsource,1505539,Pharmakon 1600,67227-57-0,ClC1(=C(O)C(O)=CC2(=C1CCNCC2C3(=CC=C(O)C=C3))).S(=O)(=O)(O)C,401.86254,401.86254,M00966A,I010,FENOLDIPAM MESYLATE,CORLOPAM,"antihypertensive, dopamine agonist, synthetic; SK&F-82526-J"
YU226360,1,Microsource,1503887,Pharmakon 1600,121-32-4,O=CC1(=CC(OCC)=C(O)C=C1),166.1739,166.1739,M00966A,I011,ETHYL VANILLIN,,"flavoring agent,"
YU226398,1,Microsource,1502300,Pharmakon 1600,5355-16-8,O(C1(=C(OC)C=CC(=C1)CC2(=C(N=C(N)N=C2)N)))C,260.2919,260.2919,M00966A,I012,DIAVERIDINE,diaveridine,"antibacterial, synthetic; BW-49-210"
YU220926,3,Microsource,1505500,Pharmakon 1600,32672-69-8,S(=O)(=O)(O)C1(=CC=CC=C1).S(=O)(C4(=CC=3(N(C2(=C(C=CC=C2)SC=3C=C4))CCC5(N(CCCC5)C))))C,544.75206,544.75206,M00966A,I013,MESORIDAZINE BESYLATE,SERENTIL,"antpsychotic, synthetic"
YU221445,3,Microsource,1502301,Pharmakon 1600,13010-47-4,ClCCN(N=O)C(=O)NC1(CCCCC1),233.69506,233.69506,M00966A,I014,LOMUSTINE,lomustine,"antineoplastic, synthetic; CCNU, NSC-79037"
YU033941,2,Microsource,1500451,Pharmakon 1600,131-57-7,O=C(C1(=C(O)C=C(OC)C=C1))C2(=CC=CC=C2),228.24328,228.24328,M00966A,I015,OXYBENZONE,oxybenzone,"ultraviolet screen, synthetic; NSC-7778"
YU226399,1,Microsource,1504418,Pharmakon 1600,163521-12-8 (base),Cl.O=C(N)C=1(OC=2(C=CC(=CC=2(C=1))N5(CCN(CCCCC=4(C3(=C(C=CC(=C3)C#N)NC=4)))CC5))),477.98572,477.98572,M00966A,I016,VILAZODONE HYDROCHLORIDE,VIIBRYD,"antidepressant, serotonin reuptake inhibitor, 5HT1A agonist, synthetic"
YU040146,3,Microsource,1502391,Pharmakon 1600,155213-67-5,S1(C(=CN=C1)COC(=O)NC(C(O)CC(NC(=O)C(NC(=O)N(CC=2(N=C(C(C)C)SC=2))C)C(C)C)CC3(=CC=CC=C3))CC4(=CC=CC=C4)),720.94646,720.94646,M00966A,I017,RITONAVIR,ritonavir,"antiviral, synthetic; Abbott-84538"
YU225262,2,Microsource,1502044,Pharmakon 1600,82419-36-1,FC3(=C(N1(CCN(C)CC1))C=2(OCC(C)N4(C=2C(=C3)C(=O)C(C(=O)O)=C4))),361.3676232,361.3676232,M00966A,I018,OFLOXACIN,ofloxacin,"antibacterial, synthetic"
YU033943,2,Microsource,1500455,Pharmakon 1600,"7081-38-1, 129-20-4 [anhydrous]",O=C2(N(N(C1(=CC=CC=C1))C(C2CCCC)=O)C3(=CC=C(O)C=C3)),324.37378,324.37378,M00966A,I019,OXYPHENBUTAZONE,oxyphenbutazone,"antiinflammatory, synthetic"
YU034271,4,Microsource,1502046,Pharmakon 1600,41859-67-0,ClC2(=CC=C(C(=O)NCCC1(=CC=C(OC(C(=O)O)(C)C)C=C1))C=C2),361.81914,361.81914,M00966A,I020,BEZAFIBRATE,bezafibrate,"antihyperlipidemic, synthetic; BM-15075"
YU226361,1,Microsource,1500442,Pharmakon 1600,"894-71-3, 72-69-5 [nortriptyline]",Cl.N(CCC=C2(C1(=C(C=CC=C1)CCC3(=C2C=CC=C3))))C,299.83742,299.83742,M00966A,I021,NORTRIPTYLINE HYDROCHLORIDE,nortriptyline,"antidepressant, synthetic; 38489"
YU226400,1,Microsource,1505720,Pharmakon 1600,24356-94-3,O=C6(C=C5(C(C4(C(C2(C(C3(OC(C1(=CC=CC=C1))(C)OC3(C2))(C(=O)C))(C)CC4))CC5))(C)CC6)),448.59374,448.59374,M00966A,I022,ALGESTONE ACETOPHENIDE,DROXONE,"antiacne, progestin, semisynthetic; SQ-15101"
YU225009,2,Microsource,1505022,Pharmakon 1600,2078-54-8,OC1(=C(C=CC=C1C(C)C)C(C)C),178.27072,178.27072,M00966A,J003,PROPOFOL,propofol,"anesthetic, synthetic; ICI-35868"
YU155473,2,Microsource,1500131,Pharmakon 1600,"51-55-8, 5908-99-6 [atropine sulfate], 55-48-1 [anhydrous]",S(=O)(=O)(O)O.O=C(OC1(CC2(N(C)C(C1)CC2)))C(C3(=CC=CC=C3))CO,387.44894,387.44894,M00966A,J004,ATROPINE SULFATE,ATROPISOL,"anticholinergic, mydriatic, Atropa and Datura spp"
YU226444,1,Microsource,1500675,Pharmakon 1600,3922-90-5 (base),P(=O)(O)(O)O.O=C2(OC(C(C(O)C(C(=O)C1(OC1)(CC(C(C(C(C2C)OC3(OC(C(O)C(C3)OC)C))C)OC4(OC(CC(C4O)N(C)C)C))C))C)C)C),785.85356,785.853561,M00966A,J005,OLEANDOMYCIN PHOSPHATE,MATROMYCIN,"antibacterial, Streptomyces antibioticus"
YU226492,1,Microsource,1505976,Pharmakon 1600,74191-85-8,O=C(N3(CCN(C=1(N=C(N)C2(=CC(OC)=C(C=C2(N=1))OC)))CC3))C5(OC4(=C(C=CC=C4)OC5)),451.4753,451.4753,M00966A,J006,DOXAZOSIN MESYLATE,doxazosin,DB00590
YU225010,2,Microsource,2300292,Pharmakon 1600,"21535-47-7, 24219-97-4 [mianserin]",Cl.N23(C1(=C(C=CC=C1)CC4(=C(C2CN(C)CC3)C=CC=C4))),300.82552,300.82552,M00966A,J007,MIANSERIN HYDROCHLORIDE,ATHYMIL,"5HT antagonist, synthetic; ORG-GB-94"
YU033698,3,Microsource,1500133,Pharmakon 1600,446-86-6,S(C=1(NC=NC=2(C=1N=CN=2)))C=3(N(C=NC=3[N+](=O)[O-])C),277.26386,277.26386,M00966A,J008,AZATHIOPRINE,AZANIN,"immunosuppressant, antineoplastic, antirheumatic, synthetic; BW-57-322"
YU039682,3,Microsource,1505209,Pharmakon 1600,137862-53-4,O=C(O)C(N(C(=O)CCCC)CC3(=CC=C(C2(=C(C=1(N=NNN=1))C=CC=C2))C=C3))C(C)C,435.51896,435.51896,M00966A,J009,VALSARTAN,valsartan,"Angiotensin II inhibitor, antihypertensive, synthetic; CGP-48933"
YU155474,2,Microsource,1500134,Pharmakon 1600,1405-87-4,S1(C(=NC(C1)C(=O)NC(C(=O)NC(C(=O)NC(C(=O)NCCCCC2(NC(=O)C(NC(=O)C(NC(=O)C(NC(C(NC(C(NC(C(NC2=O)CCCN)=O)C(CC)C)=O)CC3(=CC=CC=C3))=O)CC=4(N=CNC=4))CC(=O)O)CC(=O)N))C(CC)C)CCC(=O)O)CC(C)C)C(N)C(CC)C),1422.695,1422.695,M00966A,J010,BACITRACIN,,"antibacterial, Bacillus licheniformis and B subtilis"
YU226445,1,Microsource,200331,Pharmakon 1600,552-94-3,O=C(OC1(=C(C(=O)O)C=CC=C1))C2(=C(O)C=CC=C2),258.2262,258.2262,M00966A,J011,SALSALATE,salsalate,"analgesic, synthetic; NSC-49171"
YU033700,2,Microsource,1500135,Pharmakon 1600,1134-47-0,ClC1(=CC=C(C(CN)CC(=O)O)C=C1),213.66052,213.66052,M00966A,J012,BACLOFEN,baclofen,"muscle relaxant (skeletal), synthetic"
YU226446,1,Microsource,300024,Pharmakon 1600,50-23-7,O=C4(C=C2(C(C1(C(O)CC3(C(O)(C(=O)CO)CCC3(C1CC2))(C)))(C)CC4)),362.4599,362.4599,M00966A,J013,HYDROCORTISONE,hydrocortisone,"glucocorticoid, antiinflammatory, adrenal glands"
YU226493,1,Microsource,1500136,Pharmakon 1600,"5534-09-8, 4419-39-0 [beclomethasone]",ClC23(C1(C(=CC(=O)C=C1)CCC2C4(CC(C)C(C4(CC3O)(C))(OC(=O)CC)C(=O)COC(=O)CC))(C)),521.04188,521.04188,M00966A,J014,BECLOMETHASONE DIPROPIONATE,BECLOVENT,"antiasthmatic, topical antiinflammatory, synthetic"
YU226447,1,Microsource,1505321,Pharmakon 1600,80621-81-4,O=C6(NC2(=C(O)C1(=C(O)C(=C5(OC(C(C5(=C1C4(=C2N3(C(C=C(C)C=C3)=N4))))=O)(OC=CC(OC)C(C(C(C(C(C(C(C=CC=C6C)C)O)C)O)C)OC(=O)C)C)C))C))),785.87866,785.87866,M00966A,J015,RIFAXIMIN,XIFAXAN,"antibacterial, RNA synthesis inhibitor, semisynthetic"
YU034539,2,Microsource,1500124,Pharmakon 1600,121-25-5,Cl.[Cl-].[N+]1(=C(C=CC=C1)C)(CC2(=C(N=C(CCC)N=C2)N)),315.24096,315.24096,M00966A,J016,AMPROLIUM,AMPROL,"coccidiostat, synthetic"
YU226448,1,Microsource,1506124,Pharmakon 1600,"62-13-5, 99-45-6 (base)",Cl.O=C(C1(=CC(O)=C(O)C=C1))CNC,217.64922,217.64922,M00966A,J017,ADRENOLONE HYDROCHLORIDE,STRYPHNASAL,"adrenergic (opthalmic), synthetic"
YU226494,1,Microsource,1500137,Pharmakon 1600,322-35-0,O=C(NNCC1(=C(O)C(O)=C(O)C=C1))C(N)CO,257.24332,257.24332,M00966A,J018,BENSERAZIDE HYDROCHLORIDE,benserazide,"decarboxylase inhibitor, synthetic; Ro4-4602"
YU221386,3,Microsource,1502351,Pharmakon 1600,99011-02-6,N2(=C(N)C=1(N=CN(C=1C=3(C2=CC=CC=3))CC(C)C)),240.3038,240.3038,M00966A,J019,IMIQUIMOD,imiquimod,"immunomodulator, synthetic; R-837, S-26308"
YU033704,2,Microsource,1500139,Pharmakon 1600,94-09-7,O=C(OCC)C1(=CC=C(N)C=C1),165.18918,165.18918,M00966A,J020,BENZOCAINE,benzocaine,"anesthetic (topical), synthetic"
YU226449,1,Microsource,1505292,Pharmakon 1600,26027-38-3,O(C1(=CC=C(CCCCCCCCC)C=C1))CCOCCOCCOCCOCCOCCOCCOCCOCCO,616.8235,616.8235,M00966A,J021,NONOXYNOL-9,CONCEPTROL,"spermatocide, contraceptive, synthetic"
YU226495,1,Microsource,1500141,Pharmakon 1600,91-33-8,ClC1(=C(S(=O)(=O)N)C=C2(S(=O)(=O)NC(=NC2(=C1))CSCC3(=CC=CC=C3))),431.94018,431.94018,M00966A,J022,BENZTHIAZIDE,AQUATAG,"diuretic, antihypertensive, synthetic"
YU226362,1,Microsource,1505443,Pharmakon 1600,77-41-8,O=C1(N(C(=O)CC1(C2(=CC=CC=C2))C)C),203.23716,203.23716,M00966A,K003,METHSUXIMIDE,mesuximide,"anticonvulsant, synthetic"
YU225270,2,Microsource,1502320,Pharmakon 1600,39809-25-1,O=C1(NC(=NC2(=C1N=CN2CCC(CO)CO))N),253.258,253.258,M00966A,K004,PENCICLOVIR,DENAVIR,"antiviral, synthetic; BRL-39123"
YU226363,1,Microsource,1504914,Pharmakon 1600,130018-77-8 (base),ClC3(=CC=C(C(N1(CCN(CCCC(=O)O)CC1))C2(=CC=CC=C2))C=C3).Cl.Cl,445.80946,445.80946,M00966A,K005,LEVOCETIRIZINE DIHYDROCHLORIDE,XYZAL,"H1 antihistamine, antiallergic, synthetic"
YU225258,2,Microsource,1502314,Pharmakon 1600,82752-99-6,ClC4(=CC(N3(CCN(CCCN1(N=C(CC)N(C1=O)CCOC2(=CC=CC=C2)))CC3))=CC=C4),470.00678,470.00678,M00966A,K006,NEFAZODONE HYDROCHLORIDE,SERZONE,"antidepressant, synthetic; MJ-1374-1, BMY-1374"
YU226364,1,Microsource,1506196,Pharmakon 1600,94-14-4,O=C(OCC(C)C)C1(=CC=C(N)C=C1),193.24234,193.24234,M00966A,K007,ISOBUTAMBEN,isobutamben,"anesthetic (topical), synthetic"
YU226401,1,Microsource,1505347,Pharmakon 1600,83-88-5,O=C3(N=C2(N(C1(=C(C=C(C)C(=C1)C)N=C2C(N3)=O))CC(O)C(O)C(O)CO)),376.36406,376.36406,M00966A,K008,RIBOFLAVIN,FLAVAXIN,"Vitamin B2; Vitamin cofactor; LD50(rat) 560 mg/kg ip, retina, whey and urine"
YU226365,1,Microsource,1502410,Pharmakon 1600,188062-50-2,S(=O)(=O)(O)O.OCC1(C=CC(C1)N3(C2(=NC(=NC(=C2N=C3)NC4(CC4))N))),384.41204,384.41204,M00966A,K009,ABACAVIR SULFATE,abacavir,"antiviral, synthetic"
YU039565,3,Microsource,1504174,Pharmakon 1600,"31677-93-7, 34911-55-2 [bupropion]",ClC1(=CC(C(=O)C(NC(C)(C)C)C)=CC=C1).Cl,276.2015,276.2015,M00966A,K010,BUPROPION,bupropion,"antidepressant, synthetic"
YU033951,2,Microsource,1500472,Pharmakon 1600,63-98-9,O=C(NC(=O)CC1(=CC=CC=C1))N,178.18798,178.18798,M00966A,K011,PHENACEMIDE,phenacemide,"anticonvulsant, synthetic"
YU226402,1,Microsource,1505306,Pharmakon 1600,22839-47-0,O=C(OC)C(NC(=O)C(N)CC(=O)O)CC1(=CC=CC=C1),294.3032,294.3032,M00966A,K012,ASPARTAME,NUTRASWEET,"sweetener, synthetic; APM, SC-18862"
YU226366,1,Microsource,1505544,Pharmakon 1600,22195-34-2,S(=O)(=O)(O)O.O1(C2(OCC1CNC(=N)N)(CCCCC2)),311.35636,311.35636,M00966A,K013,GUANADREL SULFATE,HYLOREL,"antihypertensive, synthetic"
YU226403,1,Microsource,1505742,Pharmakon 1600,137-66-6,O=C1(OC(C(O)COC(=O)CCCCCCCCCCCCCCC)C(=C1O)O),414.53292,414.53292,M00966A,K014,ASCORBYL PALMITATE,EMPROVE,"antioxidant, semisynthetic"
YU226367,1,Microsource,1505446,Pharmakon 1600,65473-14-5,Cl.N(CC=1(C=2(C(C=CC=1)=CC=CC=2)))(CC=CC3(=CC=CC=C3))C,323.85882,323.85882,M00966A,K015,NAFTIFINE HYDROCHLORIDE,NAFTIN,"antifungal, synthetic; AW-105-843"
YU226404,1,Microsource,1506188,Pharmakon 1600,2451-01-06 00:00:00,OC1(CCC(C(O)(C)C)CC1)(C).O,190.27988,190.27988,M00966A,K016,TERPENE HYDRATE,,"expectorant, Pinus spp"
YU033954,2,Microsource,1500477,Pharmakon 1600,83-12-5,O=C2(C1(=C(C=CC=C1)C(C2C3(=CC=CC=C3))=O)),222.2387,222.2387,M00966A,K017,PHENINDIONE,phenindione,"anticoagulant, synthetic"
YU039803,4,Microsource,1505397,Pharmakon 1600,98-92-0,O=C(N)C1(=CN=CC=C1),122.12472,122.12472,M00966A,K018,NIACINAMIDE,nicotinamide,"Vitamin B3; enzyme cofactor; anti-pellagra, widespread in plants, yeasts, fungi"
YU226368,1,Microsource,1505553,Pharmakon 1600,956-03-6,Cl.O=C(OCC(NCCC)(C)C)C1(=CC=CC=C1),271.78272,271.78272,M00966A,K019,MEPRYLCAINE HYDROCHLORIDE,,"local anesthetic, 5HT2 agonist, synthetic"
YU226405,1,Microsource,1505270,Pharmakon 1600,"318-98-9, 525-66-6 [propranolol]",Cl.O(C=1(C=2(C(C=CC=1)=CC=CC=2)))CC(O)CNC(C)C,295.80412,295.80412,M00966A,K020,PROPRANOLOL HYDROCHLORIDE (+/-),INDERAL,"antihypertensive, antianginal, antiarrhythmic, synthetic; AY-64043, ICI-45520"
YU021854,4,Microsource,1500482,Pharmakon 1600,50-33-9,O=C2(N(N(C1(=CC=CC=C1))C(C2CCCC)=O)C3(=CC=CC=C3)),308.37438,308.37438,M00966A,K021,PHENYLBUTAZONE,phenylbutazone,"antiinflammatory, synthetic"
YU226406,1,Microsource,1500401,Pharmakon 1600,155-41-9,[Br-].O=C(OC1(CC2([N+](C)(C)C(C1)C3(C2O3))))C(C4(=CC=CC=C4))CO,398.2915,398.2915,M00966A,K022,METHSCOPOLAMINE BROMIDE,PAMINE,"anticholinergic, semisynthetic"
YU226450,1,Microsource,1505366,Pharmakon 1600,95635-55-5,O=C(NC1(=C(C=CC=C1C)C))CN3(CCN(CC(O)COC2(=C(OC)C=CC=C2))CC3),427.53664,427.53664,M00966A,L003,RANOLAZINE,ranolazine,"antianginal, antiischemic, synthetic; RS-43285-003; CVT-303"
YU226496,1,Microsource,1500143,Pharmakon 1600,7235-40-7,C1(=C(CCCC1(C)C)C)(C=CC(=CC=CC(=CC=CC=C(C=CC=C(C=CC2(=C(CCCC2(C)C)C))C)C)C)C),536.87264,536.87264,M00966A,L004,beta-CAROTENE,SOLATENE,"antioxidant; provitamin A, provitamin A; widespread in plants and animals"
YU033637,3,Microsource,211468,Pharmakon 1600,117-10-2,O=C2(C1(=C(O)C=CC=C1C(=O)C=3(C2=C(O)C=CC=3))),240.21092,240.21092,M00966A,L005,DANTHRON,dantron,"cathartic, Rheum palmatum, Xyris semifuscata"
YU226497,1,Microsource,1500144,Pharmakon 1600,378-44-9,FC23(C1(C(=CC(=O)C=C1)CCC2C4(CC(C)C(C4(CC3O)(C))(O)C(=O)CO))(C)),392.4610632,392.4610632,M00966A,L006,BETAMETHASONE,betamethasone,"glucocorticoid, antiinflammatory, semisynthetic; SCH-4831"
YU226451,1,Microsource,1505376,Pharmakon 1600,77-46-3,S(=O)(=O)(C1(=CC=C(NC(=O)C)C=C1))C2(=CC=C(NC(=O)C)C=C2),332.37532,332.37532,M00966A,L007,ACEDAPSONE,acedapsone,"antimalarial, leprostatic, synthetic; CI-556, CN-1883, DADDS, PAM-MAR-1165"
YU226498,1,Microsource,1500146,Pharmakon 1600,"590-63-6, 674-38-4 [bethanechol]",[Cl-].O=C(OC(C[N+](C)(C)C)C)N,196.67486,196.67486,M00966A,L008,BETHANECHOL CHLORIDE,DUVOID,"cholinergic, synthetic"
YU226452,1,Microsource,1505385,Pharmakon 1600,82248-59-7,Cl.O(C1(=CC=CC=C1))C(C2(=CC=CC=C2))CCNC,277.78884,277.78884,M00966A,L009,ATOMOXETINE HYDROCHLORIDE,STRATTERA,"norepinephrine reuptake inhibitor, synthetic; LY-139603"
YU033711,4,Microsource,1500147,Pharmakon 1600,603-50-9,O=C(OC3(=CC=C(C(C1(=NC=CC=C1))C2(=CC=C(OC(=O)C)C=C2))C=C3))C,361.3906,361.3906,M00966A,L010,BISACODYL,bisacodyl,"cathartic, synthetic"
YU226453,1,Microsource,300029,Pharmakon 1600,56-47-3,O=C4(C=C3(C(C2(C(C1(C(C(C(=O)COC(=O)C)CC1)(C)CC2))CC3))(C)CC4)),372.49778,372.49778,M00966A,L011,DESOXYCORTICOSTERONE ACETATE,PERCOTEN,"mineralocorticoid, adrenocortex"
YU226499,1,Microsource,1500148,Pharmakon 1600,97-18-7,ClC2(=C([O-])C(SC1(=C([O-])C(Cl)=CC(=C1)Cl))=CC(=C2)Cl).[Na+].[Na+],400.0153,400.0153,M00966A,L012,BITHIONATE SODIUM,LOROTHIDOL,"anthelmintic, antiseptic, synthetic"
YU226454,1,Microsource,1505389,Pharmakon 1600,36282-47-0,Cl.O(C1(=CC(=CC=C1)C2(O)(C(CCCC2)CN(C)C)))C,299.83588,299.83588,M00966A,L013,TRAMADOL HYDROCHLORIDE,ULTRAM,"analgesic, synthetic; U-26225A, CG-315E"
YU226500,1,Microsource,1500151,Pharmakon 1600,"22260-51-1, 25614-03-3 [bromocriptine]",[Br]C=1(NC=7(C=CC=C2(C=7(C=1CC3(N(CC(C=C23)C(=O)NC5(OC6(O)(C4(N(CCC4)C(C(N6(C5=O))CC(C)C)=O)))(C(C)C))C))))).S(=O)(=O)(O)C,750.70136,750.70136,M00966A,L014,BROMOCRIPTINE MESYLATE,PARLODEL,"prolactin inhibitor, antiparkinsonian, semisynthetic"
YU221039,2,Microsource,1505392,Pharmakon 1600,"78628-80-5, 91161-71-6(base)",Cl.N(CC=1(C=2(C(C=CC=1)=CC=CC=2)))(CC=CC#CC(C)(C)C)C,327.89058,327.89058,M00966A,L015,TERBINAFINE HYDROCHLORIDE,terbinafine,"antifungal, synthetic, SF-86-327"
YU033714,4,Microsource,1500152,Pharmakon 1600,55-98-1,S(=O)(=O)(OCCCCOS(=O)(=O)C)C,246.30376,246.30376,M00966A,L016,BUSULFAN,busulfan,"antineoplastic, alkylating agent, synthetic"
YU039594,3,Microsource,1505801,Pharmakon 1600,97240-79-4,S(=O)(=O)(OCC12(OCC3(OC(OC3(C1OC(O2)(C)C))(C)C)))N,339.36308,339.36308,M00966A,L017,TOPIRAMATE,topiramate,"anticonvulsant, antimigraine, GABA-A agonist, AMP/kinate glutamate receptor antagonist,  carbonic anhydrase inhibitor, synthetic; RWJ-17021"
YU033715,4,Microsource,1500155,Pharmakon 1600,"58-08-2, 5743-12-4 [monohydrate]",O=C1(N(C(=O)C=2(N(C)C=NC=2(N1C)))C),194.19076,194.19076,M00966A,L018,CAFFEINE,NODOZ,"CNS stimulant, Cofea, Theobroma, Camelia and Cola spp"
YU226455,1,Microsource,1505802,Pharmakon 1600,204519-65-3,S(=O)(=O)(O)C.FC1(=C(N=C2(N(C=C(C(C2(=C1))=O)C(=O)O)C3(CC3)))N4(CC(=NOC)C(C4)CN)),485.4877632,485.4877632,M00966A,L019,GEMIFLOXACIN MESYLATE,gemifloxacin,"antibacterial, synthetic; SB-265805S, LB-20304a"
YU226501,1,Microsource,1500156,Pharmakon 1600,464-49-3; 76-22-2,O=C1(C2(C(C)(C)C(C1)CC2)(C)),152.23344,152.23344,M00966A,L020,CAMPHOR (1R),,"analgesic, antiinfective, antipruritic, Cinnamomum camphora"
YU226456,1,Microsource,1505803,Pharmakon 1600,81131-70-6,[Na+].O=C(OC2(C1(C(C=CC(C1CCC(O)CC(O)CC(=O)[O-])C)=CC(C2)O)))C(CC)C,446.50957,446.50957,M00966A,L021,PRAVASTATIN SODIUM,PRAVACHOL,"antihyperlipidemic, HMGCoA reductase inhibitor, synthetic; CS-514; SQ-31000"
YU155481,2,Microsource,1500157,Pharmakon 1600,"1405-37-4, 11003-38-6 [capreomycin]",S(=O)(=O)(O)O.O=C1(NC(C(=O)NCC(N)C(=O)NC(C(NC(C(NC1=CNC(=O)N)=O)CNC(=O)CC(N)CCCN)=O)CO)C2(NC(=N)NCC2)),766.7859,766.7859,M00966A,L022,CAPREOMYCIN SULFATE,CAPASTAT,"antibacterial, tuberculostatic,  Streptomyces capreolis; 34977"
YU034161,3,Microsource,1501010,Pharmakon 1600,49562-28-9,ClC2(=CC=C(C(=O)C1(=CC=C(OC(C(=O)OC(C)C)(C)C)C=C1))C=C2),360.83104,360.83104,M00966A,M003,FENOFIBRATE,fenofibrate,"antihyperlipidemic, synthetic"
YU226407,1,Microsource,2300219,Pharmakon 1600,"116-38-1, 312-48-1 [edrophonium]",[Cl-].OC1(=CC([N+](CC)(C)C)=CC=C1),201.69288,201.69288,M00966A,M004,EDROPHONIUM CHLORIDE,edrophonium chloride,"acetylcholinesterase inhibitor, synthetic"
YU034162,4,Microsource,1501011,Pharmakon 1600,31879-05-7,O=C(O)C(C2(=CC(OC1(=CC=CC=C1))=CC=C2))C,242.26986,242.26986,M00966A,M005,FENOPROFEN,fenoprofen,"antiinflammatory, synthetic; 53858"
YU033963,2,Microsource,2300009,Pharmakon 1600,"27591-69-1, 27591-97-5 [tilorone]",O=C2(C1(=C(C=CC(=C1)OCCN(CC)CC)C3(=C2C=C(OCCN(CC)CC)C=C3))),410.54914,410.54914,M00966A,M006,TILORONE,,"antiviral, synthetic"
YU033641,4,Microsource,1501015,Pharmakon 1600,530-78-9,FC(F)(F)C2(=CC(NC1(=C(C(=O)O)C=CC=C1))=CC=C2),281.2299496,281.22995,M00966A,M007,FLUFENAMIC ACID,flufenamic acid,"antiinflammatory, analgesic, synthetic; CI-440, CN-27554"
YU226408,1,Microsource,2300061,Pharmakon 1600,"17321-77-6, 303-49-1 [clomipramine]",ClC3(=CC=2(N(C1(=C(C=CC=C1)CCC=2C=C3))CCCN(C)C)).Cl,351.31274,351.31274,M00966A,M008,CLOMIPRAMINE HYDROCHLORIDE,clomipramine,"antidepressant, synthetic; G-34586"
YU226369,1,Microsource,211425,Pharmakon 1600,"306-21-8, 1518-86-1 [hydroxyamphetamine]",[BrH].OC1(=CC=C(CC(N)C)C=C1),232.1176,232.1176,M00966A,M009,HYDROXYAMPHETAMINE HYDROBROMIDE,PAREDRINE,"analeptic (peripheral), synthetic"
YU226409,1,Microsource,1504829,Pharmakon 1600,182824-33-5,O=C(OC2(OC1(OC4(OOC13(C(C(C)CCC3(C2C))CC4))(C))))CCC(=O)O,384.42082,384.42082,M00966A,M010,ARTESUNATE,ARSUMAX,"antimalarial, semisynthetic"
YU034163,3,Microsource,1501016,Pharmakon 1600,43210-67-9,S(C2(=CC=1(NC(NC(=O)OC)=NC=1C=C2)))C3(=CC=CC=C3),299.34874,299.34874,M00966A,M011,FENBENDAZOLE,fenbendazole,"anthelmintic, synthetic; Hoe-881V"
YU226410,1,Microsource,1506193,Pharmakon 1600,2244-21-5,[K+].ClN1(C(=O)N(Cl)C(=O)[N-]C1=O),236.05422,236.05422,M00966A,M012,TROCLOSENE POTASSIUM,troclosene potassium,"antiinfective, synthetic; ACL-59"
YU226370,1,Microsource,1500277,Pharmakon 1600,"129-51-1, 60-79-7 [ergonovine]",O=C(O)C=CC(=O)O.O=C(NC(CO)C)C3(C=C2(C4(=C1(C(NC=C1CC2N(C3)C)=CC=C4)))),441.4771,441.4771,M00966A,M013,ERGONOVINE MALEATE,ERGOTRATE,"oxytocic, 5HT antagonist, ergot and Convolvulvaceae spp"
YU226411,1,Microsource,1505880,Pharmakon 1600,33564-31-7,FC23(C1(C(=CC(=O)C=C1)C(F)CC2C4(CC(C)C(C4(CC3O)(C))(OC(=O)C)C(=O)COC(=O)C))(C)),494.52489,494.5248864,M00966A,M014,DIFLORASONE DIACETATE,FLORONE,"antiinflammatory, glucocorticoid, semisynthetic; U-34865"
YU034166,3,Microsource,1501103,Pharmakon 1600,61-68-7,O=C(O)C2(=C(NC1(=C(C(=CC=C1)C)C))C=CC=C2),241.28514,241.28514,M00966A,M015,MEFENAMIC ACID,mefenamic acid,"antiinflammatory, analgesic, synthetic; CI-473, CN-35355"
YU226412,1,Microsource,1506192,Pharmakon 1600,10163-15-2,P(F)(=O)([O-])[O-].[Na+].[Na+],143.9499,143.9499042,M00966A,M016,SODIUM MONOFLUOROPHOSPHATE,,"dental carries prophylactic, synthetic"
YU226371,1,Microsource,1502343,Pharmakon 1600,5630-53-5,O=C4(CC3(=C(C2(C(C1(C(C(O)(C#C)CC1)(C)CC2))C(C3)C))CC4)),312.44582,312.44582,M00966A,M017,TIBOLONE,tibolone,"menopausal syndrome therapy, synthetic; ORG-OD-14"
YU226413,1,Microsource,1505113,Pharmakon 1600,42461-84-7,FC(F)(F)C2(=C(C(NC1(=NC=CC=C1C(=O)O))=CC=C2)C).OC(C(O)C(O)CNC)C(O)CO,491.45825,491.4582496,M00966A,M018,FLUNIXIN MEGLUMINE,BANAMINE,"analgesic, antiinflammatory, synthetic; SCH-14714"
YU226372,1,Microsource,1503207,Pharmakon 1600,"6202-23-9, 303-53-7 [cyclobenzaprine]",Cl.N(CCC=C1(C3(=C(C=CC2(=C1C=CC=C2))C=CC=C3)))(C)C,311.84812,311.84812,M00966A,M019,CYCLOBENZAPRINE HYDROCHLORIDE,FLEXERIL,"muscle relaxant (skeletal), synthetic; MK-130"
YU034195,2,Microsource,1501140,Pharmakon 1600,59-47-2,O(C1(=C(C=CC=C1)C))CC(O)CO,182.21636,182.21636,M00966A,M020,MEPHENESIN,mephenesin,"muscle relaxant (skeletal), synthetic"
YU034171,2,Microsource,1501109,Pharmakon 1600,23288-49-5,S(C1(=CC(=C(O)C(=C1)C(C)(C)C)C(C)(C)C))C(SC2(=CC(=C(O)C(=C2)C(C)(C)C)C(C)(C)C))(C)C,516.84362,516.84362,M00966A,M021,PROBUCOL,probucol,"antihyperlipidemic, synthetic; DH-581"
YU226414,1,Microsource,1301016,Pharmakon 1600,520-45-6,O=C1(OC(=CC(C1C(=O)C)=O)C),168.14672,168.14672,M00966A,M022,DEHYDROACETIC ACID,DHA,"antifungal, antibacterial, synthetic"
YU226457,1,Microsource,1505811,Pharmakon 1600,50293-90-8,Cl.OC1(=C(C=C(C(O)CNC(C)(C)C)C=C1)CO),275.77142,275.77142,M00966A,N003,LEVALBUTEROL HYDROCHLORIDE,levosalbutamol,"bronchodilator, tocolytic, synthetic"
YU226502,1,Microsource,1500158,Pharmakon 1600,51-83-2,[Cl-].O=C(OCC[N+](C)(C)C)N,182.64828,182.64828,M00966A,N004,CARBACHOL,carbachol,"cholinergic, miotic, synthetic"
YU226458,1,Microsource,1505814,Pharmakon 1600,"1115-70-4, 657-24-9(metformin)",Cl.N=C(N(C)C)NC(=N)N,165.62448,165.62448,M00966A,N005,METFORMIN HYDROCHLORIDE,FORTAMET,"antidiabetic, synthetic; LA-6023"
YU225198,2,Microsource,1500159,Pharmakon 1600,298-46-4,O=C(N1(C3(=C(C=CC2(=C1C=CC=C2))C=CC=C3)))N,236.26866,236.26866,M00966A,N006,CARBAMAZEPINE,carbamazepine,"analgesic, anticonvulsant, synthetic"
YU226459,1,Microsource,1505816,Pharmakon 1600,148553-50-8,O=C(O)CC(CN)CC(C)C,159.22612,159.22612,M00966A,N007,PREGABALIN,LYRICA,"anticonvulsant, synthetic; CI-1008"
YU226503,1,Microsource,1500160,Pharmakon 1600,"4800-94-6, 4697-36-3 [carbenicillin]",S1(C(C(C(=O)[O-])N3(C1C(NC(=O)C(C2(=CC=CC=C2))C(=O)[O-])C3=O))(C)C).[Na+].[Na+],422.36436,422.36436,M00966A,N008,CARBENICILLIN DISODIUM,CARBECIN,"antibacterial, semisynthetic; CP-15-639-2, BRL-2064"
YU220988,3,Microsource,1505820,Pharmakon 1600,119413-54-6,Cl.O=C4(N1(C(C2(=NC3(=CC=C(C(=C3(C=C2(C1)))CN(C)C)O)))=CC5(=C4COC(C5(O)CC)=O))),457.90658,457.90658,M00966A,N009,TOPOTECAN HYDROCHLORIDE,,"antineoplastic; topoisomerase I inhibitor, semisynthetic; SKF-104864A"
YU226504,1,Microsource,1500161,Pharmakon 1600,"3505-38-2, 486-16-8 [carbinoxamine]",ClC2(=CC=C(C(OCCN(C)C)C1(=NC=CC=C1))C=C2).O=C(O)C=CC(=O)O,406.8598,406.8598,M00966A,N010,CARBINOXAMINE MALEATE,carbinoxamine,"antihistaminic, synthetic"
YU225090,2,Microsource,2300176,Pharmakon 1600,"63-92-3, 59-96-1 [phenoxybenzamine]",ClCCN(C(COC1(=CC=CC=C1))C)CC2(=CC=CC=C2).Cl,340.28676,340.28676,M00966A,N011,PHENOXYBENZAMINE HYDROCHLORIDE,phenoxybenzamine,"alpha adrenergic blocker, synthetic"
YU033722,2,Microsource,1500162,Pharmakon 1600,78-44-4,O=C(OCC(COC(=O)N)(CCC)C)NC(C)C,260.33004,260.33004,M00966A,N012,CARISOPRODOL,carisoprodol,"muscle relaxant (skeletal), synthetic"
YU155265,2,Microsource,1500680,Pharmakon 1600,"300-08-3, 63-75-2 [arecoline]",[BrH].O=C(OC)C1(=CCCN(C1)C),236.1063,236.1063,M00966A,N013,ARECOLINE HYDROBROMIDE,,"anthelmintic (Cestodes), hypotensive, cathartic, betel nuts (Arica catechu)"
YU226505,1,Microsource,1500163,Pharmakon 1600,"66592-87-8, 50370-12-2 [anhydrous], 119922-89-9 [hemihydrate]",S1(C2(N(C(C(=O)O)=C(C1)C)C(=O)C2NC(=O)C(N)C3(=CC=C(O)C=C3))),363.3894,363.3894,M00966A,N014,CEFADROXIL,DURICEF,"antibacterial, semisynthetic"
YU226460,1,Microsource,1503432,Pharmakon 1600,11121-32-7,O=C2(OC(C(C=CC=CC=CC=CC=CC=CC=CC(OC1(OC(C(O)C(C1O)N)C))CC3(OC(CC(CC(CC(CC(CC(CC(C2)O)=O)O)O)O)O)(O)CC(O)C3C(=O)OC))C)C(CCC(O)CC(=O)C4(=CC=C(NC)C=C4))C),1141.3428,1141.3428,M00966A,N015,MEPARTRICIN,,"antifungal, antiprotozoal, Streptomyces aureofaciens; SPA-S-160, SN-654"
YU226506,1,Microsource,1500165,Pharmakon 1600,"64485-93-4, 63527-52-6 [cefotaxime]",S1(C2(N(C(C(=O)[O-])=C(C1)COC(=O)C)C(=O)C2NC(=O)C(=NOC)C=3(N=C(N)SC=3))).[Na+],477.44951,477.44951,M00966A,N016,CEFOTAXIME SODIUM,CLAFORAN,"antibacterial, semisynthetic"
YU225267,2,Microsource,1505818,Pharmakon 1600,102625-70-7,S(=O)(C1(=NC=2(C=C(OC(F)F)C=CC=2(N1))))CC3(=NC=CC(=C3OC)OC),383.37093,383.3709264,M00966A,N017,PANTOPRAZOLE,PROTONIX,"proton pump inhibitor, gastric acid release inhibitor, antiulcer, synthetic; SK&F-96022, BY-1023"
YU226507,1,Microsource,1500166,Pharmakon 1600,"58-71-9, 153-61-7 [cephalothin]",S1(C2(N(C(C(=O)[O-])=C(C1)COC(=O)C)C(=O)C2NC(=O)CC=3(SC=CC=3))).[Na+],418.42195,418.42195,M00966A,N018,CEPHALOTHIN SODIUM,KEFLIN,"antibacterial, semisynthetic"
YU224113,3,Microsource,2300241,Pharmakon 1600,"34552-83-5, 53179-11-6 [loperamide]",ClC4(=CC=C(C3(O)(CCN(CCC(C1(=CC=CC=C1))(C2(=CC=CC=C2))C(=O)N(C)C)CC3))C=C4).Cl,513.49794,513.49794,M00966A,N019,LOPERAMIDE HYDROCHLORIDE,loperamide,"Ca channel blocker, synthetic; R-18553"
YU226508,1,Microsource,1500167,Pharmakon 1600,"24356-60-3, 21593-23-7 [cephapirin]",S1(C2(N(C(C(=O)[O-])=C(C1)COC(=O)C)C(=O)C2NC(=O)CSC3(=CC=NC=C3))).[Na+],445.44733,445.44733,M00966A,N020,CEPHAPIRIN SODIUM,CEFADYL,"antibacterial, semisynthetic"
YU034468,2,Microsource,2300332,Pharmakon 1600,518-28-5,O=C1(OCC4(C1C(C2(=C(C=C3(OCOC3(=C2)))C4O))C5(=CC(OC)=C(OC)C(=C5)OC))),414.40528,414.40528,M00966A,N021,PODOFILOX,CONDYLOX,"antineoplastic, inhibits microtubule assembly, and human DNA topoisomerase II; antimitotic agent, Podophylum peltatum; podophylotoxin"
YU226509,1,Microsource,1500168,Pharmakon 1600,"38821-53-3 [anhydrous], 58456-86-3 [dihydrate], 31828-50-9 [non-stoichiometric hydrate]",S1(C2(N(C(C(=O)O)=C(C1)C)C(=O)C2NC(=O)C(N)C3(=CCC=CC3))),349.40588,349.40588,M00966A,N022,CEPHRADINE,ANSPOR,"antibacterial, semisynthetic"
YU034172,4,Microsource,1501110,Pharmakon 1600,31431-39-7,O=C(OC)NC2(=NC=3(C=C(C(=O)C1(=CC=CC=C1))C=CC=3(N2))),295.29284,295.29284,M00966A,O003,MEBENDAZOLE,VERMOX,"anthelmintic, synthetic"
YU225290,2,Microsource,1506086,Pharmakon 1600,2447-57-6,S(=O)(=O)(NC1(=NC=NC(=C1OC)OC))C2(=CC=C(N)C=C2),310.33012,310.33012,M00966A,O004,SULFADOXINE,sulfadoxine,"antibacterial, synthetic; RO-4-4393"
YU039815,4,Microsource,1504282,Pharmakon 1600,138530-94-6,S(=O)(C1(=NC=2(C=CC=CC=2(N1))))CC3(=NC=CC(=C3C)OCC(F)(F)F),369.3625896,369.36259,M00966A,O005,DEXLANSOPRAZOLE,dexlansoprazole,"antiulcer, proton pump inhibitor, synthetic; enantomer of lansoprazole (01503926)"
YU226415,1,Microsource,1506069,Pharmakon 1600,98319-26-7,O=C4(NC3(C(C2(C(C1(C(C(C(=O)NC(C)(C)C)CC1)(C)CC2))CC3))(C)C=C4)),372.54422,372.54422,M00966A,O006,FINASTERIDE,finasteride,"anti-androgen, alpha-reductase inhibitor, synthetic; MK-906"
YU226373,1,Microsource,1504818,Pharmakon 1600,138926-19-9,P(=O)(O)(O)C(P(=O)(O)[O-])(O)CCN(CCCCC)C.[Na+].O,359.226092,359.226092,M00966A,O007,IBANDRONATE SODIUM,ibandronic acid,"bone resorption inhibitor, anthypercalcemic, synthetic; BM-210955"
YU226416,1,Microsource,1506082,Pharmakon 1600,67-43-6,O=C(O)CN(CC(=O)O)CCN(CC(=O)O)CCN(CC(=O)O)CC(=O)O,393.34664,393.34664,M00966A,O008,PENTETIC ACID,pentetic acid,"chelating agent, diagnostic aid, synthetic; DTPA"
YU226374,1,Microsource,1502264,Pharmakon 1600,70788-28-2,P(=O)(NC(=O)C1(=CC=C(F)C=C1))(N)N,217.1375442,217.1375442,M00966A,O009,FLUROFAMIDE,flurofamide,"urease inhibitor, synthsis; EU-4534"
YU226417,1,Microsource,1506157,Pharmakon 1600,59-26-7,O=C(N(CC)CC)C1(=CN=CC=C1),178.23104,178.23104,M00966A,O010,NIKETHAMIDE,nikethamide,"analeptic, synthetic"
YU034178,2,Microsource,1501119,Pharmakon 1600,6620-60-6,O=C(NC(C(=O)N(CCC)CCC)CCC(=O)O)C1(=CC=CC=C1),334.41012,334.41012,M00966A,O011,PROGLUMIDE,proglumide,"anticholinergic, synthetic; W-5219"
YU226418,1,Microsource,1505438,Pharmakon 1600,57524-89-7,O=C4(C=C2(C(C1(C(O)CC3(C(OC(=O)CCCC)(C(=O)CO)CCC3(C1CC2))(C)))(C)CC4)),446.57632,446.57632,M00966A,O012,HYDROCORTISONE VALERATE,WESTCORT,"antiinflammatory, glucocorticoid, semisynthetic"
YU226375,1,Microsource,1502269,Pharmakon 1600,123318-82-1,ClC1(=NC(N)=C2(N=CN(C2(=N1))C3(OC(CO)C(C3F)O))),303.6773432,303.6773432,M00966A,O013,CLOFARABINE,clofarabine,"antineoplastic, synthetic"
YU225193,2,Microsource,1505122,Pharmakon 1600,78110-38-0,S(=O)(=O)(O)N2(C(=O)C(NC(=O)C(=NOC(C(=O)O)(C)C)C=1(N=C(N)SC=1))C2C),435.43498,435.43498,M00966A,O014,AZTREONAM,AZACTAM,"antibiotic, synthetic; SQ-26776, UNII-G2B4VE5GH8"
YU034183,4,Microsource,1501127,Pharmakon 1600,29122-68-7,O=C(N)CC1(=CC=C(OCC(O)CNC(C)C)C=C1),266.33616,266.33616,M00966A,O015,ATENOLOL,atenolol,"beta adrenergic blocker, synthetic"
YU220955,3,Microsource,1505271,Pharmakon 1600,483-63-6,O=C(N(C1(=C(C=CC=C1)C))CC)C=CC,203.28022,203.28022,M00966A,O016,CROTAMITON,EURAX,"antipruritic, scabicide, synthetic"
YU226376,1,Microsource,1505497,Pharmakon 1600,242478-37-1,O=C(OC1(C2(CCN(C1)CC2)))C3(NCC=5(C=CC=CC=5(C3C4(=CC=CC=C4)))).O=C(O)CCC(=O)O,480.55286,480.55286,M00966A,O017,SOLIFENACIN SUCCINATE,VESICARE,"muscarinic M3 antagonist, synthetic; YM-905, YM-67905"
YU226419,1,Microsource,1505369,Pharmakon 1600,82626-48-0,O=C(N(C)C)CC=2(N1(C(C=CC(=C1)C)=NC=2C3(=CC=C(C)C=C3))),307.38966,307.38966,M00966A,O018,ZOLPIDEM,zolpidem,"sedative, hypnotic, synthetic; SL-80.0750-23N"
YU034189,5,Microsource,1501134,Pharmakon 1600,2062-78-4,FC5(=CC=C(C(C1(=CC=C(F)C=C1))CCCN4(CCC(N2(C(=O)NC3(=C2C=CC=C3)))CC4))C=C5),461.5462864,461.54629,M00966A,O019,PIMOZIDE,pimozide,"antipsychotic, synthetic; McN-JR-6238, R-6238"
YU155261,2,Microsource,1505729,Pharmakon 1600,661-19-8,OCCCCCCCCCCCCCCCCCCCCCC,326.60004,326.60004,M00966A,O020,DOCOSANOL,ABREVA,"antiviral, Pygeum africanum"
YU226377,1,Microsource,1505462,Pharmakon 1600,4065-45-6,S(=O)(=O)(O)C1(=C(OC)C=C(O)C=C1C(=O)C2(=CC=CC=C2)),308.30748,308.30748,M00966A,O021,SULISOBENZONE,SUNGARD,"ultraviolet screen, synthetic; NSC-60584"
YU226420,1,Microsource,1505447,Pharmakon 1600,543-82-8,NC(CCCC(C)C)C,129.2432,129.2432,M00966A,O022,OCTODRINE,octodrine,"vasoconstrictor, anesthetic (local), synthetic; SK&F-51"
YU034332,4,Microsource,2300205,Pharmakon 1600,59-92-7,O=C(O)C(N)CC1(=CC(O)=C(O)C=C1),197.18798,197.18798,M00966A,P003,LEVODOPA,levodopa,"antiparkinsonian, Vicia faba seedlings, Sarothamnus spp, & other palnts"
YU226510,1,Microsource,1500169,Pharmakon 1600,"6004-24-6, 123-03-5 [anhydrous]",[Cl-].[N+]1(=CC=CC=C1)(CCCCCCCCCCCCCCCC),339.98586,339.98586,M00966A,P004,CETYLPYRIDINIUM CHLORIDE,cetylpyridinium chloride,"antiinfective (topical), synthetic"
YU226461,1,Microsource,1503221,Pharmakon 1600,434-03-7,O=C4(C=C3(C(C2(C(C1(C(C(O)(C#C)CC1)(C)CC2))CC3))(C)CC4)),312.44582,312.44582,M00966A,P005,ETHISTERONE,ethisterone,"progestogen, synthetic; NSC-9565"
YU033730,4,Microsource,1500171,Pharmakon 1600,305-03-3,ClCCN(C1(=CC=C(CCCC(=O)O)C=C1))CCCl,304.2116,304.2116,M00966A,P006,CHLORAMBUCIL,chlorambucil,"antineoplastic, alkylating agent, synthetic"
YU040049,4,Microsource,1503721,Pharmakon 1600,93106-60-6,FC2(=C(N1(CCN(CC)CC1))C=C3(N(C=C(C(C3(=C2))=O)C(=O)O)C4(CC4))),359.3948032,359.3948,M00966A,P007,ENROFLOXACIN,enrofloxacin,"antibacterial, synthetic"
YU226511,1,Microsource,1500172,Pharmakon 1600,530-43-8,ClC(Cl)C(=O)NC(C(O)C1(=CC=C([N+](=O)[O-])C=C1))COC(=O)CCCCCCCCCCCCCCC,561.53766,561.53766,M00966A,P008,CHLORAMPHENICOL PALMITATE,CHLOROPAL,"antibacterial, antirickettsial, semisynthetic"
YU226462,1,Microsource,300548,Pharmakon 1600,"6160-12-9, 299-39-8 [anhydrous], 90-39-1 [sparteine]",S(=O)(=O)(O)O.N14(C(C2(CN3(CCCCC3(C(C1)C2))))CCCC4),332.4599,332.4599,M00966A,P009,SPARTEINE SULFATE,,"oxytocic, Lupinus spp and other Leguminosae"
YU226512,1,Microsource,1500173,Pharmakon 1600,"982-57-0, 56-75-7 [chloramphenicol]",ClC(Cl)C(=O)NC(C(O)C1(=CC=C([N+](=O)[O-])C=C1))COC(=O)CCC(=O)[O-].[Na+],445.18345,445.18345,M00966A,P010,CHLORAMPHENICOL SODIUM SUCCINATE,GLOBENICOL,"antibacterial, antirickettsial, inhibits protein synthesis, semisynthetic"
YU226463,1,Microsource,300034,Pharmakon 1600,57-85-2,O=C4(C=C3(C(C2(C(C1(C(C(OC(=O)CC)CC1)(C)CC2))CC3))(C)CC4)),344.48768,344.48768,M00966A,P011,TESTOSTERONE PROPIONATE,VIRORMONE,"androgen, antineoplastic, semisynthetic"
YU033732,2,Microsource,1500174,Pharmakon 1600,56-75-7,ClC(Cl)C(=O)NC(C(O)C1(=CC=C([N+](=O)[O-])C=C1))CO,323.12886,323.12886,M00966A,P012,CHLORAMPHENICOL,chloramphenicol,"antibacterial, antirickettsial, inhibits protein synthesis, Streptomyces venezuelae"
YU226464,1,Microsource,1503240,Pharmakon 1600,"101-26-8, 155-97-5 [pyridostigmine]",[Br-].O=C(OC1(=C[N+](=CC=C1)C))N(C)C,261.1158,261.1158,M00966A,P013,PYRIDOSTIGMINE BROMIDE,pyridostigmine bromide,"cholinergic, synthetic; RO-1-5130"
YU226513,1,Microsource,1500175,Pharmakon 1600,"1620-21-9, 82-93-9 [base]",ClC3(=CC=C(C(N1(CCN(C)CC1))C2(=CC=CC=C2))C=C3).Cl,337.28616,337.28616,M00966A,P014,CHLORCYCLIZINE HYDROCHLORIDE,DI-PARALENE,"H1-antihistamine, synthetic"
YU226465,1,Microsource,1506067,Pharmakon 1600,35554-44-0,ClC1(=C(C=CC(=C1)Cl)C(OCC=C)CN2(C=NC=C2)),297.17924,297.17924,M00966A,P015,ENILCONAZOLE,enilconazole,"antifungal, synthetic; R-23979"
YU226514,1,Microsource,1500177,Pharmakon 1600,"3697-42-5, 55-56-1 [chlorhexidine]",ClC2(=CC=C(NC(=N)NC(=N)NCCCCCCNC(=N)NC(=N)NC1(=CC=C(Cl)C=C1))C=C2).Cl.Cl,578.36768,578.36768,M00966A,P016,CHLORHEXIDINE HYDROCHLORIDE,LISIUM,"antibacterial (topical), disinfectant, synthetic; AY-5312"
YU226466,1,Microsource,1505725,Pharmakon 1600,151-73-5,P(=O)(OCC(=O)C4(O)(C3(C(C2(C(F)(C1(C(=CC(=O)C=C1)CC2)(C))C(C3)O))CC4C)(C)))([O-])[O-].[Na+].[Na+],516.40462,516.4046242,M00966A,P017,BETAMETHASONE SODIUM PHOSPHATE,CELESTONE,"antiinflammatory, glucocorticoid, semisynthetic"
YU226515,1,Microsource,1301023,Pharmakon 1600,102-60-3,OC(CN(CC(O)C)CCN(CC(O)C)CC(O)C)C,292.41496,292.41496,M00966A,P018,EDITOL,edetol,"alkylising agent, synthetic"
YU034287,3,Microsource,1502113,Pharmakon 1600,115-02-6,O=C(OCC(N)C(=O)O)C=[N+]=[N-],173.1269,173.1269,M00966A,P019,AZASERINE,,"antineoplastic, amino acid antagonist, Streptomyces fragilis; CL-337, CN-15757"
YU226516,1,Microsource,1500179,Pharmakon 1600,50-63-5,ClC2(=CC1(=NC=CC(=C1C=C2)NC(CCCN(CC)CC)C)).P(=O)(O)(O)O.P(=O)(O)(O)O,515.86232,515.862322,M00966A,P020,CHLOROQUINE DIPHOSPHATE,ARALEN,"antimalarial, antiamebic, antirheumatic, intercalating agent, synthetic"
YU226467,1,Microsource,1504218,Pharmakon 1600,7527-91-5,OC1(=C(C=CC(=C1)O)CCCCCC).N=2(C=4(C(C(N)=C3(C=2C=CC=C3))=CC=CC=4)),388.5021,388.5021,M00966A,P021,ACRISORCIN,acrisorcin,"antifungal, synthetic"
YU226517,1,Microsource,1500180,Pharmakon 1600,58-94-6,ClC1(=C(S(=O)(=O)N)C=C2(S(=O)(=O)NC=NC2(=C1))),295.72506,295.72506,M00966A,P022,CHLOROTHIAZIDE,DIURIL,"diuretic, antihypertensive, synthetic"
YU031073,5,Microsource,2300229,Pharmakon 1600,10238-21-8,ClC1(=CC(=C(OC)C=C1)C(=O)NCCC3(=CC=C(S(=O)(=O)NC(=O)NC2(CCCCC2))C=C3)),494.00434,494.00434,M00967A,A003,GLYBURIDE,glibenclamide,"antihyperglycemic, synthetic; HB-419, U-26452"
YU033817,2,Microsource,1500284,Pharmakon 1600,979-32-8,O=C(OC4(C3(C(C2(C(C1(=C(C=C(O)C=C1)CC2))CC3))CC4)(C)))CCCC,356.49838,356.49838,M00967A,A004,ESTRADIOL VALERATE,DELESTRGEN,"estrogen, semisynthetic; NSC-17590"
YU033739,2,Microsource,1500182,Pharmakon 1600,88-04-0,ClC1(=C(C=C(O)C=C1C)C),156.60916,156.60916,M00967A,A005,CHLOROXYLENOL,DETTOL,"antibacterial, topical and urinary antiseptic, synthetic"
YU033818,2,Microsource,1500285,Pharmakon 1600,"50-27-1, 514-68-1 [as, succinate]",OC4(=CC3(=C(C2(C(C1(C(C(O)C(C1)O)(C)CC2))CC3))C=C4)),288.38136,288.38136,M00967A,A006,ESTRIOL,THEELOL,"estrogen, mammalian hormone"
YU221044,2,Microsource,1500183,Pharmakon 1600,"113-92-8, 132-22-9 [chlorpheniramine]",ClC2(=CC=C(C(C1(=NC=CC=C1))CCN(C)C)C=C2).O=C(O)C=CC(=O)O,390.8604,390.8604,M00967A,A007,CHLORPHENIRAMINE MALEATE,chlorphenamine,"antihistaminic, synthetic"
YU033819,2,Microsource,1500286,Pharmakon 1600,53-16-7,O=C4(C3(C(C2(C(C1(=C(C=C(O)C=C1)CC2))CC3))CC4)(C)),270.36608,270.36608,M00967A,A008,ESTRONE,estrone,"estrogen, pregnacy urine, dates and Punica granatum seeds"
YU033741,2,Microsource,1500184,Pharmakon 1600,50-53-3,ClC3(=CC=2(N(C1(=C(C=CC=C1)SC=2C=C3))CCCN(C)C)),318.86494,318.86494,M00967A,A009,CHLORPROMAZINE,chlorpromazine,"antiemetic, antipsychotic, synthetic"
YU033820,3,Microsource,1500287,Pharmakon 1600,58-54-8,ClC1(=C(Cl)C(C(=O)C(=C)CC)=CC=C1OCC(=O)O),303.13738,303.13738,M00967A,A010,ETHACRYNIC ACID,etacrynic acid,"diuretic, synthetic; MK-595, NSC-85791"
YU033742,2,Microsource,1500185,Pharmakon 1600,94-20-2,ClC1(=CC=C(S(=O)(=O)NC(=O)NCCC)C=C1),276.7406,276.7406,M00967A,A011,CHLORPROPAMIDE,chlorpropamide,"antidiabetic, synthetic"
YU226563,1,Microsource,1500288,Pharmakon 1600,"1070-11-7, 74-55-5 [ethambutol]",Cl.Cl.OCC(NCCNC(CO)CC)CC,277.23112,277.23112,M00967A,A012,ETHAMBUTOL HYDROCHLORIDE,ethambutol,"antibacterial (tuberculostatic), synthetic; CL-40881"
YU226518,1,Microsource,1500186,Pharmakon 1600,64-72-2,ClC4(=C1(C(C(=O)C2(=C(O)C3(O)(C(=O)C(C(=O)N)=C(C(C3(CC2(C1(O)C)))N(C)C)O)))=C(O)C=C4)).Cl,515.34004,515.34004,M00967A,A013,CHLORTETRACYCLINE HYDROCHLORIDE,AUREOMYCIN,"antibacterial, antiamebic, Ca chelator, hepatotoxic; inhibits protein synthesis, Streptomyces aureofaciens"
YU226564,1,Microsource,1500291,Pharmakon 1600,57-63-6,OC4(=CC3(=C(C2(C(C1(C(C(O)(C#C)CC1)(C)CC2))CC3))C=C4)),296.40336,296.40336,M00967A,A014,ETHINYL ESTRADIOL,ethinylestradiol,"estrogen, plus progestogen as oral contraceptive, semisynthetic NSC-10973;"
YU033744,2,Microsource,1500187,Pharmakon 1600,77-36-1,ClC3(=C(S(=O)(=O)N)C=C(C1(O)(NC(=O)C2(=C1C=CC=C2)))C=C3),338.76692,338.76692,M00967A,A015,CHLORTHALIDONE,chlortalidone,"diuretic, antihypertensive, synthetic; G-33182"
YU033823,2,Microsource,1500292,Pharmakon 1600,536-33-4,S=C(N)C1(=CC(=NC=C1)CC),166.24448,166.24448,M00967A,A016,ETHIONAMIDE,ethionamide,"antibacterial, tuberculostatic, synthetic; 1314-TH"
YU033745,3,Microsource,1500188,Pharmakon 1600,95-25-0,ClC2(=CC=1(NC(=O)OC=1C=C2)),169.5649,169.5649,M00967A,A017,CHLORZOXAZONE,chlorzoxazone,"muscle relaxant (skeletal), synthetic"
YU226565,1,Microsource,1500293,Pharmakon 1600,"1094-08-2, 522-00-9 [ethopropazine]",Cl.S1(C3(=C(N(CC(N(CC)CC)C)C2(=C1C=CC=C2))C=CC=C3)),348.93398,348.93398,M00967A,A018,ETHOPROPAZINE HYDROCHLORIDE,profenamine,"antiparkinsonian, anticholinergic, synthetic"
YU225088,2,Microsource,1505887,Pharmakon 1600,72509-76-3,ClC1(=C(Cl)C=CC=C1C2(C(=C(NC(=C2C(=O)OC)C)C)C(=O)OCC)),384.2532,384.2532,M00967A,A019,FELODIPINE,felodipine,"vasodilator, Ca channel blocker, synthetic; H-154/82"
YU226566,1,Microsource,1500295,Pharmakon 1600,"536-93-6, 100-91-4 [eucatropine]",Cl.O=C(OC1(C(N(C(C)(C)CC1)C)C))C(O)C2(=CC=CC=C2),327.84598,327.84598,M00967A,A020,EUCATROPINE HYDROCHLORIDE,,"anticholinergic (opthalmic), semisynthetic"
YU226519,1,Microsource,1500190,Pharmakon 1600,28657-80-9,O=C1(C(=NN(CC)C2(=C1C=C3(OCOC3(=C2))))C(=O)O),262.21828,262.21828,M00967A,A021,CINOXACIN,cinoxacin,"antibacterial, synthetic; 64716"
YU033827,3,Microsource,1500296,Pharmakon 1600,97-53-0,O(C1(=C(O)C=CC(=C1)CC=C))C,164.20108,164.20108,M00967A,A022,EUGENOL,,"analgesic (topical), antiseptic, antifungal, common in plant essential oils"
YU225211,2,Microsource,1500447,Pharmakon 1600,"4682-36-4, 83-98-7 [orphenadrine]",O=C(O)C(O)(CC(=O)O)CC(=O)O.O(C(C1(=C(C=CC=C1)C))C2(=CC=CC=C2))CCN(C)C,461.50488,461.50488,M00967A,B003,ORPHENADRINE CITRATE,orphenadrine,"muscle relaxant (skeletal), antihistaminic, synthetic"
YU226652,1,Microsource,1500586,Pharmakon 1600,124-94-7,FC23(C1(C(=CC(=O)C=C1)CCC2C4(CC(O)C(C4(CC3O)(C))(O)C(=O)CO))(C)),394.4338832,394.4338832,M00967A,B004,TRIAMCINOLONE,triamcinolone,"glucocorticoid, semisynthetic"
YU226609,1,Microsource,1500465,Pharmakon 1600,"69-57-8, 61-33-6 [penicillin, G]",[K+].S1(C(C(C(=O)[O-])N3(C1C(NC(=O)CC2(=CC=CC=C2))C3=O))(C)C),372.48156,372.48156,M00967A,B005,PENICILLIN G POTASSIUM,PENTIDS,"antibacterial, Penicillium spp"
YU226653,1,Microsource,1500587,Pharmakon 1600,76-25-5,FC23(C1(C(=CC(=O)C=C1)CCC2C4(CC5(OC(OC5(C4(CC3O)(C))(C(=O)CO))(C)C)))(C)),434.49774,434.4977432,M00967A,B006,TRIAMCINOLONE ACETONIDE,NASACORT,"antiinflammatory, semisynthetic"
YU226610,1,Microsource,1500467,Pharmakon 1600,"132-98-9, 87-08-1 [penicillin, V]",[K+].S1(C(C(C(=O)[O-])N3(C1C(NC(=O)COC2(=CC=CC=C2))C3=O))(C)C),388.48096,388.48096,M00967A,B007,PENICILLIN V POTASSIUM,BEEPEN-VK,"antibacterial, semisynthetic"
YU226654,1,Microsource,1500588,Pharmakon 1600,67-78-7,FC23(C1(C(=CC(=O)C=C1)CCC2C4(CC(OC(=O)C)C(C4(CC3O)(C))(O)C(=O)COC(=O)C))(C)),478.50724,478.5072432,M00967A,B008,TRIAMCINOLONE DIACETATE,KENACORT,"antiinflammatory, semisynthetic"
YU225343,2,Microsource,1500774,Pharmakon 1600,51-48-9,IC2(=C(OC1(=CC(I)=C(O)C(=C1)I))C(I)=CC(=C2)CC(N)C(=O)O),776.87006,776.87006,M00967A,B009,LEVOTHYROXINE,SYNTHROID,"antihypercholesterimic, thyromimetic, thyroid gland"
YU034036,2,Microsource,1500589,Pharmakon 1600,396-01-0,N1(=C(N=C(N)C=3(C1=NC(N)=C(C2(=CC=CC=C2))N=3))N),253.26292,253.26292,M00967A,B010,TRIAMTERENE,triamterene,"diuretic, semisynthetic; SK&F-8542"
YU226611,1,Microsource,1500483,Pharmakon 1600,"61-76-7, 59-42-7 [phenylephrine]",Cl.OC1(=CC(=CC=C1)C(O)CNC),203.6657,203.6657,M00967A,B011,PHENYLEPHRINE HYDROCHLORIDE,AFRIN,"mydriatic, decongestant, synthetic"
YU034037,3,Microsource,1500590,Pharmakon 1600,133-67-5,ClC1(=C(S(=O)(=O)N)C=C2(S(=O)(=O)NC(NC2(=C1))C(Cl)Cl)),380.65704,380.65704,M00967A,B012,TRICHLORMETHIAZIDE,trichlormethiazide,"diuretic, antihypertensive, synthetic"
YU226612,1,Microsource,1502387,Pharmakon 1600,220991-20-8,ClC2(=C(NC1(=C(C=C(C)C=C1)CC(=O)O))C(F)=CC=C2),293.7203632,293.7203632,M00967A,B013,LUMIRACOXIB,lumiracoxib,"antiinflammatory, analgesic, antiarthritic, synthetic; COX-189"
YU225091,2,Microsource,1500591,Pharmakon 1600,"440-17-5, 117-89-5 [trifluoperazine]",Cl.Cl.S2(C4(=C(N(CCCN1(CCN(C)CC1))C3(=C2C=CC=C3))C=C(C(F)(F)F)C=C4)),480.4179696,480.4179696,M00967A,B014,TRIFLUOPERAZINE HYDROCHLORIDE,trifluoperazine,"antipsychotic, synthetic"
YU034544,2,Microsource,1500486,Pharmakon 1600,"57-64-7, 57-47-6 [physostigmine]",O=C(OC3(=CC1(=C(N(C)C2(C1(CCN2C)C))C=C3)))NC.O=C(O)C4(=C(O)C=CC=C4),413.467,413.467,M00967A,B015,PHYSOSTIGMINE SALICYLATE,ANTILIRIUM,"cholinergic, anticholinesterase, miotic, Physostigma venenosum"
YU226655,1,Microsource,1500592,Pharmakon 1600,52-49-3,Cl.OC(C1(=CC=CC=C1))(C2(CCCCC2))CCN3(CCCCC3),337.92692,337.92692,M00967A,B016,TRIHEXYPHENIDYL HYDROCHLORIDE,trihexyphenidyl,"anticholinergic, antiparkinsonian, synthetic"
YU226613,1,Microsource,1500487,Pharmakon 1600,"148-72-1, 92-13-7 [pilocarpine]",O=[N+](O)[O-].O=C1(OCC(C1CC)CC=2(N(C=NC=2)C)),271.2699,271.2699,M00967A,B017,PILOCARPINE NITRATE,PILAGAN,"antiglaucoma agent, miotic, Pilocarpus spp."
YU226656,1,Microsource,1500593,Pharmakon 1600,"4330-99-8, 41375-66-0 [replaced], 84-96-8 [trimeprazine]",S1(C3(=C(N(CC(CN(C)C)C)C2(=C1C=CC=C2))C=CC=C3)).O=C(O)C(O)C(O)C(=O)O,448.5336,448.5336,M00967A,B018,TRIMEPRAZINE TARTRATE,alimemazine,"antipruritic, synthetic;Bay-1219, RP-6549"
YU033961,3,Microsource,1500488,Pharmakon 1600,13523-86-9,O(C2(=C1(C(NC=C1)=CC=C2)))CC(O)CNC(C)C,248.32088,248.32088,M00967A,B019,PINDOLOL,pindolol,"antihypertensive, antianginal, antiarrhythmic, antiglaucoma, synthetic; LB-46"
YU034042,3,Microsource,1500595,Pharmakon 1600,738-70-5,O(C2(=C(OC)C=C(CC1(=C(N=C(N)N=C1)N))C=C2OC))C,290.31788,290.31788,M00967A,B020,TRIMETHOPRIM,trimethoprim,"antibacterial, synthetic; BW-72U"
YU226614,1,Microsource,1500489,Pharmakon 1600,"59703-84-3, 66258-76-2 [piperacillin], 61477-96-1 [anhydrous]",S1(C(C(C(=O)[O-])N4(C1C(NC(=O)C(NC(=O)N2(C(=O)C(=O)N(CC)CC2))C3(=CC=CC=C3))C4=O))(C)C).[Na+],539.53781,539.53781,M00967A,B021,PIPERACILLIN SODIUM,PIPRACIL,"antibacterial, semisynthetic; T-1220, CL-227193"
YU226657,1,Microsource,1500596,Pharmakon 1600,3902-71-4,O=C3(OC1(=C(C=C2(C=C(OC2(=C1C))C))C(=C3)C)),228.24328,228.24328,M00967A,B022,TRIOXSALEN,trioxysalen,"melanizing agent, antipsoriatic, synthetic; NSC-71047"
YU226520,1,Microsource,1500191,Pharmakon 1600,"14976-57-9, 15686-51-8 (base)",ClC3(=CC=C(C(OCCC1(N(CCC1)C))(C2(=CC=CC=C2))C)C=C3).O=C(O)C=CC(=O)O,459.96214,459.96214,M00967A,C003,CLEMASTINE FUMARATE,TAVIST,"antihistaminic, synthetic"
YU226567,1,Microsource,1500299,Pharmakon 1600,"514-36-3, 127-31-1 [fludrocortisone]",FC23(C1(C(=CC(=O)CC1)CCC2C4(CCC(C4(CC3O)(C))(O)C(=O)COC(=O)C))(C)),422.48704,422.4870432,M00967A,C004,FLUDROCORTISONE ACETATE,FLORINEF,"mineralocorticoid, semisynthetic"
YU226521,1,Microsource,1500192,Pharmakon 1600,3485-62-9,O=C(OC1(C2(CC[N+](C1)(C)CC2)))C(O)(C3(=CC=CC=C3))C4(=CC=CC=C4),352.44678,352.44678,M00967A,C005,CLIDINIUM BROMIDE,clidinium bromide,DB00771
YU226568,1,Microsource,1500300,Pharmakon 1600,"2002-29-1, 2135-17-3 [flumethasone]",FC23(C1(C(=CC(=O)C=C1)C(F)CC2C4(CC(C)C(C4(CC3O)(C))(O)C(=O)COC(=O)C(C)(C)C))(C)),494.56795,494.5679464,M00967A,C006,FLUMETHAZONE PIVALATE,LOCORTEN,"glucocorticoid, antiinflammatory, semisynthetic; NSC-107680"
YU226522,1,Microsource,1500193,Pharmakon 1600,"21462-39-5, 58207-19-5 [monohydrate], 18323-44-9 [clindamycin]",ClC(C(NC(=O)C1(N(CC(C1)CCC)C))C2(OC(SC)C(O)C(C2O)O))C.Cl,461.44444,461.44444,M00967A,C007,CLINDAMYCIN HYDROCHLORIDE,CLINSOL,"antibacterial, inhibits protein synthesis, semisynthetic; U-21251"
YU226569,1,Microsource,1500302,Pharmakon 1600,67-73-2,FC23(C1(C(=CC(=O)C=C1)C(F)CC2C4(CC5(OC(OC5(C4(CC3O)(C))(C(=O)CO))(C)C)))(C)),452.4882064,452.4882064,M00967A,C008,FLUOCINOLONE ACETONIDE,fluocinolone acetonide,"glucocorticoid, antiinflammatory, semisynthetic; NSC-92339"
YU226523,1,Microsource,1500196,Pharmakon 1600,"50-41-9, 911-45-5 [clomiphene]",ClC(C1(=CC=CC=C1))=C(C2(=CC=C(OCCN(CC)CC)C=C2))C3(=CC=CC=C3).O=C(O)C(O)(CC(=O)O)CC(=O)O,598.08288,598.08288,M00967A,C009,CLOMIPHENE CITRATE,clomifene,"gonad stimulating principle, synthetic; MRL-41, MER-41"
YU226570,1,Microsource,1500303,Pharmakon 1600,356-12-7,FC23(C1(C(=CC(=O)C=C1)C(F)CC2C4(CC5(OC(OC5(C4(CC3O)(C))(C(=O)COC(=O)C))(C)C)))(C)),494.5248864,494.5248864,M00967A,C010,FLUOCINONIDE,fluocinonide,"antiinflammatory, glucocorticoid, semisynthetic; NSC-101791"
YU226524,1,Microsource,1500198,Pharmakon 1600,"4205-91-8, 4205-90-7 [clonidine]",ClC2(=C(N=C1(NCCN1))C(Cl)=CC=C2).Cl,266.55402,266.55402,M00967A,C011,CLONIDINE HYDROCHLORIDE,CATAPRES,"antihypertensive, synthetic; ST-155"
YU226571,1,Microsource,1500304,Pharmakon 1600,426-13-1,FC23(C1(C(=CC(=O)C=C1)C(C)CC2C4(CCC(C4(CC3O)(C))(O)C(=O)C))(C)),376.4616632,376.4616632,M00967A,C012,FLUOROMETHOLONE,fluorometholone,"glucocorticoid, antiinflammatory, semisynthetic"
YU039439,5,Microsource,1500200,Pharmakon 1600,23593-75-1,ClC1(=C(C=CC=C1)C(N2(C=NC=C2))(C3(=CC=CC=C3))C4(=CC=CC=C4)),344.83656,344.83656,M00967A,C013,CLOTRIMAZOLE,clotrimazole,"antifungal, synthetic; Bay-5097, FB-5097"
YU221348,3,Microsource,1500305,Pharmakon 1600,51-21-8,FC=1(C(=O)NC(=O)NC=1),130.0773032,130.0773032,M00967A,C014,FLUOROURACIL,fluorouracil,"antineoplastic, pyrimidine antimetabolite, synthetic; Ro-2-9757"
YU226525,1,Microsource,1500201,Pharmakon 1600,"7081-44-9, 642-78-4 [anhydrous]",ClC4(=C(C1(=NOC(=C1C(=O)NC2(C(=O)N3(C(C(=O)[O-])C(SC23)(C)C)))C))C=CC=C4).[Na+],457.86397,457.86397,M00967A,C015,CLOXACILLIN SODIUM,TEGOPEN,"antibacterial, semisynthetic; BRL-1621"
YU039413,6,Microsource,1500308,Pharmakon 1600,5104-49-4,FC2(=C(C1(=CC=CC=C1))C=CC(=C2)C(C(=O)O)C),244.2609232,244.26092,M00967A,C016,FLURBIPROFEN,flurbiprofen,"antiinflammatory, analgesic, synthetic; BTS-18322, U-27182"
YU033756,2,Microsource,1500202,Pharmakon 1600,130-16-5,ClC=2(C=1(C(=NC=CC=1)C(O)=CC=2)),179.60278,179.60278,M00967A,C017,CLOXYQUIN,cloxiquine,"antibacterial, antifungal, synthetic"
YU226572,1,Microsource,1500309,Pharmakon 1600,67-45-8,O=[N+]([O-])C=2(OC(C=NN1(C(=O)OCC1))=CC=2),225.1584,225.1584,M00967A,C018,FURAZOLIDONE,furazolidone,"antibacterial, NF-180; synthetic"
YU226526,1,Microsource,1500205,Pharmakon 1600,64-86-8,O=C1(C(OC)=CC=C2(C(=C1)C(NC(=O)C)CCC=3(C2=C(OC)C(OC)=C(OC)C=3))),399.43704,399.43704,M00967A,C019,COLCHICINE,,"antimitotic, antigout agent, Colchicum autumnale"
YU033836,4,Microsource,1500310,Pharmakon 1600,54-31-9,ClC1(=C(S(=O)(=O)N)C=C(C(=O)O)C(=C1)NCC=2(OC=CC=2)),330.74492,330.74492,M00967A,C020,FUROSEMIDE,furosemide,"diuretic, antihypertensive, synthetic"
YU226527,1,Microsource,1500206,Pharmakon 1600,8068-28-8,S(=O)(=O)([O-])CNCCC1(NC(=O)C(NC(=O)C(NC(=O)C(NC(=O)C(NC(C(CCNC(C(NC1=O)C(O)C)=O)NC(=O)C(NC(=O)C(NC(=O)C(NC(=O)CCCCC(CC)C)CCNCS(=O)(=O)[O-])C(O)C)CCNCS(=O)(=O)[O-])=O)CCNCS(=O)(=O)[O-])CC(C)C)CC(C)C)CCNCS(=O)(=O)[O-]),1634.87534,1634.87534,M00967A,C021,COLISTIMETHATE SODIUM,colistimethate sodium,DB01111
YU226573,1,Microsource,1500311,Pharmakon 1600,6990-06-03 00:00:00,O=C(O)C(=C4(C3(C(C2(C(C1(C(C(C(O)CC1)C)CC2)(C))C(C3)O)(C))(C)CC4OC(=O)C)))CCC=C(C)C,516.70922,516.70922,M00967A,C022,FUSIDIC ACID,FUCIDINE,"antibacterial, Fusidium spp; SQ-16603"
YU226615,1,Microsource,1504258,Pharmakon 1600,105816-04-4,O=C(NC(C(=O)O)CC1(=CC=CC=C1))C2(CCC(C(C)C)CC2),317.42262,317.42262,M00967A,D003,NATEGLINIDE,STARLIX,"antidiabetic, synthetic; A-4166, DJN-608"
YU226658,1,Microsource,1500597,Pharmakon 1600,"6138-56-3, 91-81-6 [tripelennamine]",O=C(O)C(O)(CC(=O)O)CC(=O)O.N2(=C(N(CC1(=CC=CC=C1))CCN(C)C)C=CC=C2),447.48168,447.48168,M00967A,D004,TRIPELENNAMINE CITRATE,PYRIBENZAMINE,"antihistaminic, synthetic"
YU225110,2,Microsource,1500491,Pharmakon 1600,36322-90-4,S1(=O)(=O)(N(C(=C(O)C2(=C1C=CC=C2))C(=O)NC3(=NC=CC=C3))C),331.34754,331.34754,M00967A,D005,PIROXICAM,FELDENE,"antiinflammatory, synthetic; CP-16171"
YU225002,2,Microsource,1500598,Pharmakon 1600,"6138-79-0, 550-70-9 [anhydrous], 486-12-4 [triprolidine]",Cl.N3(=C(C(C1(=CC=C(C)C=C1))=CCN2(CCCC2))C=CC=C3),314.8521,314.8521,M00967A,D006,TRIPROLIDINE HYDROCHLORIDE,triprolidine,"antihistaminic, synthetic"
YU155517,2,Microsource,1500492,Pharmakon 1600,"1405-20-5, 1404-26-8 [polymyxin B]",S(=O)(=O)(O)O.O=C1(NCCC(NC(=O)C(NC(=O)C(NC(=O)C(NC(=O)CCCCC(CC)C)CCN)C(O)C)CCN)C(=O)NC(C(=O)NC(C(=O)NC(C(NC(C(NC(C(NC1C(O)C)=O)CCN)=O)CCN)=O)CC(C)C)CC2(=CC=CC=C2))CCN),1301.55684,1301.55684,M00967A,D007,POLYMYXIN B SULFATE,AEROSPORIN,"antibacterial, Bacillus polymyxa"
YU034046,3,Microsource,1500599,Pharmakon 1600,1508-75-4,O=C(N(CC1(=CC=NC=C1))CC)C(C2(=CC=CC=C2))CO,284.35298,284.35298,M00967A,D008,TROPICAMIDE,MYRDRIACYL,"anticholinergic (opthalmic), synthetic"
YU033966,3,Microsource,1500494,Pharmakon 1600,55268-74-1,O=C3(N2(C(C1(=C(C=CC=C1)CC2))CN(C3)C(=O)C4(CCCCC4))),312.40614,312.40614,M00967A,D009,PRAZIQUANTEL,praziquantel,"anthelmintic; EMBAY-8440, synthetic"
YU021753,4,Microsource,1500600,Pharmakon 1600,"73-22-3 [""L""]",O=C(O)C(N)CC=2(C1(=C(C=CC=C1)NC=2)),204.22526,204.22526,M00967A,D010,TRYPTOPHAN,tryptophan,"antidepressant, nutrient; LD50(rat) 1634 mg/kg ip , many plants, animal protein"
YU224978,2,Microsource,1500495,Pharmakon 1600,"19237-84-4, 19216-56-9 [prazosin]",Cl.O=C(N3(CCN(C=1(N=C(N)C2(=CC(OC)=C(C=C2(N=1))OC)))CC3))C=4(OC=CC=4),419.86198,419.86198,M00967A,D011,PRAZOSIN HYDROCHLORIDE,MINIPRESS,"antihypertensive, synthetic; CP-12299-1"
YU226659,1,Microsource,1500601,Pharmakon 1600,"6411-75-2, 123-82-0 [tuaminoheptane]",S(=O)(=O)(O)O.NC(CCCCC)C,213.2961,213.2961,M00967A,D012,TUAMINOHEPTANE SULFATE,tuaminoheptane,"adrenergic agonist, synthetic"
YU226616,1,Microsource,1500496,Pharmakon 1600,"50-24-8 [anhydrous], 52438-85-4 [sesquihydrate]",O=C4(C=C2(C(C1(C(O)CC3(C(O)(C(=O)CO)CCC3(C1CC2))(C)))(C)C=C4)),360.44402,360.44402,M00967A,D013,PREDNISOLONE,prednisolone,"glucocorticoid, semisynthetic; NSC-9120"
YU034048,2,Microsource,1500603,Pharmakon 1600,1404-88-2,O=C1(N6(C(C(=O)NC(C(=O)NC(C(=O)NC(C(=O)NC(C(=O)NC(C(NC(C(NC(C(NC(C(NC1CC2(=CC=CC=C2))=O)CC(C)C)=O)CCCN)=O)C(C)C)=O)CC3(=CC=C(O)C=C3))CCC(=O)O)CC(=O)O)CC4(=CC=CC=C4))CC5(=CC=CC=C5))CCC6)),1272.44624,1272.44624,M00967A,D014,TYROTHRICIN,tyrothricin,"topical antibacterial (topical), Bacillus aneurinolyticus; mixture of gramicidins & tyrocidines (tyrocidine A shown)"
YU226617,1,Microsource,1500497,Pharmakon 1600,52-21-1,O=C4(C=C2(C(C1(C(O)CC3(C(O)(C(=O)COC(=O)C)CCC3(C1CC2))(C)))(C)C=C4)),402.4807,402.4807,M00967A,D015,PREDNISOLONE ACETATE,METICOTOLONE,"glucocorticoid, semisynthetic"
YU034049,2,Microsource,1500604,Pharmakon 1600,57-13-6,O=C(N)N,60.05534,60.05534,M00967A,D016,UREA,UREAPHIL,"diuretic, synthetic"
YU226618,1,Microsource,1500499,Pharmakon 1600,53-03-2,O=C4(C=C2(C(C1(C(=O)CC3(C(O)(C(=O)CO)CCC3(C1CC2))(C)))(C)C=C4)),358.42814,358.42814,M00967A,D017,PREDNISONE,prednisone,"glucocorticoid, semisynthetic; NSC-10023"
YU226660,1,Microsource,1500605,Pharmakon 1600,128-13-2,O=C(O)CCC(C4(C2(C(C1(C(O)CC3(CC(O)CCC3(C1CC2)(C))))CC4)(C)))C,392.572,392.572,M00967A,D018,URSODIOL,ursodeoxycholic acid,"anticholelithogenic; LD50(rat) 890 mg/kg ip, bear bile"
YU226619,1,Microsource,1500500,Pharmakon 1600,"63-45-6, 90-34-6 [primaquine]",P(=O)(O)(O)O.P(=O)(O)(O)O.O(C=1(C=C(NC(CCCN)C)C2(=NC=CC=C2(C=1))))C,455.337222,455.337222,M00967A,D019,PRIMAQUINE PHOSPHATE,primaquine,"antimalarial, synthetic; SN-13272"
YU226661,1,Microsource,1500606,Pharmakon 1600,"1069-66-5, 99-66-1 [valproic acid]",[Na+].O=C([O-])C(CCC)CCC,166.19327,166.19327,M00967A,D020,VALPROATE SODIUM,valproic acid,"anticonvulsant, synthetic; Abbott-44090"
YU033972,2,Microsource,1500501,Pharmakon 1600,125-33-7,O=C1(NCNC(C1(C2(=CC=CC=C2))CC)=O),218.25184,218.25184,M00967A,D021,PRIMIDONE,primidone,"anticonvulsant, synthetic"
YU226662,1,Microsource,1500607,Pharmakon 1600,"1404-93-9, 1404-90-6 [vancomycin]",ClC5(=C6(OC3(=C(OC1(OC(C(O)C(C1OC2(OC(C(O)C(C2)(N)C)C))O)CO))C=4(OC%10(=C(Cl)C=C(C(O)C7(C(=O)NC(C(=O)O)C=9(C(C=8(C=C(C(NC(C(C(=C3)C=4)NC(=O)C(NC(C(C(C(=C5)C=C6)O)NC(=O)C(NC)CC(C)C)=O)CC(=O)N)=O)C(=O)C7)C=CC=8O))=C(O)C=C(O)C=9)))C=C%10))))).Cl,1484.7259,1484.7259,M00967A,D022,VANCOMYCIN HYDROCHLORIDE,VANCOCIN,"antibacterial, Streptomyces orientalis"
YU226528,1,Microsource,1500207,Pharmakon 1600,"50-04-4, 53-06-5 [cortisone]",O=C4(C=C2(C(C1(C(=O)CC3(C(O)(C(=O)COC(=O)C)CCC3(C1CC2))(C)))(C)CC4)),402.4807,402.4807,M00967A,E003,CORTISONE ACETATE,CORTONE,"glucocorticoid, semisynthetic"
YU226574,1,Microsource,1500312,Pharmakon 1600,"65-29-2, 153-76-4 [gallamine]",[I-].[I-].[I-].O(C1(=C(OCC[N+](CC)(CC)CC)C=CC=C1OCC[N+](CC)(CC)CC))CC[N+](CC)(CC)CC,891.52923,891.52923,M00967A,E004,GALLAMINE TRIETHIODIDE,gallamine triethiodide,"muscle relaxant (skeletal), synthetic"
YU039453,4,Microsource,1500208,Pharmakon 1600,"486-56-6, 5695-98-7[fumarate]",O=C2(N(C(C1(=CN=CC=C1))CC2)C),176.21516,176.21516,M00967A,E005,COTININE,cotinine,"antidepressant, Nicotiana tabacum"
YU033839,4,Microsource,1500313,Pharmakon 1600,25812-30-0,O=C(O)C(CCCOC1(=C(C=CC(=C1)C)C))(C)C,250.33338,250.33338,M00967A,E006,GEMFIBROZIL,gemfibrozil,"antihyperlipoproteinemic, synthetic; CI-719"
YU226529,1,Microsource,1505374,Pharmakon 1600,224789-15-5,Cl.S(=O)(=O)(N1(CCN(CC)CC1))C4(=CC(C3(=NN2(C(=C(C)N=C2CCC)C(N3)=O)))=C(OCC)C=C4),525.06486,525.06486,M00967A,E007,VARDENAFIL HYDROCHLORIDE,LEVITRA,"erectile dysfunction, PD5 inhibitor, synthetic"
YU226575,1,Microsource,1500314,Pharmakon 1600,"1405-41-0, 1403-66-3 [gentamicin]",S(=O)(=O)(O)O.O3(C(OC2(C(O)C(OC1(OCC(O)(C)C(C1O)NC))C(N)CC2N))C(N)CCC3C(NC)C),575.6751,575.6751,M00967A,E008,GENTAMICIN SULFATE,gentamicin,"antibacterial, Micromonospora spp; Sch-9724"
YU225103,2,Microsource,1500210,Pharmakon 1600,"15826-37-6, 16110-51-3 [cromolyn]",[Na+].[Na+].O=C1(C2(=C(OC(=C1)C(=O)[O-])C=CC=C2OCC(O)COC4(=C3(C(=O)C=C(C(=O)[O-])OC3=CC=C4)))),512.3302,512.3302,M00967A,E009,CROMOLYN SODIUM,INTAL,"antiasthmatic, antiallergy, synthetic; FPL-670"
YU226576,1,Microsource,1500315,Pharmakon 1600,548-62-9,[Cl-].[N+](=C3(C=CC(=C(C1(=CC=C(N(C)C)C=C1))C2(=CC=C(N(C)C)C=C2))C=C3))(C)C,407.97862,407.97862,M00967A,E010,GENTIAN VIOLET,GVS,"antibacterial, anthelmintic, synthetic"
YU226530,1,Microsource,1500211,Pharmakon 1600,82-92-8,N3(C(C1(=CC=CC=C1))C2(=CC=CC=C2))(CCN(C)CC3),266.38076,266.38076,M00967A,E011,CYCLIZINE,cyclizine,DB01176
YU226577,1,Microsource,1500316,Pharmakon 1600,3416-24-8,Cl.O1(C(O)C(N)C(O)C(C1CO)O),215.6318,215.6318,M00967A,E012,GLUCOSAMINE HYDROCHLORIDE,,"antiarthritic, polysaccharides in bacteria, fungi, higher plants, invertebrates, vertebrates"
YU226531,1,Microsource,1500212,Pharmakon 1600,"5870-29-1, 512-15-2 [cyclopentolate]",Cl.O=C(OCCN(C)C)C(C1(=CC=CC=C1))C2(O)(CCCC2),327.84598,327.84598,M00967A,E013,CYCLOPENTOLATE HYDROCHLORIDE,cyclopentolate,"mydriatic, synthetic"
YU226578,1,Microsource,1500319,Pharmakon 1600,1405-97-6,O=C(NC(C(=O)NC(C(=O)NC(C(=O)NC(C(=O)NC(C(=O)NC(C(=O)NC(C(=O)NC(C(=O)NCCO)CC=2(C1(=C(C=CC=C1)NC=2)))CC(C)C)CC=4(C3(=C(C=CC=C3)NC=4)))CC(C)C)CC=6(C5(=C(C=CC=C5)NC=6)))CC(C)C)CC=8(C7(=C(C=CC=C7)NC=8)))C(C)C)C(NC(=O)C(NC(=O)C(NC(=O)C(NC(=O)C(NC(=O)CNC(=O)C(NC=O)C(C)C)C)CC(C)C)C)C(C)C)C(C)C,1882.2955,1882.2955,M00967A,E014,GRAMICIDIN (gramicidin A shown),,"antibacterial, Gramicidin A (87%), B (7%), C (5%) and D (1%) ex Bacillus brevis"
YU034540,2,Microsource,1500213,Pharmakon 1600,"6055-19-2, 50-18-0 [anhydrous]",ClCCN(P1(=O)(OCCCN1))CCCl.O,279.100721,279.10072,M00967A,E015,CYCLOPHOSPHAMIDE,cyclophosphamide,"antineoplastic, alkylating agent, synthetic; NSC-26271"
YU033844,3,Microsource,1500321,Pharmakon 1600,93-14-1,O(C1(=C(OC)C=CC=C1))CC(O)CO,198.21576,198.21576,M00967A,E016,GUAIFENESIN,guaifenesin,"expectorant, synthetic"
YU039454,4,Microsource,1500215,Pharmakon 1600,68-41-7,O=C1(NOCC1N),102.09202,102.09202,M00967A,E017,CYCLOSERINE (D),cycloserine,"antibacterial (tuberculostatic), Streptomyces spp"
YU226579,1,Microsource,1500322,Pharmakon 1600,23256-50-0,ClC1(=C(C(Cl)=CC=C1)C=NNC(=N)N).O=C(O)C,291.13344,291.13344,M00967A,E018,GUANABENZ ACETATE,WYTENSIN,"antihypertensive, synthetic; WY-8678"
YU226532,1,Microsource,1505995,Pharmakon 1600,94-26-8,O=C(OCCCC)C1(=CC=C(O)C=C1),194.22706,194.22706,M00967A,E019,BUTYL PARABEN,,"antifungal, preservative, synthetic"
YU226580,1,Microsource,1500323,Pharmakon 1600,"645-43-2, 55-65-2 [guanethidine]",S(=O)(=O)(O)O.N=C(NCCN1(CCCCCCC1))N,296.38812,296.38812,M00967A,E020,GUANETHIDINE MONOSULFATE,ISMELIN,"antihypertensive, mitotic agent, synthetic"
YU226533,1,Microsource,1500217,Pharmakon 1600,147-94-4,O=C1(N=C(N)C=CN1C2(OC(CO)C(C2O)O)),243.21674,243.21674,M00967A,E021,CYTARABINE,cytarabine,"antineoplastic, antiviral, antimetabolite, synthetic; CHX-3311"
YU033847,2,Microsource,1500324,Pharmakon 1600,80-13-7,ClN(Cl)S(=O)(=O)C1(=CC=C(C(=O)O)C=C1),270.09034,270.09034,M00967A,E022,HALAZONE,halazone,"antiinfectant, synthetic"
YU033973,2,Microsource,1500502,Pharmakon 1600,57-66-9,S(=O)(=O)(N(CCC)CCC)C1(=CC=C(C(=O)O)C=C1),285.3603,285.3603,M00967A,F003,PROBENECID,probenecid,"uricosuric, synthetic"
YU225308,2,Microsource,1500609,Pharmakon 1600,"24356-66-9, 5536-17-4 [anhydrous]",O3(C(N2(C1(=NC=NC(=C1N=C2)N)))C(O)C(C3CO)O),267.24152,267.24152,M00967A,F004,VIDARABINE,vidarabine,"antiviral, synthetic"
YU224973,2,Microsource,1500503,Pharmakon 1600,"614-39-1, 51-06-9 [procainamide]",Cl.O=C(NCCN(CC)CC)C1(=CC=C(N)C=C1),271.7861,271.7861,M00967A,F005,PROCAINAMIDE HYDROCHLORIDE,procainamide,"antiarrhythmic, synthetic"
YU226663,1,Microsource,1503847,Pharmakon 1600,67915-31-5,ClC1(=C(C=CC(=C1)Cl)C4(OC(COC3(=CC=C(N2(CCN(C(C)C)CC2))C=C3))CO4)(CN5(N=CN=C5))),532.46164,532.46164,M00967A,F006,TERCONAZOLE,terconazole,"antifungal, synthetic; R-42470"
YU226620,1,Microsource,1500504,Pharmakon 1600,"51-05-8, 59-46-1 [procaine]",Cl.O=C(OCCN(CC)CC)C1(=CC=C(N)C=C1),272.77082,272.77082,M00967A,F007,PROCAINE HYDROCHLORIDE,procaine,"anesthetic (local), synthetic"
YU226664,1,Microsource,1500614,Pharmakon 1600,"1218-35-5, 526-36-3 [xylometazoline]",Cl.N1(=C(NCC1)CC2(=C(C=C(C(C)(C)C)C=C2C)C)),280.83588,280.83588,M00967A,F008,XYLOMETAZOLINE HYDROCHLORIDE,xylometazoline,"adrenergic agonist, nasal decongestant, synthetic"
YU034545,2,Microsource,1500505,Pharmakon 1600,"1257-78-9, 84-02-6 [prochlorperazine maleate], 58-38-8 [prochlorperazine]",ClC3(=CC=2(N(C1(=C(C=CC=C1)SC=2C=C3))CCCN4(CCN(C)CC4))).S(=O)(=O)(O)CCS(=O)(=O)O,564.14092,564.14092,M00967A,F009,PROCHLORPERAZINE EDISYLATE,COMPAZINE,"antiemetic, antipsychotic, treatment of vertigo, synthetic; Bay A-173; RP-6140, SKF-4657"
YU034497,3,Microsource,1503903,Pharmakon 1600,54965-21-8,S(C2(=CC=1(NC(NC(=O)OC)=NC=1C=C2)))CCC,265.33252,265.33252,M00967A,F010,ALBENDAZOLE,albendazole,"anthelmintic, synthetic; SKF-62979"
YU226621,1,Microsource,1500507,Pharmakon 1600,"1508-76-5, 77-37-2 [procyclidine]",Cl.OC(C1(=CC=CC=C1))(C2(CCCCC2))CCN3(CCCC3),323.90034,323.90034,M00967A,F011,PROCYCLIDINE HYDROCHLORIDE,procyclidine,"anticholinergic, synthetic"
YU226665,1,Microsource,1500441,Pharmakon 1600,6533-00-2,O=C4(C=C3(C(C2(C(C1(C(C(O)(C#C)CC1)(CC)CC2))CC3))CC4)),312.44582,312.44582,M00967A,F012,NORGESTREL,norgestrel,"progestogen, synthetic"
YU226622,1,Microsource,1500509,Pharmakon 1600,"53-60-1, 58-40-2 [promazine]",Cl.S1(C3(=C(N(CCCN(C)C)C2(=C1C=CC=C2))C=CC=C3)),320.88082,320.88082,M00967A,F013,PROMAZINE HYDROCHLORIDE,promazine,"antipsychotic, synthetic; RP-3276, Wy-1094, A-145"
YU034070,2,Microsource,1500642,Pharmakon 1600,62-44-2,O=C(NC1(=CC=C(OCC)C=C1))C,179.21576,179.21576,M00967A,F014,PHENACETIN,phenacetin,"analgesic, antipyretic, synthetic"
YU226623,1,Microsource,1500511,Pharmakon 1600,"50-34-0, 298-50-0 [propantheline]",[Br-].O=C(OCC[N+](C(C)C)(C(C)C)C)C1(C3(=C(OC2(=C1C=CC=C2))C=CC=C3)),448.39324,448.39324,M00967A,F015,PROPANTHELINE BROMIDE,propantheline bromide,"anticholinergic, synthetic"
YU226666,1,Microsource,1506176,Pharmakon 1600,1937-19-5,Cl.N=C(NN)N,110.54594,110.54594,M00967A,F016,PIMAGEDINE HYDROCHLORIDE,,"glycosylation inhibitor, synthetic; GER-11"
YU226624,1,Microsource,1500514,Pharmakon 1600,13071-11-9,Cl.O(C=1(C=2(C(C=CC=1)=CC=CC=2)))CC(O)CNC(C)C,295.80412,295.80412,M00967A,F017,DEXPROPRANOLOL HYDROCHLORIDE,,"antihypertensive, antianginal, antiarrhythmic, synthetic; AY-20694, ICI-47319"
YU226667,1,Microsource,1500443,Pharmakon 1600,"912-60-7, 128-62-1 [noscapine]",Cl.O=C4(OC(C1(N(CCC=3(C1=C(OC)C=2(OCOC=2C=3)))C))C=5(C4=C(OC)C(OC)=CC=5)),449.8812,449.8812,M00967A,F018,NOSCAPINE HYDROCHLORIDE,TUSACAPINE,"antitussive, Corydalis cava and Papaver spp"
YU226625,1,Microsource,1503740,Pharmakon 1600,25013-16-5,O(C1(=CC(=C(O)C=C1)C(C)(C)C))C,180.24354,180.24354,M00967A,F019,BUTYLATED HYDROXYANISOLE,,"antioxidant, synthetic"
YU034077,3,Microsource,1500648,Pharmakon 1600,123-99-9,O=C(O)CCCCCCCC(=O)O,188.22094,188.22094,M00967A,F020,AZELAIC ACID,azelaic acid,"antiacne, antiproliferative agent, rancid fats and Lycopodium spp"
YU226626,1,Microsource,2300347,Pharmakon 1600,54-95-5,N1(=NN2(CCCCCC2(=N1))),138.17056,138.17056,M00967A,F021,PENTYLENETETRAZOL,pentetrazol,"analeptic, circulation stimulant, synthetic"
YU226668,1,Microsource,1500446,Pharmakon 1600,114-90-9,O=C1(OC(C(C(O)C(C=CC=CCCC=CC=CC=CC=CC(CC2(OC(CC(C(CCC(CC(CC(C1)O)O)O)O)O)(O)CC(O)C2C(=O)O))OC3(OC(C(O)C(C3O)N)C))C)C)C),926.09494,926.09494,M00967A,F022,NYSTATIN,MYCOSTATIN,"antifungal, binds to membrane sterols, Streptomyces noursei"
YU225033,2,Microsource,2300161,Pharmakon 1600,14028-44-5,ClC2(=CC=1(C(=NC=3(C=CC=CC=3(OC=1C=C2)))N4(CCNCC4))),313.78126,313.78126,M00967A,G003,AMOXAPINE,amoxapine,"antidepressant, inhibits norepinephrine uptake, synthetic"
YU033848,3,Microsource,1500325,Pharmakon 1600,52-86-8,ClC3(=CC=C(C2(O)(CCN(CCCC(=O)C1(=CC=C(F)C=C1))CC2))C=C3),375.8639632,375.86396,M00967A,G004,HALOPERIDOL,haloperidol,"antidyskinetic, antipsychotic, synthetic; R-1625, McN-JR-1625"
YU226534,1,Microsource,1500220,Pharmakon 1600,17230-88-5,O1(N=CC2(=C1C=C3(CCC4(C(C3(C2)(C))CCC5(C4CCC5(O)C#C)(C))))),337.45532,337.45532,M00967A,G005,DANAZOL,danazol,"anterior pituitary suppressant, synthetic; WIN-17757"
YU226581,1,Microsource,1500327,Pharmakon 1600,"5321-32-4, 3511-16-8 [hetacillin]",[K+].S1(C(C(C(=O)[O-])N4(C1C(N3(C(=O)C(C2(=CC=CC=C2))NC3(C)C))C4=O))(C)C),427.5601,427.5601,M00967A,G006,HETACILLIN POTASSIUM,VERSAPEN,"antibacterial, semisynthetic; BRL-804, BL-P-804"
YU033769,2,Microsource,1500222,Pharmakon 1600,80-08-0,S(=O)(=O)(C1(=CC=C(N)C=C1))C2(=CC=C(N)C=C2),248.30196,248.30196,M00967A,G007,DAPSONE,dapsone,"antibacterial, leprostatic, dermatitis herpetiformis suppressant, synthetic; NSC-6091"
YU033851,2,Microsource,1500328,Pharmakon 1600,70-30-4,ClC1(=C(Cl)C=C(Cl)C(=C1CC2(=C(Cl)C(Cl)=CC(=C2O)Cl))O),406.90174,406.90174,M00967A,G008,HEXACHLOROPHENE,hexachlorophene,"antiinfective (topical), synthetic"
YU225128,2,Microsource,1500223,Pharmakon 1600,20830-81-3,O=C4(C3(=C(O)C1(=C(CC(O)(C(=O)C)CC1OC2(OC(C(O)C(C2)N)C))C(=C3C(=O)C=5(C4=C(OC)C=CC=5))O))),527.5199,527.5199,M00967A,G009,DAUNORUBICIN,daunorubicin,"antineoplastic, Streptomyces peucetius; FI-6339, NDC-0082-4155, RP-13057"
YU033852,2,Microsource,1500330,Pharmakon 1600,136-77-6,OC1(=C(C=CC(=C1)O)CCCCCC),194.27012,194.27012,M00967A,G010,HEXYLRESORCINOL,,"anthelmintic, topical antiseptic, synthetic"
YU226535,1,Microsource,1500225,Pharmakon 1600,145-41-5,O=C1(C4(C(C2(C(=O)CC3(C(C2(C1))(CCC(C3)=O)C)))CCC4C(CCC(=O)O)C)(C)),402.52376,402.52376,M00967A,G011,DEHYDROCHOLATE SODIUM,dehydrocholate sodium,DB11622 (Dehydrocholic acid)
YU155505,2,Microsource,1500331,Pharmakon 1600,51-45-6 [histamine],Cl.Cl.N=1(C(=CNC=1)CCN),184.06646,184.06646,M00967A,G012,HISTAMINE DIHYDROCHLORIDE,,"H1&2 agonist, edema induction, gastric secretion stimulant, Claviceps purpurea, many plants and animals"
YU226536,1,Microsource,1500226,Pharmakon 1600,127-33-3,ClC4(=C1(C(C(=O)C2(=C(O)C3(O)(C(=O)C(C(=O)N)=C(C(C3(CC2(C1O)))N(C)C)O)))=C(O)C=C4)).Cl,501.31346,501.31346,M00967A,G013,DEMECLOCYCLINE HYDROCHLORIDE,DECLOMYCIN,"antibacterial, Streptomyces aureofaiens"
YU226582,1,Microsource,1500332,Pharmakon 1600,"51-56-9, 87-00-3 [homatropine]",[BrH].O=C(OC1(CC2(N(C)C(C1)CC2)))C(O)C3(=CC=CC=C3),356.25482,356.25482,M00967A,G014,HOMATROPINE HYDROBROMIDE,ISOPTO,"anticholinergic (opthalmic), semisynthetic"
YU226537,1,Microsource,1500227,Pharmakon 1600,"58-28-6, 50-47-5 [desipramine]",Cl.N2(C1(=C(C=CC=C1)CCC3(=C2C=CC=C3)))(CCCNC),302.8414,302.8414,M00967A,G015,DESIPRAMINE HYDROCHLORIDE,desipramine,"antidepressant, synthetic; G-35020, JB-8181, EX-4355,RMI-9384A"
YU226583,1,Microsource,1500333,Pharmakon 1600,"80-49-9, 87-00-3 [homatropine]",[Br-].O=C(OC1(CC2([N+](C)(C)C(C1)CC2)))C(O)C3(=CC=CC=C3),370.2814,370.2814,M00967A,G016,HOMATROPINE METHYLBROMIDE,homatropine methylbromide,"anticholinergic (opthalmic), semisynthetic"
YU226538,1,Microsource,1500230,Pharmakon 1600,50-02-2,FC23(C1(C(=CC(=O)C=C1)CCC2C4(CC(C)C(C4(CC3O)(C))(O)C(=O)CO))(C)),392.4610632,392.4610632,M00967A,G017,DEXAMETHASONE,dexamethasone,"glucocorticoid, semisynthetic"
YU226584,1,Microsource,1500334,Pharmakon 1600,"304-20-1, 86-54-4 [hydralazine]",Cl.N=1(N=CC2(=CC=CC=C2(C=1NN))),196.63672,196.63672,M00967A,G018,HYDRALAZINE HYDROCHLORIDE,hydralazine,"antihypertensive, semisynthetic"
YU226539,1,Microsource,1500231,Pharmakon 1600,"55812-90-3, 1177-87-3 [anhydrous]",FC23(C1(C(=CC(=O)C=C1)CCC2C4(CC(C)C(C4(CC3O)(C))(O)C(=O)COC(=O)C))(C)),434.49774,434.4977432,M00967A,G019,DEXAMETHASONE ACETATE,DECADRON,"glucocorticoid, antiinflammatory, semisynthetic"
YU033857,2,Microsource,1500335,Pharmakon 1600,58-93-5,ClC1(=C(S(=O)(=O)N)C=C2(S(=O)(=O)NCNC2(=C1))),297.74094,297.74094,M00967A,G020,HYDROCHLOROTHIAZIDE,hydrochlorothiazide,"diuretic, semisynthetic"
YU155494,2,Microsource,1500224,Pharmakon 1600,"138-14-7, 70-51-9 [deferoxamine]",S(=O)(=O)(O)C.O=C(N(O)CCCCCNC(=O)CCC(=O)N(O)CCCCCN)CCC(=O)NCCCCCN(O)C(=O)C,656.79092,656.79092,M00967A,G021,DEFEROXAMINE MESYLATE,deferoxamine,"chelating agent (Fe & Al), Strptomyces pilosus; BA-33112"
YU226585,1,Microsource,1500338,Pharmakon 1600,50-03-3,O=C4(C=C2(C(C1(C(O)CC3(C(O)(C(=O)COC(=O)C)CCC3(C1CC2))(C)))(C)CC4)),404.49658,404.49658,M00967A,G022,HYDROCORTISONE ACETATE,CORTRIL,"glucocorticoid, antiinflammatory, semisynthetic"
YU225279,2,Microsource,1500517,Pharmakon 1600,"22204-24-6, 15686-83-6 [pyrantel]",S1(C(=CC=C1)C=CC2(=NCCCN2C)).O=C(O)C=3(C(O)=C(C4(=CC=CC=C4(C=3)))CC5(=C(O)C(C(=O)O)=CC=6(C5=CC=CC=6))),594.67788,594.67788,M00967A,H003,PYRANTEL PAMOATE,NEMEX,"anthelmintic, synthetic; CP-10423-16"
YU226669,1,Microsource,1500433,Pharmakon 1600,"67-20-9, 54-87-5 [nitrofurantoin sodium], 17140-81-7 [monohydrate]",O=[N+]([O-])C=2(OC(C=NN1(C(=O)NC(C1)=O))=CC=2),238.1572,238.1572,M00967A,H004,NITROFURANTOIN,nitrofurantoin,"antibacterial, synthetic"
YU033985,2,Microsource,1500518,Pharmakon 1600,98-96-4,O=C(N)C1(=NC=CN=C1),123.11282,123.11282,M00967A,H005,PYRAZINAMIDE,pyrazinamide,"antibacterial, tuberculostatic, synthetic; D-50"
YU226670,1,Microsource,1506103,Pharmakon 1600,57-06-7,S=C=NCC=C,99.15524,99.15524,M00967A,H006,ALLYLISOTHIOCYANATE,,"counterirritant, Brassica nigra"
YU225001,2,Microsource,1500519,Pharmakon 1600,"59-33-6, 91-84-9 [pyrilamine]",O=C(O)C=CC(=O)O.O(C2(=CC=C(CN(C1(=NC=CC=C1))CCN(C)C)C=C2))C,401.4563,401.4563,M00967A,H007,PYRILAMINE MALEATE,mepyramine,"antihistaminic, synthetic; RP-2786"
YU226671,1,Microsource,1505114,Pharmakon 1600,130-26-7,IC2(=C(O)C1(=NC=CC=C1C(=C2)Cl)),305.49931,305.49931,M00967A,H008,CLIOQUINOL,clioquinol,DB04815
YU033987,2,Microsource,1500520,Pharmakon 1600,58-14-0,ClC2(=CC=C(C1(=C(N=C(N)N=C1CC)N))C=C2),248.71128,248.71128,M00967A,H009,PYRIMETHAMINE,pyrimethamine,"antimalarial, synthetic; RP-4753"
YU226672,1,Microsource,1500663,Pharmakon 1600,65-19-0,Cl.O=C(OC)C1(C(O)CCC3(C1CC4(C=2(NC=5(C=CC=CC=5(C=2CCN4(C3))))))),390.90346,390.90346,M00967A,H010,YOHIMBINE HYDROCHLORIDE,,"alpha adrenergic blocker, mydriatic, antidepressant, Corynanthe spp"
YU226627,1,Microsource,1500521,Pharmakon 1600,3546-41-6,O=C(O)C=1(C(O)=C(C2(=CC=CC=C2(C=1)))CC3(=C(O)C(C(=O)[O-])=CC=4(C3=CC=CC=4))).[N+]=6(C=5(C(=CC(N(C)C)=CC=5)C=CC=6C=CC8(=C(N(C7(=CC=CC=C7))C(=C8)C)C)))(C),769.88234,769.88234,M00967A,H011,PYRVINIUM PAMOATE,POVAN,"anthelmintic, synthetic"
YU034086,2,Microsource,1500667,Pharmakon 1600,61-19-8,P(=O)(OCC3(OC(N2(C1(=NC=NC(=C1N=C2)N)))C(C3O)O))(O)O,347.221421,347.22142,M00967A,H012,ADENOSINE PHOSPHATE,adenosine phosphate,"vasodilator, neuromodulator, widespread in living tissue"
YU226628,1,Microsource,1500522,Pharmakon 1600,"6151-30-0, 69-05-6 [anhydrous], 83-89-6 [quinacrine]",ClC3(=CC2(=NC=1(C(=CC(OC)=CC=1)C(=C2C=C3)NC(CCCN(CC)CC)C))).Cl.Cl,472.8779,472.8779,M00967A,H013,QUINACRINE HYDROCHLORIDE,mepacrine,"anthelmintic, antimalarial, intercalating agent, synthetic; RP-866, SN-390"
YU039764,3,Microsource,1500668,Pharmakon 1600,"34580-14-8, 34580-13-7 [ketotifen]",S2(C=1(C(=O)CC=4(C=CC=CC=4(C(C=1C=C2)=C3(CCN(C)CC3))))).O=C(O)C=CC(=O)O,425.49846,425.49846,M00967A,H014,KETOTIFEN FUMARATE,ketotifen,"antiasthmatic, synthetic; HC-20511"
YU226629,1,Microsource,1500523,Pharmakon 1600,"7054-25-3, 6591-63-5 [quinidine sulfate], 56-54-2 [quinidine]",O=C(O)C(O)C(O)C(O)C(O)CO.O(C4(=CC=1(C(=NC=CC=1C(O)C2(N3(CC(C=C)C(C2)CC3)))C=C4)))C,520.57212,520.57212,M00967A,H015,QUINIDINE GLUCONATE,DURAQUIN,"antiarrhythmic, antimalarial, Cinchona spp"
YU226673,1,Microsource,1500670,Pharmakon 1600,"5579-84-0, 5638-76-6 [betahistine]",Cl.Cl.N1(=C(C=CC=C1)CCNC),209.11564,209.11564,M00967A,H016,BETAHISTINE HYDROCHLORIDE,betahistine,"vasodilator, synthetic"
YU226630,1,Microsource,1500524,Pharmakon 1600,"6119-70-6, 804-63-7 [anhydrous], 130-95-0 [quinine]",S(=O)(=O)(O)O.O(C4(=CC=1(C(=NC=CC=1C(O)C2(N3(CC(C=C)C(C2)CC3)))C=C4)))C,422.49632,422.49632,M00967A,H017,QUININE SULFATE,QUALAQUIN,"antimalarial, skeletal muscle relaxant, Cinchona spp"
YU220943,2,Microsource,1505985,Pharmakon 1600,76963-41-2,S1(C(=NC(=C1)CSCCNC(NC)=C[N+](=O)[O-])CN(C)C),331.45964,331.45964,M00967A,H018,NIZATIDINE,AXID,"antiulcer, H2 antagonist, synthetic; LY-139037"
YU226631,1,Microsource,1502008,Pharmakon 1600,52214-84-3,ClC2(Cl)(C(C1(=CC=C(OC(C(=O)O)(C)C)C=C1))C2),289.15386,289.15386,M00967A,H019,CIPROFIBRATE,ciprofibrate,"antihyperlipidemic, synthetic; WIN-35833"
YU155559,3,Microsource,1500674,Pharmakon 1600,24280-93-1,O=C1(OCC=2(C1=C(O)C(=C(OC)C=2C)CC=C(CCC(=O)O)C)),320.3371,320.3371,M00967A,H020,MYCOPHENOLIC ACID,mycophenolic acid,"immune suppressant, antineoplastic, antiviral, Penicillium brevicompactum, other Penicillium spp.; 68618"
YU226632,1,Microsource,1500526,Pharmakon 1600,50-55-5,O=C(OC2(C(OC)C(C(=O)OC)C3(CC4(C=1(NC=5(C=C(OC)C=CC=5(C=1CCN4(CC3(C2)))))))))C6(=CC(OC)=C(OC)C(=C6)OC),608.67878,608.67878,M00967A,H021,RESERPINE,SERPASIL,"antihypertensive, Rauwolfia serpentina"
YU226674,1,Microsource,1505727,Pharmakon 1600,2919-66-6,O=C3(C=C2(C(=CC4(C1(C(C(OC(=O)C)(C(=O)C)C(C1)=C)(C)CCC4(C2(C)CC3))))C)),396.51918,396.51918,M00967A,H022,MELENGESTROL ACETATE,,"antineoplastic, progestin, semisynthetic; BDH-1921,  5373, NSC-70968"
YU226540,1,Microsource,1500232,Pharmakon 1600,"2392-39-4, 312-93-6 [dexamethasone 21-(dihydrogen phosphate)]",P(=O)(OCC(=O)C4(O)(C3(C(C2(C(F)(C1(C(=CC(=O)C=C1)CC2)(C))C(C3)O))CC4C)(C)))([O-])[O-].[Na+].[Na+],516.40462,516.4046242,M00967A,I003,DEXAMETHASONE SODIUM PHOSPHATE,HEXADROL,"glucocorticoid, antiinflammatory, semisynthetic"
YU226586,1,Microsource,1500339,Pharmakon 1600,"83784-20-7, 2203-97-6 [anhydrous]",O=C4(C=C2(C(C1(C(O)CC3(C(O)(C(=O)COC(=O)CCC(=O)O)CCC3(C1CC2))(C)))(C)CC4)),462.53266,462.53266,M00967A,I004,HYDROCORTISONE HEMISUCCINATE,,"glucocorticoid, semisynthetic"
YU226541,1,Microsource,1506160,Pharmakon 1600,5728-52-9,O=C(O)CC2(=CC=C(C1(=CC=CC=C1))C=C2),212.24388,212.24388,M00967A,I005,FELBINAC,felbinac,DB07477
YU226587,1,Microsource,1500340,Pharmakon 1600,3863-59-0 [cortisol 21-(dihydrogen phosphate)],P(=O)(OCC(=O)C4(O)(C3(C(C2(C(C1(C(=CC(=O)CC1)CC2)(C))C(C3)O))CC4)(C)))([O-])[O-].[NH+](CC)(CC)CC.[NH+](CC)(CC)CC,644.81988,644.819881,M00967A,I006,HYDROCORTISONE PHOSPHATE TRIETHYLAMINE,HYDROCORTONE,"glucocorticoid, semisynthetic"
YU033778,2,Microsource,1500235,Pharmakon 1600,132-65-0,S2(C1(=C(C=CC=C1)C3(=C2C=CC=C3))),184.25792,184.25792,M00967A,I007,DIBENZOTHIOPHENE,,"keratolytic, synthetic"
YU033861,2,Microsource,1500341,Pharmakon 1600,135-09-1,S1(=O)(=O)(NCNC2(=C1C=C(S(=O)(=O)N)C(=C2)C(F)(F)F)),331.2941496,331.29415,M00967A,I008,HYDROFLUMETHIAZIDE,hydroflumethiazide,"antihypertensive, diuretic, synthetic"
YU226542,1,Microsource,1500236,Pharmakon 1600,"61-12-1, 85-79-0 [dibucaine]",Cl.O=C(NCCN(CC)CC)C=1(C=2(C(N=C(C=1)OCCCC)=CC=CC=2)),379.92392,379.92392,M00967A,I009,DIBUCAINE HYDROCHLORIDE,cinchocaine,"anesthetic (local), synthetic"
YU226588,1,Microsource,1500352,Pharmakon 1600,87-89-8,OC1(C(O)C(O)C(O)C(C1O)O),180.15588,180.15588,M00967A,I010,INOSITOL,,"growth factor, lipotropic polyol widely distributed in plants and animals"
YU226543,1,Microsource,1500237,Pharmakon 1600,15307-79-6,ClC2(=C(NC1(=C(C=CC=C1)CC(=O)[O-]))C(Cl)=CC=C2).[Na+],318.12991,318.12991,M00967A,I011,DICLOFENAC SODIUM,diclofenac,"antiinflammatory, synthetic; GP-45840"
YU033863,4,Microsource,1500344,Pharmakon 1600,127-07-1,O=C(NO)N,76.05474,76.05474,M00967A,I012,HYDROXYUREA,hydroxycarbamide,"antineoplastic, inhibits ribonucleoside diphosphate reductase, synthetic; SQ-1089, NSC-32065"
YU226544,1,Microsource,1500238,Pharmakon 1600,"13412-64-1, 343-55-5 [anhydrous], 3116-76-5 [dicloxacillin]",ClC1(=C(C(Cl)=CC=C1)C2(=NOC(=C2C(=O)NC3(C(=O)N4(C(C(=O)[O-])C(SC34)(C)C)))C)).[Na+],492.30873,492.30873,M00967A,I013,DICLOXACILLIN SODIUM,DYNAPEN,"antibacterial, semisynthetic; P-1011"
YU034543,2,Microsource,1500345,Pharmakon 1600,"10246-75-0, 68-88-2 [hydroxyzine]",ClC3(=CC=C(C(N1(CCN(CCOCCO)CC1))C2(=CC=CC=C2))C=C3).O=C(O)C=4(C(O)=C(C5(=CC=CC=C5(C=4)))CC6(=C(O)C(C(=O)O)=CC=7(C6=CC=CC=7))),763.2736,763.2736,M00967A,I014,HYDROXYZINE PAMOATE,hydroxyzine,"anxiolytic, antihistaminic, synthetic"
YU226545,1,Microsource,1500239,Pharmakon 1600,66-76-2,O=C2(OC1(=C(C=CC=C1)C(=C2CC=3(C(=O)OC=4(C=CC=CC=4(C=3O))))O)),336.29498,336.29498,M00967A,I015,DICUMAROL,DICUMOL,"anticoagulant, synthetic"
YU033864,2,Microsource,1500346,Pharmakon 1600,101-31-5,O=C(OC1(CC2(N(C)C(C1)CC2)))C(C3(=CC=CC=C3))CO,289.36946,289.36946,M00967A,I016,HYOSCYAMINE,LEVSIN,"anticholinergic, analgesic, Atropa, Datura and Hyoscyamus spp"
YU226546,1,Microsource,1500240,Pharmakon 1600,"67-92-5, 77-19-0 [dicyclomine]",Cl.O=C(OCCN(CC)CC)C2(C1(CCCCC1))(CCCCC2),345.94738,345.94738,M00967A,I017,DICYCLOMINE HYDROCHLORIDE,dicycloverine,"anticholinergic, synthetic"
YU033865,4,Microsource,1500347,Pharmakon 1600,"15687-27-1, 58560-75-1 [(+/-) mixture]",O=C(O)C(C1(=CC=C(CC(C)C)C=C1))C,206.28082,206.28082,M00967A,I018,IBUPROFEN,ibuprofen,"antiinflammatory, synthetic; U-18573"
YU226547,1,Microsource,1500241,Pharmakon 1600,"84-17-3, 13029-44-2 [//E,E//]",OC2(=CC=C(C(C(C1(=CC=C(O)C=C1))=CC)=CC)C=C2),266.33432,266.33432,M00967A,I019,DIENESTROL,dienestrol,"estrogen, synthetic"
YU225032,2,Microsource,1500348,Pharmakon 1600,"113-52-0, 50-49-7 [imipramine]",Cl.N2(C1(=C(C=CC=C1)CCC3(=C2C=CC=C3)))(CCCN(C)C),316.86798,316.86798,M00967A,I020,IMIPRAMINE HYDROCHLORIDE,imipramine,"antidepressant, synthetic"
YU226548,1,Microsource,1500242,Pharmakon 1600,"1642-54-2, 90-89-1 [diethylcarbamazine]",O=C(N1(CCN(C)CC1))N(CC)CC.O=C(O)C(O)(CC(=O)O)CC(=O)O,391.41688,391.41688,M00967A,I021,DIETHYLCARBAMAZINE CITRATE,diethylcarbamazine,"anthelmintic, synthetic"
YU033867,3,Microsource,1500349,Pharmakon 1600,26807-65-8,ClC3(=C(S(=O)(=O)N)C=C(C(=O)NN2(C1(=C(C=CC=C1)CC2C)))C=C3),365.83536,365.83536,M00967A,I022,INDAPAMIDE,indapamide,"diuretic, antihypertensive, synthetic"
YU226633,1,Microsource,1502400,Pharmakon 1600,113-38-2,O=C(OC4(=CC3(=C(C2(C(C1(C(C(OC(=O)CC)CC1)(C)CC2))CC3))C=C4)))CC,384.50848,384.50848,M00967A,J003,ESTRADIOL DIPROPIONATE,,"estrogen,"
YU226675,1,Microsource,1500676,Pharmakon 1600,"11018-89-6, 630-60-4 [anhydrous]",O=C1(OCC(=C1)C6(C5(C(O)(C4(C(C3(C(O)(CC(OC2(OC(C(O)C(C2O)O)C))CC3O)CC4)(CO))C(C5)O))CC6)(C))),584.65246,584.65246,M00967A,J004,OUABAIN,,"antiarrhythmic, cardiotonic, hypertensive, Na/K ATPase inhibitor, Acokanthera and Strophanthus spp"
YU226634,1,Microsource,1500529,Pharmakon 1600,13292-46-1,O=C5(NC2(=C(O)C1(=C(O)C(=C4(OC(C(C4(=C1C(=C2C=NN3(CCN(C)CC3))O))=O)(OC=CC(OC)C(C(C(C(C(C(C(C=CC=C5C)C)O)C)O)C)OC(=O)C)C)C))C))),822.94038,822.94038,M00967A,J005,RIFAMPIN,RIFADIN,"antibacterial (tuberculostatic), semisynthetic; L-5103, Ba-41166/E, NSC-113926"
YU040016,3,Microsource,1504188,Pharmakon 1600,75444-65-4,FC4(=CC=C(C(=O)C3(CCN(CCC=2(C(=O)N1(C(C=CC=C1)=NC=2C)))CC3))C=C4),393.4540832,393.45408,M00967A,J006,PIRENPERONE,pirenperone,"5HT2 receptor antagonist, synthetic; R-47465"
YU226635,1,Microsource,1503835,Pharmakon 1600,92339-11-2,IC2(=C(N(C(=O)C)CC(O)CN(C1(=C(I)C(=C(I)C(=C1I)C(=O)NCC(O)CO)C(=O)NCC(O)CO))C(=O)C)C(I)=C(C(=O)NCC(O)CO)C(=C2C(=O)NCC(O)CO)I),1550.18212,1550.18212,M00967A,J007,IODIXANOL,iodixanol,"radiopaque agent, synthetic; 2-5410-3A"
YU224102,3,Microsource,1500431,Pharmakon 1600,21829-25-4,O=[N+]([O-])C1(=C(C=CC=C1)C2(C(=C(NC(=C2C(=O)OC)C)C)C(=O)OC)),346.3347,346.3347,M00967A,J008,NIFEDIPINE,nifedipine,"antianginal, antihypertensive, synthetic; Bay-A1040"
YU033994,2,Microsource,1500531,Pharmakon 1600,90-01-7,OC1(=C(C=CC=C1)CO),124.13722,124.13722,M00967A,J009,SALICYL ALCOHOL,SALICAIN,"anesthetic (local), antiinflammatory, Populus sieboldii"
YU034098,4,Microsource,1500682,Pharmakon 1600,62571-86-2,SCC(C(=O)N1(C(C(=O)O)CCC1))C,217.28634,217.28634,M00967A,J010,CAPTOPRIL,captopril,"antihypertensive, synthetic"
YU033995,2,Microsource,1500532,Pharmakon 1600,65-45-2,O=C(N)C1(=C(O)C=CC=C1),137.13602,137.13602,M00967A,J011,SALICYLAMIDE,salicylamide,"analgesic, synthetic"
YU226676,1,Microsource,1506162,Pharmakon 1600,406-90-6,FC(F)(F)COC=C,126.0771096,126.0771096,M00967A,J012,FLUROXENE,fluroxene,"anesthetic, synthetic"
YU226636,1,Microsource,1500533,Pharmakon 1600,54-21-7,[Na+].O=C([O-])C1(=C(O)C=CC=C1),160.10257,160.10257,M00967A,J013,SODIUM SALICYLATE,IDOCYL,"keratolytic, synthetic"
YU226677,1,Microsource,2300214,Pharmakon 1600,"33286-22-5, 42399-41-7 [diltiazem]",Cl.S1(C3(=C(N(CCN(C)C)C(C(C1C2(=CC=C(OC)C=C2))OC(=O)C)=O)C=CC=C3)),450.97956,450.97956,M00967A,J014,DILTIAZEM HYDROCHLORIDE,diltiazem,"Ca channel blocker, coronary vasodilator, synthetic; RG-83606"
YU226637,1,Microsource,1500536,Pharmakon 1600,"53179-09-2, 32385-11-8 [sisomicin]",S(=O)(=O)(O)O.O1(C(=CCC(C1OC3(C(O)C(OC2(OCC(O)(C)C(C2O)NC))C(N)CC3N))N)CN),545.60606,545.60606,M00967A,J015,SISOMICIN SULFATE,SISEPTIN,"antibacterial, binds to ribosomes, Micromonospora myoensis; SCH-13475"
YU226678,1,Microsource,1500687,Pharmakon 1600,118-08-1,O=C4(OC(C1(N(CCC2(=C1C=C3(OCOC3(=C2))))C))C=5(C4=C(OC)C(OC)=CC=5)),383.39458,383.39458,M00967A,J016,"HYDRASTINE (1R, 9S)",,"antihypertensive, sedative, antibacterial, Corydalis spp"
YU224968,2,Microsource,1500538,Pharmakon 1600,"22189-32-8, 21736-83-4 [anhydrous], 1695-77-8 [spectinomycin]",Cl.Cl.O=C3(C2(OC1(C(C(O)C(NC)C(C1NC)O)OC2OC(C3)C))(O)),405.27092,405.27092,M00967A,J017,SPECTINOMYCIN HYDROCHLORIDE,TROBICIN,"antibacterial, Streptomyces spectabilis; CHX-3101; M-141, U-18409AE"
YU226679,1,Microsource,1500689,Pharmakon 1600,"6108-05-0, 73-78-9 [anhydrous], 137-58-6 [lidocaine]",Cl.O=C(NC1(=C(C=CC=C1C)C))CN(CC)CC,270.798,270.798,M00967A,J018,LIDOCAINE HYDROCHLORIDE,lidocaine,"anesthetic (local), antiarrhythmic, synthetic"
YU226638,1,Microsource,1500539,Pharmakon 1600,52-01-7,S(C(=O)C)C1(C3(C(C2(CCC(C=C2(C1))=O)(C))CCC4(C3CCC45(OC(=O)CC5))(C))),416.57448,416.57448,M00967A,J019,SPIRONOLACTONE,spironolactone,"diuretic, aldosterone antagonist, synthetic; SC-9420"
YU224130,2,Microsource,1500691,Pharmakon 1600,"73-05-2, 50-60-2 [phentolamine]",Cl.OC3(=CC(N(C1(=CC=C(C)C=C1))CC2(=NCCN2))=CC=C3),317.81302,317.81302,M00967A,J020,PHENTOLAMINE HYDROCHLORIDE,phentolamine,"antihypertensive, synthetic"
YU226639,1,Microsource,1500541,Pharmakon 1600,"3810-74-0, 57-92-1 [streptomycin]",S(=O)(=O)(O)O.O=CC3(O)(C(OC1(OC(C(O)C(C1NC)O)CO))C(OC2(C(O)C(O)C(NC(=N)N)C(C2NC(=N)N)O))OC3C),679.65382,679.65382,M00967A,J021,STREPTOMYCIN SULFATE,AGRI-STREP,"antibacterial (tuberculostatic), Streptomyces griseus"
YU034493,2,Microsource,1500767,Pharmakon 1600,94-25-7,O=C(OCCCC)C1(=CC=C(N)C=C1),193.24234,193.24234,M00967A,J022,BUTAMBEN,BUTESIN,"anesthetic (local); inhibitor of DRG IA/Kv4.2 current, synthetic"
YU225217,2,Microsource,1500244,Pharmakon 1600,56-53-1,OC2(=CC=C(C(=C(C1(=CC=C(O)C=C1))CC)CC)C=C2),268.3502,268.3502,M00967A,K003,DIETHYLSTILBESTROL,diethylstilbestrol,"estrogen, synthetic"
YU033868,3,Microsource,1500350,Pharmakon 1600,53-86-1,ClC3(=CC=C(C(=O)N2(C1(=C(C=C(OC)C=C1)C(=C2C)CC(=O)O)))C=C3),357.78738,357.78738,M00967A,K004,INDOMETHACIN,indometacin,"antiinflammatory, antipyretic, analgesic, synthetic"
YU033788,3,Microsource,1500245,Pharmakon 1600,22494-42-4,FC2(=C(C1(=CC(=C(O)C=C1)C(=O)O))C=CC(=C2)F),250.1976264,250.19763,M00967A,K005,DIFLUNISAL,diflunisal,"analgesic, antiinflammatory, synthetic"
YU033869,2,Microsource,1500351,Pharmakon 1600,31842-01-0,O=C2(N(C1(=CC=C(C(C(=O)O)C)C=C1))CC3(=C2C=CC=C3)),281.30594,281.30594,M00967A,K006,INDOPROFEN,indoprofen,"analgesic, antiinflammatory, synthetic; K-4274"
YU226549,1,Microsource,1500246,Pharmakon 1600,71-63-6,O=C1(OCC(=C1)C8(C7(C(O)(C6(C(C5(C(CC(OC4(OC(C(OC3(OC(C(OC2(OC(C(O)C(C2)O)C))C(C3)O)C))C(C4)O)C))CC5)CC6)(C))CC7))CC8)(C))),764.93906,764.93906,M00967A,K007,DIGITOXIN,CRYSTODIGIN,"inotropic, cardiotonic, Digitalis spp"
YU226589,1,Microsource,1500364,Pharmakon 1600,1492-18-8,[Ca+2].O=C1(N=C(NC2(=C1N(C=O)C(CN2)CNC3(=CC=C(C(=O)NC(C(=O)[O-])CCC(=O)[O-])C=C3)))N),511.50172,511.50172,M00967A,K008,LEUCOVORIN CALCIUM,WELLCOVERIN,"antianemic, antidote to folic acid antagonists, synthetic; NSC-3590"
YU226550,1,Microsource,1500247,Pharmakon 1600,20830-75-5,O=C1(OCC(=C1)C8(C7(C(O)(C6(C(C5(C(CC(OC4(OC(C(OC3(OC(C(OC2(OC(C(O)C(C2)O)C))C(C3)O)C))C(C4)O)C))CC5)CC6)(C))CC7O))CC8)(C))),780.93846,780.93846,M00967A,K009,DIGOXIN,LANOXIN,"cardiac stimulant, Digitalis lanata or D. orientalis Lam., Scrophulariaceae"
YU033870,2,Microsource,1500353,Pharmakon 1600,83-73-8,IC2(=C(O)C1(=NC=CC=C1C(=C2)I)),396.95108,396.95108,M00967A,K010,IODOQUINOL,IOQUIN,"antiamebic, synthetic"
YU226551,1,Microsource,1500248,Pharmakon 1600,6190-39-2,S(=O)(=O)(O)C.O=C1(N8(C(C3(OC(C(N3(C1CC2(=CC=CC=C2)))=O)(NC(=O)C4(CN(C5(CC7(=CNC=6(C7(=C(C5(C4))C=CC=6)))))C))C)(O))CCC8)),679.78424,679.78424,M00967A,K011,DIHYDROERGOTAMINE MESYLATE,MIGRANAL,"vasoconstrictor, antimigraine, semisynthetic"
YU035336,4,Microsource,2300104,Pharmakon 1600,1684-40-8,Cl.N=1(C=3(C(C(N)=C2(C=1CCCC2))=CC=CC=3)),234.72438,234.72438,M00967A,K012,TACRINE HYDROCHLORIDE,tacrine,"anticholinesterase, cognitive adjuvant, K channel blocker, synthetic; CL-970"
YU226552,1,Microsource,1500249,Pharmakon 1600,"5490-27-7, 128-46-1 [dihydrostreptomycin]",S(=O)(=O)(O)O.O3(C(OC1(C(O)(C(C)OC1OC2(C(O)C(O)C(NC(=N)N)C(C2NC(=N)N)O))CO))C(NC)C(O)C(C3CO)O),681.6697,681.6697,M00967A,K013,DIHYDROSTREPTOMYCIN SULFATE,,"antibacterial, tuberculostatic, Streptomyces humidus"
YU033872,3,Microsource,1500355,Pharmakon 1600,54-85-3,O=C(NN)C1(=CC=NC=C1),137.1394,137.1394,M00967A,K014,ISONIAZID,isoniazid,"antibacterial, tuberculostatic, synthetic"
YU034541,2,Microsource,1500251,Pharmakon 1600,523-87-5,ClC1(=NC=2(N(C(=O)N(C(C=2(N1))=O)C)C)).O(C(C3(=CC=CC=C3))C4(=CC=CC=C4))CCN(C)C,469.96372,469.96372,M00967A,K015,DIMENHYDRINATE,dimenhydrinate,"antiemetic, synthetic"
YU226590,1,Microsource,1500356,Pharmakon 1600,"71-81-8, 7492-32-2 [isopropamide]",[I-].O=C(N)C(C1(=CC=CC=C1))(C2(=CC=CC=C2))CC[N+](C(C)C)(C(C)C)C,480.42547,480.42547,M00967A,K016,ISOPROPAMIDE IODIDE,isopropamide iodide,"anticholinergic, synthetic"
YU033795,2,Microsource,1500253,Pharmakon 1600,695-53-4,O=C1(OC(C)(C)C(N1)=O),129.11402,129.11402,M00967A,K017,DIMETHADIONE,dimethadione,"anticonvulsant, synthetic; BAX-1400Z, AC-1198, DMO"
YU226591,1,Microsource,1500357,Pharmakon 1600,"51-30-9, 7683-59-2 [isoproterenol]",Cl.OC1(=C(O)C=CC(=C1)C(O)CNC(C)C),247.71826,247.71826,M00967A,K018,ISOPROTERENOL HYDROCHLORIDE,isoprenaline,"bronchodilator, synthetic"
YU033796,2,Microsource,1500255,Pharmakon 1600,131-53-3,O=C(C1(=C(O)C=C(OC)C=C1))C2(=C(O)C=CC=C2),244.24268,244.24268,M00967A,K019,DIOXYBENZONE,dioxybenzone,"ultraviolet screen, synthetic; NSC-56769"
YU226592,1,Microsource,1502389,Pharmakon 1600,6054-98-4,[Na+].[Na+].O=C([O-])C1(=C(O)C=CC(=C1)N=NC2(=CC(=C(O)C=C2)C(=O)[O-])),346.20274,346.20274,M00967A,K020,OLSALAZINE SODIUM,AZODISAL SODIUM,"antiinflammatory, synthetic; CJ-91B"
YU039464,5,Microsource,1500256,Pharmakon 1600,147-24-0,Cl.O(C(C1(=CC=CC=C1))C2(=CC=CC=C2))CCN(C)C,291.81542,291.81542,M00967A,K021,DIPHENHYDRAMINE HYDROCHLORIDE,diphenhydramine,"antihistaminic, synthetic"
YU226593,1,Microsource,1500359,Pharmakon 1600,"579-56-6, 395-28-8 [isoxsuprine]",Cl.O(C1(=CC=CC=C1))CC(NC(C(O)C2(=CC=C(O)C=C2))C)C,337.8408,337.8408,M00967A,K022,ISOXSUPRINE HYDROCHLORIDE,isoxsuprine,"vasodilator, synthetic"
YU034002,2,Microsource,1500543,Pharmakon 1600,18883-66-4,O=NN(C(=O)NC1(C(OC(CO)C(C1O)O)O))C,265.22072,265.22072,M00967A,L003,STREPTOZOSIN,streptozocin,"antineoplastic, alkylating agent, synthetic; U-9889"
YU040051,3,Microsource,1500771,Pharmakon 1600,"70356-03-5, 53994-73-3 [anhydrous]",ClC3(=C(N2(C(=O)C(NC(=O)C(N)C1(=CC=CC=C1))C2SC3))C(=O)O),367.80818,367.80818,M00967A,L004,CEFACLOR,CECLOR,"antibacterial, semisynthetic"
YU034003,2,Microsource,1500544,Pharmakon 1600,127-71-9,S(=O)(=O)(NC(=O)C1(=CC=CC=C1))C2(=CC=C(N)C=C2),276.31206,276.31206,M00967A,L005,SULFABENZAMIDE,sulfabenzamide,"antibacterial, synthetic"
YU226680,1,Microsource,1500772,Pharmakon 1600,"606-17-7, 2618-26-0 [iodipamide sodium]",IC1(=C(NC(=O)C)C(I)=C(CNC(=O)C)C(=C1C(=O)O)I),627.94023,627.94023,M00967A,L006,IODIPAMIDE,CHOLOGRAFIN,"radioopaque agent, synthetic; L-isomer: spectrum"
YU034004,2,Microsource,1500545,Pharmakon 1600,"144-80-9, 127-56-0 [anhydrous], 6209-17-2 [sulfacetamide sodium]",S(=O)(=O)(NC(=O)C)C1(=CC=C(N)C=C1),214.24268,214.24268,M00967A,L007,SULFACETAMIDE,sulfacetamide,"antibacterial, synthetic"
YU224118,3,Microsource,2300206,Pharmakon 1600,364-98-7,ClC2(=CC=1(S(=O)(=O)NC(C)=NC=1C=C2)),230.67216,230.67216,M00967A,L008,DIAZOXIDE,,"antihypertensive, diuretic, activates K channels and AMPA receptors, synthetic; Sch-6783; NSC-64198"
YU034005,3,Microsource,1500546,Pharmakon 1600,68-35-9,S(=O)(=O)(NC1(=NC=CC=N1))C2(=CC=C(N)C=C2),250.27816,250.27816,M00967A,L009,SULFADIAZINE,sulfadiazine,"antibacterial, synthetic"
YU022212,5,Microsource,1500801,Pharmakon 1600,97-59-6,O=C1(NC(=O)C(N1)NC(=O)N),158.1156,158.1156,M00967A,L010,ALLANTOIN,ALCLOXA,"wound healing agent, allantoic fluid; widely distributed in plants"
YU034006,2,Microsource,1500547,Pharmakon 1600,127-79-7,S(=O)(=O)(NC1(=NC(=CC=N1)C))C2(=CC=C(N)C=C2),264.30474,264.30474,M00967A,L011,SULFAMERAZINE,sulfamerazine,"antibacterial, synthetic; RP-2632"
YU226681,1,Microsource,1500804,Pharmakon 1600,5588-16-9,ClC1(=C(S(=O)(=O)N)C=C2(S(=O)(=O)NC(NC2(=C1))CSCC=C)),383.89738,383.89738,M00967A,L012,ALTHIAZIDE,altizide,"diuretic, synthetic; P-1779"
YU034007,3,Microsource,1500548,Pharmakon 1600,57-68-1,S(=O)(=O)(NC1(=NC(=CC(=N1)C)C))C2(=CC=C(N)C=C2),278.33132,278.33132,M00967A,L013,SULFAMETHAZINE,sulfadimidine,"antibacterial, synthetic"
YU155566,2,Microsource,1500807,Pharmakon 1600,73-24-5,N2(=C(N)C=1(N=CNC=1N=C2)),135.1269,135.1269,M00967A,L014,ADENINE,LEUCO-4,"Vitamin B4, widespread in nature"
YU034008,2,Microsource,1500549,Pharmakon 1600,144-82-1,S(=O)(=O)(NC=1(SC(C)=NN=1))C2(=CC=C(N)C=C2),270.33346,270.33346,M00967A,L015,SULFAMETHIZOLE,sulfamethizole,"antibacterial, synthetic"
YU030802,2,Microsource,1500810,Pharmakon 1600,"90-45-9, 134-50-9 [aminacrine hydrochloride]",N=1(C=3(C(C(N)=C2(C=1C=CC=C2))=CC=CC=3)),194.23198,194.23198,M00967A,L016,AMINACRINE,MONACRIN,"local antiseptic, synthetic"
YU034009,2,Microsource,1500550,Pharmakon 1600,723-46-6,S(=O)(=O)(NC1(=NOC(=C1)C))C2(=CC=C(N)C=C2),253.27876,253.27876,M00967A,L017,SULFAMETHOXAZOLE,sulfamethoxazole,"antibacterial, antipneumocystis, synthetic; Ro-4-2130"
YU226682,1,Microsource,1500812,Pharmakon 1600,4696-76-8 (base),S(=O)(=O)(O)O.O3(C(OC2(C(O)C(OC1(OC(C(O)C(C1N)O)CN))C(N)CC2N))C(O)C(N)C(C3CO)O),581.59356,581.59356,M00967A,L018,BEKANAMYCIN SULFATE,,"antibacterial, semisynthetic; Streptomyces kanamyceticus; NK-1006"
YU034010,2,Microsource,1500551,Pharmakon 1600,144-83-2,S(=O)(=O)(NC1(=NC=CC=C1))C2(=CC=C(N)C=C2),249.29006,249.29006,M00967A,L019,SULFAPYRIDINE,sulfapyridine,"antibacterial, dermatitis herpetiformis therapy, synthetic; M&B-693"
YU226683,1,Microsource,1500813,Pharmakon 1600,"51333-22-3 [11(gr b), 16(gr a)] 51372-29-3 [(11(gr b), 16(gr a)[//R//])] 51372-28-2 [(11(gr b), 16(gr a)[//S//])]",O=C5(C=C2(C(C1(C(O)CC3(C4(OC(CCC)OC4(CC3(C1CC2)))(C(=O)CO))(C)))(C)C=C5)),430.53386,430.53386,M00967A,L020,BUDESONIDE,PULMICORT,"antiinflammatory, semisynthetic"
YU221021,3,Microsource,1500552,Pharmakon 1600,599-79-1,S(=O)(=O)(NC1(=NC=CC=C1))C3(=CC=C(N=NC2(=CC(=C(O)C=C2)C(=O)O))C=C3),398.39372,398.39372,M00967A,L021,SULFASALAZINE,AZULFIDINE,"anticolitis and Crohn""s disease, synthetic"
YU226684,1,Microsource,1506179,Pharmakon 1600,8024-48-4,O=C3(C1(=C(O)C=C(CO)C=C1C(OC2(OC(C(O)C(C2O)O)CO))C=4(C3=C(O)C=CC=4))),434.39338,434.39338,M00967A,L022,CASANTHRANOL [cascaroside A shown],CASAKOL,"laxative, antineoplastic, mixture of anthranol glycosides ex Cascara sagrada"
YU226553,1,Microsource,1500258,Pharmakon 1600,132-18-3 147-20-6 [diphenylpyraline],Cl.O(C1(CCN(C)CC1))C(C2(=CC=CC=C2))C3(=CC=CC=C3),317.8527,317.8527,M00967A,M003,DIPHENYLPYRALINE HYDROCHLORIDE,diphenylpyraline,"antihistaminic, synthetic"
YU226594,1,Microsource,1500360,Pharmakon 1600,"25389-94-0, 133-92-6 [replaced], 59-01-8 [kanamycin]",S(=O)(=O)(O)O.O3(C(OC2(C(O)C(OC1(OC(C(O)C(C1O)O)CN))C(N)CC2N))C(O)C(N)C(C3CO)O),582.57828,582.57828,M00967A,M004,KANAMYCIN A SULFATE,KANTREX,"antibacterial, Streptomyces kanamyceticus"
YU033799,3,Microsource,1500259,Pharmakon 1600,58-32-2,OCCN(C=2(N=C(N1(CCCCC1))C3(=NC(N(CCO)CCO)=NC(=C3(N=2))N4(CCCCC4))))CCO,504.62592,504.62592,M00967A,M005,DIPYRIDAMOLE,dipyridamole,"coronary vasodilator, synthetic; RA-8"
YU033879,2,Microsource,1500362,Pharmakon 1600,65277-42-1,ClC1(=C(C=CC(=C1)Cl)C4(OC(COC3(=CC=C(N2(CCN(C(=O)C)CC2))C=C3))CO4)(CN5(C=NC=C5))),531.43048,531.43048,M00967A,M006,KETOCONAZOLE,ketoconazole,"antifungal, PXR/SRC1 & CAR/SRC1 inhibitor, synthetic; R-41400"
YU033781,2,Microsource,1601020,Pharmakon 1600,134-62-3,O=C(N(CC)CC)C1(=CC(=CC=C1)C),191.26952,191.26952,M00967A,M007,DIETHYLTOLUAMIDE,DEET,"insect repellant, synthetic"
YU033880,2,Microsource,1500363,Pharmakon 1600,4618-18-2,O2(C(OC1(C(O)C(O)(CO)OC1CO))C(O)C(O)C(C2CO)O),342.29648,342.29648,M00967A,M008,LACTULOSE,lactulose,"laxative, synthetic"
YU226554,1,Microsource,1500261,Pharmakon 1600,3737-09-05 00:00:00,P(=O)(O)(O)O.O=C(N)C(C1(=NC=CC=C1))(C2(=CC=CC=C2))CCN(C(C)C)C(C)C,437.469761,437.469761,M00967A,M009,DISOPYRAMIDE PHOSPHATE,disopyramide,"antiarrhythmic, synthetic; SC-13957"
YU226595,1,Microsource,1500368,Pharmakon 1600,"7179-49-9, 859-18-7 [anhydrous], 154-21-2 [lincomycin]",Cl.S(C1(OC(C(O)C(C1O)O)C(NC(=O)C2(N(CC(C2)CCC)C))C(O)C))C,442.99908,442.99908,M00967A,M010,LINCOMYCIN HYDROCHLORIDE,LINCOCIN,"antibacterial, Streptomyces lincolnensis, S espinosus, S variabilis; U-10149"
YU226555,1,Microsource,1502380,Pharmakon 1600,14484-47-0,O=C5(C=C2(C(C1(C(O)CC3(C4(N=C(C)OC4(CC3(C1CC2)))(C(=O)COC(=O)C))(C)))(C)C=C5)),441.51678,441.51678,M00967A,M011,DEFLAZACORT,CALCORT,"antiinflammatory, synthetic; DL-458-IT, MDL-458"
YU033881,2,Microsource,1500365,Pharmakon 1600,"829-74-3, 18829-78-2 [replaced]",OC1(=C(O)C=CC(=C1)C(O)C(N)C),183.20446,183.20446,M00967A,M012,LEVONORDEFRIN,NEO-COBEFRIN,"vasoconstrictor, synthetic"
YU226556,1,Microsource,1500263,Pharmakon 1600,"62-31-7, 51-61-6 [dopamine]",Cl.OC1(=C(O)C=CC(=C1)CCN),189.63912,189.63912,M00967A,M013,DOPAMINE HYDROCHLORIDE,dopamine,"cardiotonic, antihypotensive, synthetic; ASL-279"
YU226596,1,Microsource,1500383,Pharmakon 1600,"76-90-4, 25990-43-6 [mepenzolate]",[Br-].O=C(OC1(C[N+](CCC1)(C)C))C(O)(C2(=CC=CC=C2))C3(=CC=CC=C3),420.34008,420.34008,M00967A,M014,MEPENZOLATE BROMIDE,mepenzolate bromide,"anticholinergic, synthetic"
YU220934,2,Microsource,1500264,Pharmakon 1600,"1229-29-4, 1668-19-5 [doxepin], 4698-39-9 [(//E//)-isomer], 25127-31-5 [(//Z//)-isomer]",Cl.O1(C3(=C(C(=CCCN(C)C)C2(=C(C1)C=CC=C2))C=CC=C3)),315.83682,315.83682,M00967A,M015,DOXEPIN HYDROCHLORIDE,SINEQUAN,"antidepressant, synthetic; P-3693A"
YU226597,1,Microsource,1500379,Pharmakon 1600,"71-58-9, 520-85-4 [medroxyprogesterone]",O=C4(C=C3(C(C2(C(C1(C(C(OC(=O)C)(C(=O)C)CC1)(C)CC2))CC3C))(C)CC4)),386.52436,386.52436,M00967A,M016,MEDROXYPROGESTERONE ACETATE,PROVERA,"contraceptive, semisynthetic; NSC-26386"
YU226557,1,Microsource,1500266,Pharmakon 1600,"17086-28-1, 564-25-0 [anhydrous]",Cl.O=C2(C1(=C(O)C=CC=C1C(C)C4(C2=C(O)C3(O)(C(=O)C(=C(O)C(C3C4O)N(C)C)C(=O)N)))),480.89528,480.89528,M00967A,M017,DOXYCYCLINE HYDROCHLORIDE,PERIOSTAT,"antibacterial, semisynthetic; GS-3065"
YU226598,1,Microsource,1500395,Pharmakon 1600,"7246-14-2, 132-92-3 [anhydrous], 61-32-5 [methicillin]",S1(C(C(C(=O)[O-])N3(C1C(NC(=O)C2(=C(OC)C=CC=C2OC))C3=O))(C)C).[Na+],402.39841,402.39841,M00967A,M018,METHICILLIN SODIUM,STAPHCILLIN,"antibacterial, semisynthetic; BRL-1241, SQ-16123, X-1497"
YU039687,4,Microsource,1500267,Pharmakon 1600,"562-10-7, 469-21-6 [doxylamine]",O=C(O)CCC(=O)O.O(C(C1(=NC=CC=C1))(C2(=CC=CC=C2))C)CCN(C)C,388.4575,388.4575,M00967A,M019,DOXYLAMINE SUCCINATE,DECAPRYN,"antihistaminic, hypnotic, synthetic"
YU226599,1,Microsource,1500655,Pharmakon 1600,302-27-2,O=C(OC1(C6(O)(C(OC)C(O)C3(C1C(C25(C(OC)CC(O)C4(C2C(C3C5(N(C4)CC))OC)(COC)))C6)(OC(=O)C))))C7(=CC=CC=C7),645.73712,645.73712,M00967A,M020,ACONITINE,,"anesthetic (gastric), antipyretic, and cardiotoxin, Aconitum spp"
YU226558,1,Microsource,1500268,Pharmakon 1600,"536-43-6, 586-60-7 [dyclonine]",Cl.O=C(C1(=CC=C(OCCCC)C=C1))CCN2(CCCCC2),325.87316,325.87316,M00967A,M021,DYCLONINE HYDROCHLORIDE,DYCLONE,"anesthetic (topical), synthetic"
YU226600,1,Microsource,1500508,Pharmakon 1600,57-83-0,O=C4(C=C3(C(C2(C(C1(C(C(C(=O)C)CC1)(C)CC2))CC3))(C)CC4)),314.4617,314.4617,M00967A,M022,PROGESTERONE,progesterone,"progestogen, semisynthetic; NSC-9704"
YU034012,3,Microsource,1500553,Pharmakon 1600,72-14-0,S(=O)(=O)(NC=1(SC=CN=1))C2(=CC=C(N)C=C2),255.31878,255.31878,M00967A,N003,SULFATHIAZOLE,sulfathiazole,"antibacterial, synthetic"
YU226685,1,Microsource,1500828,Pharmakon 1600,"2181-04-6, 4138-96-9 [canrenoic acid]",[K+].O=C3(C=C2(C=CC4(C1(C(C(O)(CCC(=O)[O-])CC1)(C)CCC4(C2(C)CC3))))),396.56156,396.56156,M00967A,N004,"CANRENOIC ACID, POTASSIUM SALT",KANRENOL,"aldosterone antagonist, diuretic, semisynthetic; SC-14266"
YU034013,2,Microsource,1500554,Pharmakon 1600,57-96-5,S(=O)(C1(=CC=CC=C1))CCC3(C(=O)N(C2(=CC=CC=C2))N(C3=O)C4(=CC=CC=C4)),404.48258,404.48258,M00967A,N005,SULFINPYRAZONE,sulfinpyrazone,"uricosuric, synthetic"
YU226686,1,Microsource,1500837,Pharmakon 1600,474-25-9,O=C(O)CCC(C4(C2(C(C1(C(O)CC3(CC(O)CCC3(C1CC2)(C))))CC4)(C)))C,392.572,392.572,M00967A,N006,CHENODIOL,chenodeoxycholic acid,"anticholithogenic, antilipemic agent, human bile"
YU034014,2,Microsource,1500555,Pharmakon 1600,127-69-5,S(=O)(=O)(NC=1(ON=C(C=1C)C))C2(=CC=C(N)C=C2),267.30534,267.30534,M00967A,N007,SULFISOXAZOLE,sulfafurazole,"antibacterial, synthetic"
YU226687,1,Microsource,1500838,Pharmakon 1600,67-97-0,OC1(CC(C(=C)CC1)=CC=C3(C2(C(C(C(CCCC(C)C)C)CC2)(CCC3)C))),384.63766,384.63766,M00967A,N008,CHOLECALCIFEROL,colecalciferol,"vitamin D3, fish oils"
YU225135,2,Microsource,1500556,Pharmakon 1600,38194-50-2,S(=O)(C3(=CC=C(C=C2(C1(=C(C=C(F)C=C1)C(=C2C)CC(=O)O)))C=C3))C,356.41158,356.4115832,M00967A,N009,SULINDAC,CLINORIL,"antiinflammatory, synthetic"
YU226688,1,Microsource,1505730,Pharmakon 1600,119793-66-7,[Cl-].O=C(OC(C[N+](C)(C)C)CC(=O)O)CC,253.72284,253.72284,M00967A,N010,LEVOCARNITINE PROPIONATE HYDROCHLORIDE,DROMOS,"carnitine replenisher in peripheral arterial disease, synthetic; ST-261"
YU221426,3,Microsource,1500557,Pharmakon 1600,"54965-24-1, 10540-29-1 [tamoxifen]",O=C(O)C(O)(CC(=O)O)CC(=O)O.O(C3(=CC=C(C(C1(=CC=CC=C1))=C(C2(=CC=CC=C2))CC)C=C3))CCN(C)C,563.63812,563.63812,M00967A,N011,TAMOXIFEN CITRATE,tamoxifen,"estrogen antagonist, antineoplastic, synthetic; ICI-46474"
YU225250,2,Microsource,1500403,Pharmakon 1600,"41372-08-1, 555-30-6 [anhydrous]",O=C(O)C(N)(CC1(=CC(O)=C(O)C=C1))C,211.21456,211.21456,M00967A,N012,METHYLDOPA,ALDOMET,"antihypertensive, synthetic"
YU226640,1,Microsource,1500558,Pharmakon 1600,"23031-32-5, 23031-25-6 [terbutaline]",S(=O)(=O)(O)O.OC1(=CC(O)=CC(=C1)C(O)CNC(C)(C)C),323.36368,323.36368,M00967A,N013,TERBUTALINE HEMISULFATE,terbutaline,"betaadrenergic agonist, bronchodilator, synthetic; KWD-2019"
YU226689,1,Microsource,1500844,Pharmakon 1600,68-19-9,[Co+]1245(N=%10(C%11(=CC%12(=N1C(=C(C)C3(=N2C(C(CC(=O)N)(C)C3CCC(=O)N)(C)C9(N4C(C(CCC(=O)NCC(C)OP(OC8(C(C(N7(C=N5C6(=C7(C=C(C)C(=C6)C))))OC8(CO))O))(=O)[O-])(C)C9CC(=O)N)=C(C=%10C(CCC(=O)N)C%11(C)C)C)))C(CC(=O)N)(C)C%12CCC(=O)N))))(C#N),1355.36574,1355.365741,M00967A,N014,CYANOCOBALAMIN,RUBRAMIN,"vitamin, coenzyme B12, Vitamin B12; cyanocobalamin"
YU226641,1,Microsource,1500564,Pharmakon 1600,"136-47-0, 94-24-6 [tetracaine]",Cl.O=C(OCCN(C)C)C1(=CC=C(NCCCC)C=C1),300.82398,300.82398,M00967A,N015,TETRACAINE HYDROCHLORIDE,tetracaine,"anesthetic (local), synthetic"
YU226690,1,Microsource,1500847,Pharmakon 1600,57-88-5,OC3(CC2(=CCC4(C1(C(C(C(CCCC(C)C)C)CC1)(C)CCC4(C2(C)CC3))))),386.65354,386.65354,M00967A,N016,CHOLESTEROL,,"emulsifying agent, common animal sterol"
YU226642,1,Microsource,1500566,Pharmakon 1600,"64-75-5, 60-54-8 [tetracycline]",Cl.O=C2(C1(=C(O)C=CC=C1C(O)(C)C4(C2=C(O)C3(O)(C(=O)C(=C(O)C(C3C4)N(C)C)C(=O)N)))),480.89528,480.89528,M00967A,N017,TETRACYCLINE HYDROCHLORIDE,ACHROMYCIN,"antibacterial, antiamebic, antirickettsial, Streptomyces spp"
YU155538,2,Microsource,1500873,Pharmakon 1600,94-62-2,O=C(N1(CCCCC1))C=CC=CC3(=CC=2(OCOC=2C=C3)),285.3377,285.3377,M00967A,N018,PIPERINE,,"analeptic, antibacterial, black pepper (Piper nigrum L.)"
YU226643,1,Microsource,1500567,Pharmakon 1600,"522-48-5, 84-22-0 [tetrahydrozoline]",Cl.N1(=C(NCC1)C3(C2(=C(C=CC=C2)CCC3))),236.74026,236.74026,M00967A,N019,TETRAHYDROZOLINE HYDROCHLORIDE,tetryzoline,"adrenergic agonist, nasal decongestant, synthetic"
YU220920,2,Microsource,2300242,Pharmakon 1600,"27833-64-3, 1977-10-2 [loxapine]",ClC2(=CC=1(C(=NC=3(C=CC=CC=3(OC=1C=C2)))N4(CCN(C)CC4))).O=C(O)CCC(=O)O,445.89588,445.89588,M00967A,N020,LOXAPINE SUCCINATE,LOXAPINE,"antipsychotic, synthetic; CL-71563"
YU226644,1,Microsource,1500464,Pharmakon 1600,52-67-5,SC(C(N)C(=O)O)(C)C,149.21238,149.21238,M00967A,N021,PENICILLAMINE,penicillamine,"chelating agent (Cu), antirheumatic, semisynthetic"
YU226691,1,Microsource,1500907,Pharmakon 1600,81-23-2,O=C1(C4(C(C2(C(=O)CC3(C(C2(C1))(CCC(C3)=O)C)))CCC4C(CCC(=O)O)C)(C)),402.52376,402.52376,M00967A,N022,DEHYDROCHOLIC ACID,dehydrocholic acid,"choleretic, derivative of cholic acid"
YU022198,3,Microsource,1500269,Pharmakon 1600,479-18-5,O=C1(N(C(=O)C=2(N(CC(O)CO)C=NC=2(N1C)))C),254.24272,254.24272,M00967A,O003,DYPHYLLINE,diprophylline,"PDE inhibitor, bronchodilator, vasodilator, synthetic"
YU226601,1,Microsource,1500404,Pharmakon 1600,"57432-61-8, 7054-07-1 [replaced], 113-42-8 [methylergonovine]",O=C(O)C=CC(=O)O.O=C(NC(CO)CC)C3(C=C2(C4(=C1(C(NC=C1CC2N(C3)C)=CC=C4)))),455.50368,455.50368,M00967A,O004,METHYLERGONOVINE MALEATE,methylergometrine,"oxytocic, semisynthetic"
YU226559,1,Microsource,1500270,Pharmakon 1600,150-38-9,[Na+].[Na+].[Na+].O=C(O)CN(CC(=O)O)CCN(CC(=O)O)CC(=O)O,361.21203,361.21203,M00967A,O005,TRISODIUM ETHYLENEDIAMINE TETRACETATE,edetic acid,"chelating agent, antioxidant, synthetic"
YU221353,3,Microsource,1500400,Pharmakon 1600,298-81-7,O=C3(OC2(=C(OC)C=1(OC=CC=1C=C2C=C3))),216.18952,216.18952,M00967A,O006,METHOXSALEN,OXSORALENE,"antipsoriatic, pigmentation agent, Amni visnaga"
YU226560,1,Microsource,1500272,Pharmakon 1600,"316-42-7, 483-18-1 [emetine]",Cl.Cl.O(C1(=C(OC)C=C2(CCN5(C(C2(=C1))CC(CC3(NCCC4(=C3C=C(OC)C(=C4)OC)))C(C5)CC))))C,553.56026,553.56026,M00967A,O007,EMETINE DIHYDROCHLORIDE,,"inhibits RNA, DNA and protein synthesis, Uragoga ipecacuanha"
YU226602,1,Microsource,1500434,Pharmakon 1600,59-87-0,O=[N+]([O-])C=1(OC(C=NNC(=O)N)=CC=1),198.1364,198.1364,M00967A,O008,NITROFURAZONE,ACTIN-N,"antiinfective (topical), synthetic"
YU226561,1,Microsource,1500274,Pharmakon 1600,51-42-3,O=C(O)C(O)C(O)C(=O)O.OC1(=C(O)C=CC(=C1)C(O)CNC),333.2913,333.2913,M00967A,O009,EPINEPHRINE BITARTRATE,BRONITIN,"adrenergic agonist, bronchodilator, antiglaucoma agent, Portulaca grandiflora"
YU226603,1,Microsource,1500408,Pharmakon 1600,56-04-2,S=C1(NC(=O)C=C(N1)C),142.18002,142.18002,M00967A,O010,METHYLTHIOURACIL,,"antithyroid agent, synthetic"
YU155500,2,Microsource,1500275,Pharmakon 1600,474-86-2,O=C4(C2(C(C1(=CCC=3(C=C(O)C=CC=3(C1CC2))))CC4)(C)),268.3502,268.3502,M00967A,O011,EQUILIN,,"estrogen, pregnant mare urine"
YU226604,1,Microsource,1500413,Pharmakon 1600,"22832-87-7, 22916-47-8 [miconazole]",ClC1(=C(C=CC(=C1)Cl)C(OCC2(=C(Cl)C=C(Cl)C=C2))CN3(C=NC=C3)).O=[N+](O)[O-],479.14032,479.14032,M00967A,O012,MICONAZOLE NITRATE,miconazole,"antifungal (topical), synthetic"
YU226562,1,Microsource,1500276,Pharmakon 1600,50-14-6,OC1(CC(C(=C)CC1)=CC=C3(C2(C(C(C(C=CC(C(C)C)C)C)CC2)(CCC3)C))),396.64836,396.64836,M00967A,O013,ERGOCALCIFEROL,DRISDOL,"antirachitic vitamin; LD50 (rat) 56 mg/kg po , irradiation of ergosterol"
YU226605,1,Microsource,1500427,Pharmakon 1600,"1405-10-3, 1404-04-2 [neomycin]",S(=O)(=O)(O)O.O4(C(OC3(C(OC1(OC(CO)C(C1O)OC2(OC(C(O)C(C2N)O)CN)))C(O)C(N)CC3N))C(N)C(O)C(C4CN)O),712.72346,712.72346,M00967A,O014,NEOMYCIN SULFATE,neomycin,"antibacterial, Streptomyces fradiae"
YU034457,2,Microsource,2300325,Pharmakon 1600,17560-51-9,ClC2(=C(S(=O)(=O)N)C=C3(C(=O)N(C1(=C(C=CC=C1)C))C(NC3(=C2))C)),365.83536,365.83536,M00967A,O015,METOLAZONE,metolazone,"diuretic, antihypertensive, synthetic; SR-720-22"
YU033926,2,Microsource,1500435,Pharmakon 1600,121-81-3,O=[N+]([O-])C1(=CC([N+](=O)[O-])=CC(=C1)C(=O)N),211.13182,211.13182,M00967A,O016,NITROMIDE,,"antibacterial, coccidiostat, synthetic; NSC-60719"
YU033812,2,Microsource,1500279,Pharmakon 1600,"1264-62-6, 114-07-8 [erythromycin]",O=C1(OC(C(O)(C(O)C(C(=O)C(C)CC(C(C(C(C1C)OC2(OC(C(O)C(C2)(OC)C)C))C)OC3(OC(CC(C3OC(=O)CCC(=O)OCC)N(C)C)C))(O)C)C)C)CC),862.05274,862.05274,M00967A,O017,ERYTHROMYCIN ETHYLSUCCINATE,ERYPED,"antibacterial, semisynthetic"
YU226606,1,Microsource,1500450,Pharmakon 1600,1199-18-4,Cl.OC1(=C(O)C=C(CCN)C(=C1)O),205.63852,205.63852,M00967A,O018,OXIDOPAMINE HYDROCHLORIDE,oxidopamine,"adrenergic agonist (opthalmic), synthetic"
YU033815,2,Microsource,1500282,Pharmakon 1600,50-28-2,OC4(=CC3(=C(C2(C(C1(C(C(O)CC1)(C)CC2))CC3))C=C4)),272.38196,272.38196,M00967A,O019,ESTRADIOL,estradiol,"estrogen, pregnancy urine"
YU226607,1,Microsource,1500438,Pharmakon 1600,51-98-9,O=C4(C=C3(C(C2(C(C1(C(C(OC(=O)C)(C#C)CC1)(C)CC2))CC3))CC4)),340.45592,340.45592,M00967A,O020,NORETHINDRONE ACETATE,AYGESTIN,"Oral contraceptive (in combination with estrogen), synthetic; NSC-9564"
YU033816,2,Microsource,1500283,Pharmakon 1600,313-06-4,O=C(OC4(C3(C(C2(C(C1(=C(C=C(O)C=C1)CC2))CC3))CC4)(C)))CCC5(CCCC5),396.56224,396.56224,M00967A,O021,ESTRADIOL CYPIONATE,DEPO,"estrogen, semisynthetic"
YU226608,1,Microsource,1500456,Pharmakon 1600,"134-31-6, 148-24-3 (base)",S(=O)(=O)(O)O.OC=2(C1(=NC=CC=C1C=CC=2)),243.2375,243.2375,M00967A,O022,OXYQUINOLINE SULFATE,,"antiinfectant, complexing agent, synthetic"
YU226645,1,Microsource,1300035,Pharmakon 1600,527-07-1,[Na+].O=C([O-])C(O)C(O)C(O)C(O)CO,218.13711,218.13711,M00967A,P003,SODIUM GLUCONATE,,"electrolyte replenisher, widespread in nature"
YU226692,1,Microsource,1500992,Pharmakon 1600,42835-25-6,FC2(=CC=1(C(=O)C(C(=O)O)=CN3(C=1C(=C2)CCC3C))),261.2484232,261.2484232,M00967A,P004,FLUMEQUINE,flumequine,"antibacterial, synthetic"
YU226646,1,Microsource,1500573,Pharmakon 1600,"154-42-7, 5580-03-0 [hemihydrate]",S=C1(NC(=NC2(=C1NC=N2))N),167.1929,167.1929,M00967A,P005,THIOGUANINE,TABLOID,"antineoplastic, purine antimetabolite, synthetic; NSC-752"
YU224100,3,Microsource,1500993,Pharmakon 1600,"30484-77-6, 52468-60-7 [flunarazine]",Cl.Cl.FC4(=CC=C(C(N2(CCN(CC=CC1(=CC=CC=C1))CC2))C3(=CC=C(F)C=C3))C=C4),477.4162064,477.4162064,M00967A,P006,FLUNARIZINE HYDROCHLORIDE,flunarizine,"vasodilator, synthetic; R-14950"
YU226647,1,Microsource,1500575,Pharmakon 1600,"130-61-0, 50-52-2 [thioridazine]",Cl.S2(C4(=C(N(CCC1(N(CCCC1)C))C3(=C2C=CC=C3))C=C(SC)C=C4)),407.03726,407.03726,M00967A,P007,THIORIDAZINE HYDROCHLORIDE,thioridazine,"antipsychotic, synthetic"
YU225021,2,Microsource,1500994,Pharmakon 1600,146-56-5,Cl.Cl.S2(C4(=C(N(CCCN1(CCN(CCO)CC1))C3(=C2C=CC=C3))C=C(C(F)(F)F)C=C4)),510.4439496,510.4439496,M00967A,P008,FLUPHENAZINE HYDROCHLORIDE,fluphenazine,"antipsychotic, H1 antihistamine, synthetic"
YU226648,1,Microsource,1500576,Pharmakon 1600,"5591-45-7, 3313-26-6 [//Z//]",S(=O)(=O)(N(C)C)C4(=CC1(=C(SC=3(C=CC=CC=3(C1=CCCN2(CCN(C)CC2))))C=C4)),443.62738,443.62738,M00967A,P009,THIOTHIXENE,NAVANE,"antipsychotic, synthetic; P-4657B"
YU034149,3,Microsource,1500995,Pharmakon 1600,13311-84-7,FC(F)(F)C1(=C([N+](=O)[O-])C=CC(=C1)NC(=O)C(C)C),276.2119296,276.21193,M00967A,P010,FLUTAMIDE,flutamide,"antiandrogen, antineoplastic, Nuclear Hormone receptor antagonist, synthetic"
YU226649,1,Microsource,1500578,Pharmakon 1600,"26921-17-5, 91524-16-2 [timolol]",S1(N=C(OCC(O)CNC(C)(C)C)C(=N1)N2(CCOCC2)).O=C(O)C=CC(=O)O,432.49298,432.49298,M00967A,P011,TIMOLOL MALEATE,BLOCADREN,"betaadrenergic blocker, synthetic"
YU226693,1,Microsource,1501002,Pharmakon 1600,548-73-2,FC4(=CC=C(C(=O)CCCN3(CC=C(N1(C(=O)NC2(=C1C=CC=C2)))CC3))C=C4),379.4275032,379.4275032,M00967A,P012,DROPERIDOL,droperidol,"neuroleptic, synthetic; McN-JR-4749, R-4749"
YU225296,2,Microsource,1500579,Pharmakon 1600,32986-56-4,O3(C(OC2(C(O)C(OC1(OC(C(O)CC1N)CN))C(N)CC2N))C(O)C(N)C(C3CO)O),467.51468,467.51468,M00967A,P013,TOBRAMYCIN,tobramycin,"antibacterial, inhibits protein synthesis, Streptomyces spp"
YU221094,2,Microsource,1501003,Pharmakon 1600,76824-35-6,S(=O)(=O)(N=C(N)CCSCC=1(N=C(N=C(N)N)SC=1))N,337.44868,337.44868,M00967A,P014,FAMOTIDINE,famotidine,"H2 antihistamine, synthetic; MK-208"
YU226650,1,Microsource,1500580,Pharmakon 1600,"59-97-2, 59-98-3 [tolazoline]",Cl.N1(=C(NCC1)CC2(=CC=CC=C2)),196.6764,196.6764,M00967A,P015,TOLAZOLINE HYDROCHLORIDE,tolazoline,"adrenergic blocker, synthetic"
YU034157,2,Microsource,1501005,Pharmakon 1600,41340-25-4,O=C(O)CC1(OCCC2(=C1NC=3(C(=CC=CC2=3)CC)))(CC),287.35358,287.35358,M00967A,P016,ETODOLAC,etodolac,"antiinflammatory, synthetic; AY-24234"
YU034029,5,Microsource,1500581,Pharmakon 1600,64-77-7,S(=O)(=O)(NC(=O)NCCCC)C1(=CC=C(C)C=C1),270.349,270.349,M00967A,P017,TOLBUTAMIDE,tolbutamide,"antidiabetic, synthetic; D-860, U-2043"
YU226694,1,Microsource,1501007,Pharmakon 1600,13392-18-2,[BrH].OC1(=CC(O)=CC(=C1)C(O)CNC(CC2(=CC=C(O)C=C2))C),384.26492,384.26492,M00967A,P018,FENOTEROL HYDROBROMIDE,fenoterol,"betaadrenergic agonist, synthetic; TH-1165a"
YU226651,1,Microsource,1500584,Pharmakon 1600,"13492-01-8, 7081-36-9 [replaced], 155-09-9 [tranylcypromine]",S(=O)(=O)(O)O.NC2(C(C1(=CC=CC=C1))C2),231.26986,231.26986,M00967A,P019,TRANYLCYPROMINE SULFATE,PARNATE,"antidepressant, MAO inhibitor, synthetic"
YU034159,3,Microsource,1501008,Pharmakon 1600,36330-85-5,O=C(O)CCC(=O)C2(=CC=C(C1(=CC=CC=C1))C=C2),254.28056,254.28056,M00967A,P020,FENBUFEN,fenbufen,"antiinflammatory, synthetic; CL-82204"
YU034032,2,Microsource,1500585,Pharmakon 1600,102-76-1,O=C(OC(COC(=O)C)COC(=O)C)C,218.20386,218.20386,M00967A,P021,TRIACETIN,triacetin,"antifungal (topical), synthetic"
YU226695,1,Microsource,1501117,Pharmakon 1600,"2753-45-9, 3625-06-7 [mebeverine]",Cl.O=C(OCCCCN(C(CC1(=CC=C(OC)C=C1))C)CC)C2(=CC(OC)=C(OC)C=C2),466.00978,466.00978,M00967A,P022,MEBEVERINE HYDROCHLORIDE,mebeverine,"muscle relaxant (smooth), synthetic; CSAG-144"
YU034181,2,Microsource,1501124,Pharmakon 1600,827-61-2,O=C(OC1(C2(CCN(C1)CC2)))C,169.22094,169.22094,M00968A,A003,ACECLIDINE,aceclidine,"muscarinic ACh agonist, antiglaucoma, synthetic"
YU034400,2,Microsource,1503239,Pharmakon 1600,3105-97-3,S1(C3(=C(C(=O)C2(=C1C=CC=C2))C(NCCN(CC)CC)=CC=C3CO)),356.48284,356.48284,M00968A,A004,HYCANTHONE,hycanthone,"anthelmintic, hepatotoxic, synthetic; WIN-24933, NSC-134434"
YU155564,4,Microsource,1501128,Pharmakon 1600,404-86-4,O=C(NCC1(=CC(OC)=C(O)C=C1))CCCCC=CC(C)C,305.41192,305.41192,M00968A,A005,CAPSAICIN,capsaicin,"analgesic (topical), depletes Substance P, neurotoxic, Capsicum spp"
YU226744,1,Microsource,1500424,Pharmakon 1600,"550-99-2, 835-31-4 [naphazoline]",Cl.N1(=C(NCC1)CC=2(C=3(C(C=CC=2)=CC=CC=3))),246.73508,246.73508,M00968A,A006,NAPHAZOLINE HYDROCHLORIDE,naphazoline,"adrenergic agonist, nasal decongestant, synthetic"
YU034186,3,Microsource,1501130,Pharmakon 1600,504-24-5,N1(=CC=C(N)C=C1),94.11462,94.11462,M00968A,A007,FAMPRIDINE,fampridine,"K channel blocker; multiple sclerosis therapy, synthetic; EL-970"
YU226745,1,Microsource,1503242,Pharmakon 1600,34552-84-6,S1(=O)(=O)(N(C(=C(O)C2(=C1C=CC=C2))C(=O)NC3(=NOC(=C3)C))C),335.33624,335.33624,M00968A,A008,ISOXICAM,MAXICAM,"antiinflammatory, synthetic; W-8495"
YU034188,3,Microsource,1501133,Pharmakon 1600,27848-84-6,[Br]C1(=CN=CC(=C1)C(=O)OCC2(CN(C3(CC5(=CN(C=4(C5(=C(C3(C2)(OC))C=CC=4)))C)))C)),484.38566,484.38566,M00968A,A009,NICERGOLINE,nicergoline,"vasodilator, synthetic"
YU226746,1,Microsource,1503243,Pharmakon 1600,"32780-64-6, 36894-69-6 [labetalol]",Cl.O=C(N)C1(=C(O)C=CC(=C1)C(O)CNC(CCC2(=CC=CC=C2))C),364.86618,364.86618,M00968A,A010,LABETALOL HYDROCHLORIDE,labetalol,"adrenergic blocker, synthetic; Sch-15719W, AH-5158A"
YU034206,2,Microsource,1501152,Pharmakon 1600,749-02-0,FC4(=CC=C(C(=O)CCCN3(CCC2(N(C1(=CC=CC=C1))CNC2=O)(CC3)))C=C4),395.4699632,395.46996,M00968A,A011,SPIPERONE,spiperone,"antipsychotic, synthetic; R-5147"
YU226747,1,Microsource,1503875,Pharmakon 1600,68890-66-4,O=C1(N(O)C(=CC(=C1)C)CC(CC(C)(C)C)C).OC(N)C,298.42108,298.42108,M00968A,A012,PIROCTONE OLAMINE,OCTOPIROX,"antiseborrheic, synthetic"
YU034553,2,Microsource,1501176,Pharmakon 1600,"134-36-1, 114-07-8 [erythromycin]",S(=O)(=O)(OCCCCCCCCCCCC)O.O=C1(OC(C(O)(C(O)C(C(=O)C(C)CC(C(C(C(C1C)OC2(OC(C(O)C(C2)(OC)C)C))C)OC3(OC(CC(C3OC(=O)CC)N(C)C)C))(O)C)C)C)CC),1056.38852,1056.38852,M00968A,A013,ERYTHROMYCIN ESTOLATE,ILOSONE,"antibacterial, Streptomyces erythreus"
YU226748,1,Microsource,1503250,Pharmakon 1600,"1212-72-2, 6190-60-9 [dihydrate], 100-92-5 [mephentermine]",S(=O)(=O)(O)O.N(C(CC1(=CC=CC=C1))(C)C)C,261.3389,261.3389,M00968A,A014,MEPHENTERMINE SULFATE,mephentermine,"vasoconstrictor, synthetic"
YU226696,1,Microsource,1503423,Pharmakon 1600,8025-81-8,O=C2(OC(CC=CC=CC(OC1(OC(C(N(C)C)CC1)C))C(CC(C(C(C(C2)O)OC)OC4(OC(C(OC3(OC(C(O)C(C3)(O)C)C))C(C4O)N(C)C)C))CC=O)C)C),843.05274,843.05274,M00968A,A015,SPIRAMYCIN,ROVAMYCIN,"antibacterial, Streptomyces ambofaciens"
YU226749,1,Microsource,1503251,Pharmakon 1600,33402-03-8,O=C(O)C(O)C(O)C(=O)O.OC1(=CC(=CC=C1)C(O)C(N)C),317.2919,317.2919,M00968A,A016,METARAMINOL BITARTRATE,ARAMINE,"antihypotensive, synthetic"
YU226697,1,Microsource,1501182,Pharmakon 1600,50-50-0,O=C(OC4(=CC3(=C(C2(C(C1(C(C(O)CC1)(C)CC2))CC3))C=C4)))C5(=CC=CC=C5),376.48802,376.48802,M00968A,A017,ESTRADIOL BENZOATE,AGOFOLLIN,"estrogen, semisynthetic; NSC-9566"
YU226750,1,Microsource,1503252,Pharmakon 1600,554-57-4,S(=O)(=O)(N)C=1(SC(=NC(=O)C)N(N=1)C),236.27418,236.27418,M00968A,A018,METHAZOLAMIDE,,"carbonic anhydrase inhibitor, synthetic"
YU155565,4,Microsource,1501203,Pharmakon 1600,68-26-8,OCC=C(C=CC=C(C=CC1(=C(CCCC1(C)C)C))C)C,286.4516,286.4516,M00968A,A019,RETINOL,,"vitamin A, fish & liver oils, eggs, milk"
YU226751,1,Microsource,1503253,Pharmakon 1600,"1320-44-1, 25155-18-4 [anhydrous]",[Cl-].O(C1(=C(C=C(C(CC(C)(C)C)(C)C)C=C1)C))CCOCC[N+](CC2(=CC=CC=C2))(C)C,462.1072,462.1072,M00968A,A020,METHYLBENZETHONIUM CHLORIDE,methylbenzethonium chloride,"antiinfective, synthetic"
YU221362,9,Microsource,1502013,Pharmakon 1600,4759-48-2,O=C(O)C=C(C=CC=C(C=CC1(=C(CCCC1(C)C)C))C)C,300.43512,300.43512,M00968A,A021,ISOTRETINON,isotretionin,"antiacne, antineoplastic, semisynthetic; Ro-4-3780"
YU226752,1,Microsource,1505994,Pharmakon 1600,304-84-7,O=C(N(CC)CC)C1(=CC(OC)=C(O)C=C1),223.26832,223.26832,M00968A,A022,ETHAMIVAN,etamivan,DB08989
YU226787,1,Microsource,2300234,Pharmakon 1600,75695-93-1,O=C(OC(C)C)C1(=C(NC(C)=C(C1C=3(C2(=NON=C2C=CC=3)))C(=O)OC)C),371.38726,371.38726,M00968A,B003,ISRADIPINE,isradipine,"Ca channel blocker, antiparkisonian, synthetic; PN-200-110"
YU226841,1,Microsource,1505412,Pharmakon 1600,14882-18-9,[Bi]1(OC(=O)C=2(C=CC=CC=2(O1)))(O),362.09258,362.09258,M00968A,B004,BISMUTH SUBSALICYLATE,PEPTO-BISMOL,"antidiarrheal, antacid, antiulcer, synthetic"
YU226788,1,Microsource,1504175,Pharmakon 1600,"64544-07-6, 55268-75-2 [cefuroxime]",S1(C2(N(C(C(=O)OC(OC(=O)C)C)=C(C1)COC(=O)N)C(=O)C2NC(=O)C(=NOC)C=3(OC=CC=3))),510.47564,510.47564,M00968A,B005,CEFUROXIME AXETIL,CEFTIN,"antibacterial, synthetic"
YU223044,2,Microsource,1505413,Pharmakon 1600,13898-58-3,O=C(O)C2(=C(O)C=C(NC(=O)C1(=CC=CC=C1))C=C2),257.24148,257.24148,M00968A,B006,BENZOYLPAS,THERAPAS,"antibacterial, tuberculostatic, synthetic"
YU226789,1,Microsource,1504179,Pharmakon 1600,138452-21-8,Cl.O=C(O)C(C4(=CC=C(C(O)CCCN3(CCC(C(O)(C1(=CC=CC=C1))C2(=CC=CC=C2))CC3))C=C4))(C)C,538.11704,538.11704,M00968A,B007,FEXOFENADINE HYDROCHLORIDE,ALLEGRA,"nonsedating H1-antihistamine, synthetic; MDL-16455A"
YU226842,1,Microsource,1505414,Pharmakon 1600,1146-98-1,[Br]C3(=CC=C(C1(C(=O)C=2(C=CC=CC=2(C1=O))))C=C3),301.13476,301.13476,M00968A,B008,BROMINDIONE,bromindione,"anticoagulant, synthetic"
YU226790,1,Microsource,1504183,Pharmakon 1600,70-00-8,FC(F)(F)C=1(C(=O)NC(=O)N(C=1)C2(OC(CO)C(C2)O)),296.2000296,296.2000296,M00968A,B009,TRIFLURIDINE,trifluridine,"antiviral (opthalmic), synthetic"
YU226843,1,Microsource,1505417,Pharmakon 1600,21434-91-3,O=C(NCCCCCC(=O)O)C1(=CC(OC)=C(OC)C(=C1)OC),325.35696,325.35696,M00968A,B010,CAPOBENIC ACID,capobenic acid,"antiarrhythmic, synthetic; C-3"
YU226791,1,Microsource,1300037,Pharmakon 1600,13755-38-9,[Fe-2](N=O)(C#N)(C#N)(C#N)(C#N)C#N.[Na+].[Na+],261.91858,261.91858,M00968A,B011,SODIUM NITROPRUSSIDE,NITROPRESS,"antihypertensive, synthetic"
YU226844,1,Microsource,1505425,Pharmakon 1600,968-81-0,S(=O)(=O)(NC(=O)NC1(CCCCC1))C2(=CC=C(C(=O)C)C=C2),324.39638,324.39638,M00968A,B012,ACETOHEXAMIDE,acetohexamide,DB00414
YU226792,1,Microsource,1504190,Pharmakon 1600,70356-09-1,O=C(C1(=CC=C(OC)C=C1))CC(=O)C2(=CC=C(C(C)(C)C)C=C2),310.38688,310.38688,M00968A,B013,AVOBENZONE,avobenzone,DB09495
YU226845,1,Microsource,1505426,Pharmakon 1600,452-35-7,S(=O)(=O)(N)C=1(SC=2(C=C(OCC)C=CC=2(N=1))),258.31938,258.31938,M00968A,B014,ETHOXZOLAMIDE,ETHAMIDE,"carbonic anhydrase inhibitor, antiulcer, antiglaucoma, synthetic"
YU226793,1,Microsource,1505982,Pharmakon 1600,68813-55-8,O=C(O)C=1(C(O)=C(C2(=CC=CC=C2(C=1)))CC3(=C(O)C(C(=O)O)=CC=4(C3=CC=CC=4))).OC5(=CC(=CC=C5)C=CC6(=NCCCN6C)),604.64856,604.64856,M00968A,B015,OXANTEL PAMOATE,TELOPAR,"anthelmintic, synthetic; CP-14445-16"
YU226846,1,Microsource,1505429,Pharmakon 1600,2022-85-7,FC=1(C(=NC(=O)NC=1)N),129.09258,129.0925832,M00968A,B016,FLUCYTOSINE,ANCOBON,"antifungal, synthetic; RO-2-9915"
YU226794,1,Microsource,1504214,Pharmakon 1600,635-41-6,O=C(N1(CCOCC1))C2(=CC(OC)=C(OC)C(=C2)OC),281.3044,281.3044,M00968A,B017,TRIMETOZINE,trimetozine,"sedative, neurosedative, synthetic; Abbott-22370, PS-2383"
YU226847,1,Microsource,1505432,Pharmakon 1600,56010-88-8,Cl.N=1(NC=C(C=1)C),118.56456,118.56456,M00968A,B018,FOMEPIZOLE HYDROCHLORIDE,fomepizole,"alcohol dehydrogenase inhibitor, antidote, synthetic; 4-MP"
YU225020,2,Microsource,2300212,Pharmakon 1600,57808-66-9,ClC2(=CC=1(NC(=O)N(C=1C=C2)C5(CCN(CCCN3(C(=O)NC4(=C3C=CC=C4)))CC5))),425.91116,425.91116,M00968A,B019,DOMPERIDONE,domperidone,"antiemetic, dopamine antagonist, synthetic; R-33812"
YU224129,3,Microsource,1505433,Pharmakon 1600,29094-61-9,S(=O)(=O)(NC(=O)NC1(CCCCC1))C3(=CC=C(CCNC(=O)C2(=NC=C(C)N=C2))C=C3),445.53638,445.53638,M00968A,B020,GLIPIZIDE,glipizide,"antidiabetic, synthetic; CP-28720, K-4024"
YU226795,1,Microsource,1504226,Pharmakon 1600,60-23-1,Cl.SCCN,113.61036,113.61036,M00968A,B021,CYSTEAMINE HYDROCHLORIDE,,"antiurolithic, depigmentation, radiation protectant, cysteamine; CL-9148"
YU226848,1,Microsource,1505435,Pharmakon 1600,29110-47-2,ClC1(=C(C(Cl)=CC=C1)CC(=O)N=C(N)N).Cl,282.55342,282.55342,M00968A,B022,GUANFACINE HYDROCHLORIDE,TENEX,"antihypertensive, synthetic; BS-100-141"
YU226698,1,Microsource,1502014,Pharmakon 1600,"19767-45-4, 3375-50-6 [2-mercaptoethanesulfonic, acid]",S(=O)(=O)([O-])CCS.[Na+],164.18107,164.18107,M00968A,C003,MESNA,mesna,"mucolytic, synthetic"
YU226753,1,Microsource,1503256,Pharmakon 1600,51264-14-3,S(=O)(=O)(NC4(=CC(OC)=C(CC=1(C=3(C(N=C2(C=1C=CC=C2))=CC=CC=3)))C=C4))C,392.47188,392.47188,M00968A,C004,AMSACRINE,AMSIDYL,"antineoplastic, immune suppressive, synthetic"
YU226699,1,Microsource,2300173,Pharmakon 1600,"33386-08-2, 36505-84-7 [buspirone]",Cl.O=C1(N(C(=O)CC2(C1)(CCCC2))CCCCN4(CCN(C3(=NC=CC=N3))CC4)),421.96398,421.96398,M00968A,C005,BUSPIRONE HYDROCHLORIDE,buspirone,"5HT1a receptor agonist, anxiolytic, synthetic"
YU226754,1,Microsource,1503257,Pharmakon 1600,"3092-17-9, 42794-76-3 [midodrine]",Cl.O=C(NCC(O)C1(=C(OC)C=CC(=C1)OC))CN,290.74304,290.74304,M00968A,C006,MIDODRINE HYDROCHLORIDE,midodrine,"antihypertensive, vasoconstrictor, synthetic; A-4020, St-1085"
YU039827,4,Microsource,2300165,Pharmakon 1600,1951-25-3,IC1(=C(OCCN(CC)CC)C(I)=CC(=C1)C(=O)C=3(C2(=C(C=CC=C2)OC=3CCCC))).Cl,681.77228,681.77228,M00968A,C007,AMIODARONE HYDROCHLORIDE,amiodarone,"adrenergic agonist, coronary vasodilator, Ca channel blocker, synthetic"
YU034412,3,Microsource,1503260,Pharmakon 1600,42200-33-9,O(C1(=C2(C(=CC=C1)CC(O)C(C2)O)))CC(O)CNC(C)(C)C,309.40062,309.40062,M00968A,C008,NADOLOL,COGARD,"betaadrenergic blocker, synthetic; SQ-11725"
YU226700,1,Microsource,1502019,Pharmakon 1600,63585-09-1,P(=O)(O)(O)C(=O)O,126.005281,126.005281,M00968A,C009,FOSCARNET SODIUM,foscarnet sodium,DB00529
YU034413,2,Microsource,1503262,Pharmakon 1600,"16676-29-2, 16590-41-3  [naltrexone]",O=C5(C1(OC=6(C(O)=CC=C4(C=6(C13(C(O)(C(N(CC2(CC2))CC3)C4)CC5)))))),341.40096,341.40096,M00968A,C010,NALTREXONE HYDROCHLORIDE,VIVITROL,"morphine antagonist, synthetic; EN-1639A"
YU226701,1,Microsource,1502029,Pharmakon 1600,"52152-93-9, 62587-73-9 [cefsulodin]",S(=O)(=O)([O-])C(C1(=CC=CC=C1))C(=O)NC3(C(=O)N4(C(=C(C[N+]2(=CC=C(C(=O)N)C=C2))CSC34)C(=O)[O-])).[Na+],554.53019,554.53019,M00968A,C011,CEFSULODIN SODIUM,CEFOMONIL,"antibacterial, semisynthetic"
YU226755,1,Microsource,1505907,Pharmakon 1600,"298-59-9, 113-45-1(base)",Cl.O=C(OC)C(C1(=CC=CC=C1))C2(NCCCC2),269.76684,269.76684,M00968A,C012,METHYLPHENIDATE HYDROCHLORIDE,methylphenidate,"CNS stimulant, synthetic"
YU226702,1,Microsource,1502039,Pharmakon 1600,"26472-47-9, 23112-90-5(acid)",[Ca+2].P(=O)([O-])([O-])C1(OC1C),176.121161,176.121161,M00968A,C013,FOSFOMYCIN CALCIUM,fosfomycin,"antibacterial, Streptomyces spp"
YU034415,2,Microsource,1503265,Pharmakon 1600,50-65-7,ClC2(=C(NC(=O)C1(=C(O)C=CC(=C1)Cl))C=CC(=C2)[N+](=O)[O-]),327.1191,327.1191,M00968A,C014,NICLOSAMIDE,niclosamide,"anthelmintic, teniacide, synthetic; BAY-2353"
YU225031,2,Microsource,2300166,Pharmakon 1600,"13655-52-2, 13707-88-5 [alprenolol hydrochloride]",Cl.O(C1(=C(C=CC=C1)CC=C))CC(O)CNC(C)C,285.8093,285.8093,M00968A,C015,ALPRENOLOL,GUBERNAL,"betaadrenergic blocker, synthetic"
YU040339,4,Microsource,1505993,Pharmakon 1600,89-57-6,O=C(O)C1(=C(O)C=CC(=C1)N),153.13542,153.13542,M00968A,C016,MESALAMINE,mesalazine,"antiinflammatory, synthetic; 5-ASA"
YU226703,1,Microsource,1502047,Pharmakon 1600,"55-06-1, 6893-02-3 [liothyronine]",IC2(=C(OC1(=CC(I)=C(O)C=C1))C(I)=CC(=C2)CC(N)C(=O)[O-]).[Na+],672.95536,672.95536,M00968A,C017,LIOTHYRONINE (L- isomer) SODIUM,CYTOMEL,"thyroid hormone, synthetic; L-isomer"
YU039832,4,Microsource,1503269,Pharmakon 1600,"66104-23-2, 66104-22-1 [pergolide]",S(=O)(=O)(O)C.S(CC1(CN(C2(CC4(=CNC=3(C4(=C(C2(C1))C=CC=3)))))CCC))C,410.59588,410.59588,M00968A,C018,PERGOLIDE MESYLATE,pergolide,"dopamine receptor agonist, semisynthetic; LY-127809"
YU226704,1,Microsource,1502053,Pharmakon 1600,51876-97-2,O=C1(N(C(=O)C=3(C=CC=C2(C=3(C1=CC=C2))))CC(=O)O),255.2256,255.2256,M00968A,C019,ALRESTATIN,alrestatin,DB02020
YU226756,1,Microsource,1503270,Pharmakon 1600,"1786-81-8, 721-50-6 [prilocaine]",Cl.O=C(NC1(=C(C=CC=C1)C))C(NCCC)C,256.77142,256.77142,M00968A,C020,PRILOCAINE HYDROCHLORIDE,prilocaine,"anesthetic (local), synthetic; Astra-1512, L-67"
YU226705,1,Microsource,1502084,Pharmakon 1600,62-68-0,Cl.O=C(OCCN(CC)CC)C(C1(=CC=CC=C1))(C2(=CC=CC=C2))CCC,389.95842,389.95842,M00968A,C021,PROADIFEN HYDROCHLORIDE,,"cytochrome P450 inhibitor, Ca antagonist, anesthetic (local), synthetic; SKF-525A, RP-5171"
YU226757,1,Microsource,1503273,Pharmakon 1600,13609-67-1,O=C4(C=C2(C(C1(C(O)CC3(C(OC(=O)CCC)(C(=O)CO)CCC3(C1CC2))(C)))(C)CC4)),432.54974,432.54974,M00968A,C022,HYDROCORTISONE BUTYRATE,LOCOID,"glucocorticoid, antiinflammatory, semisynthetic"
YU220968,3,Microsource,1504235,Pharmakon 1600,162011-90-7,S(=O)(=O)(C3(=CC=C(C2(=C(C1(=CC=CC=C1))C(=O)OC2))C=C3))C,314.35666,314.35666,M00968A,D003,ROFECOXIB,rofecoxib,"COX2 inhibitor, antiinflammatory, antiarthritic, synthetic; MK-0966"
YU226849,1,Microsource,1505436,Pharmakon 1600,"81025-04-9, 585-86-4",O1(C(OC(C(O)C(O)CO)C(O)CO)C(O)C(O)C(C1CO)O).O,362.32764,362.32764,M00968A,D004,D-LACTITOL MONOHYDRATE,,"sweetener, treatment of portoencephalopathy, semisynthetic"
YU225117,2,Microsource,1504236,Pharmakon 1600,79902-63-9,O=C1(OC(CC(C1)O)CCC2(C3(C(C=CC2C)=CC(C)CC3OC(=O)C(CC)(C)C))),418.56622,418.56622,M00968A,D005,SIMVASTATIN,simvastatin,"antihyperlipidemic, HMGCoA reductase inhibitor, synthetic; MK-733"
YU226850,1,Microsource,1505437,Pharmakon 1600,541-15-1,O=C([O-])CC(O)C[N+](C)(C)C,161.19894,161.19894,M00968A,D006,LEVOCARNITINE,levocarnitine,"cofactor for fatty acid metabolism, replenisher in arterial disease, semisynthetic"
YU040348,4,Microsource,1504243,Pharmakon 1600,28721-07-5,O=C1(C3(=C(N(C(=O)N)C2(=C(C1)C=CC=C2))C=CC=C3)),252.26806,252.26806,M00968A,D007,OXCARBAZEPINE,oxcarbazepine,"antipsychotic, synthetic; GP-47680, KIN-493"
YU226851,1,Microsource,1505440,Pharmakon 1600,6306-71-4,O=C(OCC)NC1(=NC=2(C=CC=CC=2(N1))),205.21336,205.21336,M00968A,D008,LOBENDAZOLE,lobendazole,"anthelmintic, synthetic; SK&F-24529; NSC-42044"
YU226796,1,Microsource,1504150,Pharmakon 1600,71125-38-7,S1(=O)(=O)(N(C(=C([O-])C2(=C1C=CC=C2))C(=O)NC=3(SC(C)=CN=3))C).[Na+],373.38467,373.38467,M00968A,D009,MELOXICAM SODIUM,MOBIC,"antiinflammatory, synthetic; UH-AC-62XX"
YU226852,1,Microsource,1505444,Pharmakon 1600,7220-79-3,[Cl-].[S+]=1(C=3(C(N=C2(C=1C=C(N(C)C)C=C2))=CC=C(C=3)N(C)C)).O,337.86832,337.86832,M00968A,D010,METHYLENE BLUE,,"antimethemoglobinemic, cyanide antidote, synthetic"
YU040253,4,Microsource,1504257,Pharmakon 1600,72956-09-3,O(C3(=C1(C(NC2(=C1C=CC=C2))=CC=C3)))CC(O)CNCCOC4(=C(OC)C=CC=C4),406.47432,406.47432,M00968A,D011,CARVEDILOL,carvedilol,"beta-adrenergic blocker, synthetic; BM-14190"
YU226853,1,Microsource,1502382,Pharmakon 1600,123997-26-2,O=C5(OC2(CC1(OC(C(C)C=C1)C(CC)C)(OC(C2)CC=C(C(OC4(OC(C(OC3(OC(C(NC(=O)C)C(C3)OC)C))C(C4)OC)C))C(C=CC=C7(C6(C5C=C(C(O)C6OC7)C)(O)))C)C))),914.12884,914.12884,M00968A,D012,EPRINOMECTIN,EPRINEX,"antiparasitic, synthetic; MK-397"
YU221031,2,Microsource,1504259,Pharmakon 1600,138402-11-6,O=C1(N(C(CCCC)=NC12(CCCC2))CC5(=CC=C(C4(=C(C=3(N=NNN=3))C=CC=C4))C=C5)),428.52966,428.52966,M00968A,D013,IRBESARTAN,irbesartan,"angiotensin 2 receptor antagonist, synthetic; BMS-186295, SR-47436"
YU226854,1,Microsource,1505448,Pharmakon 1600,140-40-9,S1(C(=NC=C1[N+](=O)[O-])NC(=O)C),187.17762,187.17762,M00968A,D014,NITHIAMIDE,aminitrozole,"antibacterial, synthetic; CI-5279"
YU220947,3,Microsource,1504260,Pharmakon 1600,138199-71-0,FC3(=C(N1(CCN(C)CC1))C=2(OCC(C)N4(C=2C(=C3)C(=O)C(C(=O)O)=C4))),361.3676232,361.3676232,M00968A,D015,LEVOFLOXACIN,levofloxacin,"antibacterial, synthetic; DR-3355, RWJ-25213"
YU226855,1,Microsource,1505449,Pharmakon 1600,51-15-0,[Cl-].ON=CC1(=[N+](C=CC=C1)C),172.61194,172.61194,M00968A,D016,PRALIDOXIME CHLORIDE,PROTOPAM,"cholesterase agonist, synthetis; 2-PAM"
YU226797,1,Microsource,1504269,Pharmakon 1600,"6080-58-6, 919-16-4 [anhydrous]",O=C([O-])C(O)(CC(=O)[O-])CC(=O)[O-].[Li+].[Li+].[Li+],209.9227,209.9227,M00968A,D017,LITHIUM CITRATE,LITAREX,"antidepressant, synthetic"
YU226856,1,Microsource,1505450,Pharmakon 1600,2920-86-7,O=C4(C=C2(C(C1(C(O)CC3(C(O)(C(=O)COC(=O)CCC(=O)O)CCC3(C1CC2))(C)))(C)C=C4)),460.51678,460.51678,M00968A,D018,PREDNISOLONE HEMISUCCINATE,CORT SOL,"antiinflammatory, glucocorticoid, semisynthetic"
YU225234,2,Microsource,1504272,Pharmakon 1600,160738-57-8,FC2(=C(N1(CC(NCC1)C))C(OC)=C3(N(C=C(C(C3(=C2))=O)C(=O)O)C4(CC4))),375.3942032,375.3942032,M00968A,D019,GATIFLOXACIN,gatifloxacin,"antibacterial, synthetic; BMS-206584-01, AM-1155"
YU226857,1,Microsource,1505453,Pharmakon 1600,65-23-6,OC1(=C(C(=CN=C1C)CO)CO),169.17788,169.17788,M00968A,D020,PYRIDOXINE,pyridoxine,"vitamin B6, enzyme cofactor, rice husks, wheat germ, yeast"
YU226798,1,Microsource,1504273,Pharmakon 1600,72432-03-2,OC1(C(O)C(N(CCO)CC1O)CO),207.22432,207.22432,M00968A,D021,MIGLITOL,miglitol,"alpha-glucosidase inhibitor, antidiabetic, synthetic; Bay-M1099"
YU220989,3,Microsource,1506038,Pharmakon 1600,106266-06-2,FC2(=CC=1(ON=C(C=1C=C2)C5(CCN(CCC=4(C(=O)N3(C(CCCC3)=NC=4C)))CC5))),410.4846432,410.4846432,M00968A,D022,RISPERIDONE,risperidone,"neuroleptic, synthetic; R-64766"
YU226706,1,Microsource,1506177,Pharmakon 1600,541-46-8,O=C(N)CC(C)C,101.14698,101.14698,M00968A,E003,ISOVALERAMIDE,,"anticonvulsant, antimigraine, analgesic, synthetic; NFS-1776"
YU225283,2,Microsource,1503276,Pharmakon 1600,80214-83-1,O=C1(OC(C(O)(C(O)C(C(=NOCOCCOC)C(C)CC(C(C(C(C1C)OC2(OC(C(O)C(C2)(OC)C)C))C)OC3(OC(CC(C3O)N(C)C)C))(O)C)C)C)CC),837.04662,837.04662,M00968A,E004,ROXITHROMYCIN,RULIDE,"antibacterial, semisynthetic; RU-28965, RU-965"
YU226707,1,Microsource,1506189,Pharmakon 1600,87-90-1,ClN1(C(=O)N(Cl)C(=O)N(C1=O)Cl),232.40862,232.40862,M00968A,E005,SYMCLOSENE,symclosene,"anti-infective, synthetic; NSC-405124"
YU226758,1,Microsource,1503278,Pharmakon 1600,"70476-82-3, 65271-80-9 [mitoxantrone]",Cl.Cl.O=C1(C3(=C(C(=O)C2(=C1C(NCCNCCO)=CC=C2NCCNCCO))C(O)=CC=C3O)),517.40236,517.40236,M00968A,E006,MITOXANTRONE HYDROCHLORIDE,mitoxantrone,"antineoplastic, semisynthetic; CL-232315"
YU225185,2,Microsource,1502109,Pharmakon 1600,30516-87-1,O=C1(N(C=C(C)C(N1)=O)C2(OC(CO)C(C2)N=[N+]=[N-])),267.24152,267.24152,M00968A,E007,ZIDOVUDINE [AZT],zidovudine,"RT transferase inhibitor, antiviral, synthetic; AZT, BW-A509U"
YU034421,2,Microsource,1503279,Pharmakon 1600,126-27-2,O=C(N(C(CC1(=CC=CC=C1))(C)C)C)CN(CC(=O)N(C(CC2(=CC=CC=C2))(C)C)C)CCO,467.64356,467.64356,M00968A,E008,OXETHAZAINE,oxetacaine,"anesthetic (local), synthetic; Wy-806"
YU226708,1,Microsource,2300154,Pharmakon 1600,"34118-92-8, 32795-44-1 [acecainide]",Cl.O=C(NCCN(CC)CC)C1(=CC=C(NC(=O)C)C=C1),313.82278,313.82278,M00968A,E009,ACECAINIDE HYDROCHLORIDE,NAPA,"antiarrhythmic, synthetic; ASL-601"
YU226759,1,Microsource,1503298,Pharmakon 1600,"5907-38-0, 68-89-3 [anhydrous]",S(=O)(=O)([O-])CN(C=2(C(=O)N(C1(=CC=CC=C1))N(C=2C)C))C.[Na+],333.33973,333.33973,M00968A,E010,DIPYRONE,metamizole sodium,"analgesic, antipyretic, synthetic; NSC-73205"
YU226709,1,Microsource,1503848,Pharmakon 1600,37883-00-4,S(=O)(=O)(O)O.O=C1(NC(C(=O)NCC(NC(=O)CC(N)CCCN)C(=O)NC(C(NC(C(NC1=CNC(=O)N)=O)CO)=O)CO)C2(N=C(NC(C2)O)N)),783.77002,783.77002,M00968A,E011,VIOMYCIN SULFATE,VIOCIN,"antibacterial, synthetic; LM-192"
YU039593,3,Microsource,1503842,Pharmakon 1600,129618-40-2,O=C2(NC1(=C(N=CC=C1C)N(C3(=C2C=CC=N3))C4(CC4))),266.29802,266.29802,M00968A,E012,NEVIRAPINE,nevirapine,"antiviral, RT inhibitor, synthetic; BIRG-0587"
YU039750,5,Microsource,1502127,Pharmakon 1600,19387-91-8,S(=O)(=O)(CCN1(C([N+](=O)[O-])=CN=C1C))CC,247.27264,247.27264,M00968A,E013,TINIDAZOLE,tinidazole,"antiprotozoal, synthetic; CP-12574"
YU226760,1,Microsource,1500420,Pharmakon 1600,"7177-50-6, 985-16-0 [anhydrous], 147-52-4 [nafcillin]",S1(C(C(C(=O)[O-])N4(C1C(C(=O)NC2(=C(OCC)C=CC=3(C2=CC=CC=3)))C4=O))(C)C).[Na+],436.45769,436.45769,M00968A,E014,NAFCILLIN SODIUM,NALLPEN,"antibacterial, semisynthetic; WY-3277"
YU226710,1,Microsource,1300016,Pharmakon 1600,60-00-4(acid),[Na+].[Na+].O=C(O)CN(CC(=O)O)CCN(CC(=O)O)CC(=O)O,338.22226,338.22226,M00968A,E015,EDETATE DISODIUM,edetic acid,"chelating agent, synthetic"
YU226761,1,Microsource,1506180,Pharmakon 1600,36589-58-9,S(=O)(=O)([O-])CCCS(=O)(=O)[O-].[Na+].[Na+],248.18768,248.18768,M00968A,E016,EPRODISATE DISODIUM,,"amyloidosis therapy, synthetic; NC-503"
YU034310,2,Microsource,1502196,Pharmakon 1600,77-67-8,O=C1(NC(=O)CC1(CC)C),141.16778,141.16778,M00968A,E017,ETHOSUXIMIDE,ethosuximide,"anticonvulsant, synthetic; CI-366, CN-10395, PM-671"
YU226762,1,Microsource,1500422,Pharmakon 1600,"357-08-4, 51481-60-8 [dihydrate], 465-65-6 [naloxone]",Cl.O=C4(C1(OC=5(C(O)=CC=C3(C=5(C12(C(O)(C(N(CC=C)CC2)C3)CC4)))))),363.83502,363.83502,M00968A,E018,NALOXONE HYDROCHLORIDE,naloxone,"narcotic antagonist, synthetic; EN-15304"
YU226711,1,Microsource,1502197,Pharmakon 1600,"129-77-1, 82-98-4 [piperidolate]",Cl.O=C(OC1(CN(CCC1)CC))C(C2(=CC=CC=C2))C3(=CC=CC=C3),359.88938,359.88938,M00968A,E019,PIPERIDOLATE HYDROCHLORIDE,DACTIL,"antispasmodic, synthetic"
YU226763,1,Microsource,1503330,Pharmakon 1600,319-89-1,O=C1(C(O)=C(O)C(=O)C(=C1O)O),172.09236,172.09236,M00968A,E020,TETROQUINONE,tetroquinone,"keratolytic, synthetic; HPEK-1; THQ"
YU226712,1,Microsource,1500428,Pharmakon 1600,"114-80-7, 59-99-4 [neostigmine]",[Br-].O=C(OC1(=CC([N+](C)(C)C)=CC=C1))N(C)C,303.19554,303.19554,M00968A,E021,NEOSTIGMINE BROMIDE,neostigmine bromide,"cholinergic, synthetic"
YU226764,1,Microsource,1506181,Pharmakon 1600,59643-91-3,O=C2(N1(C(C1)C(N2)=N)),111.10212,111.10212,M00968A,E022,IMEXON,AMPLIMEXON,"antineoplastic, synthetic"
YU226799,1,Microsource,1504300,Pharmakon 1600,96829-58-2,O=C1(OC(CC(OC(=O)C(NC=O)CC(C)C)CCCCCCCCCCC)C1CCCCCC),495.73486,495.73486,M00968A,F003,ORLISTAT,orlistat,"reversible lipase inhibitor, antiobesity, semisynthetic; Ro-18-0647/002"
YU226858,1,Microsource,1505461,Pharmakon 1600,80-74-0,S(=O)(=O)(NC=1(ON=C(C=1C)C))C2(=CC=C(NC(=O)C)C=C2),309.34202,309.34202,M00968A,F004,SULFISOXAZOLE ACETYL,GANTRISIN,"antibacterial, synthetic"
YU226800,1,Microsource,1504303,Pharmakon 1600,186826-86-8,Cl.FC1(=C(C(OC)=C2(N(C=C(C(C2(=C1))=O)C(=O)O)C3(CC3)))CN5(CC4(NCCCC4CC5))),465.94528,465.9452832,M00968A,F005,MOXIFLOXACIN HYDROCHLORIDE,AVELOX,"antibacterial, synthetic"
YU226859,1,Microsource,1505463,Pharmakon 1600,107-35-7,S(=O)(=O)(O)CCN,125.14792,125.14792,M00968A,F006,TAURINE,taurine,"neuroprotectant, inhibitory neurotransmitter, GABA agonist, widespread in animal tissue"
YU220990,2,Microsource,1504401,Pharmakon 1600,111025-46-8 (pioglitazone),Cl.S1(C(=O)NC(C1CC3(=CC=C(OCCC2(=NC=C(CC)C=C2))C=C3))=O),392.90042,392.90042,M00968A,F007,PIOGLITAZONE HYDROCHLORIDE,pioglitazone,"antidiabetic, synthetic; U-72107A"
YU226860,1,Microsource,1505465,Pharmakon 1600,3380-34-5,ClC2(=C(OC1(=C(O)C=C(Cl)C=C1))C=CC(=C2)Cl),289.54088,289.54088,M00968A,F008,TRICLOSAN,triclosan,"antiinfective, synthetic; CH-3565"
YU221048,2,Microsource,1504403,Pharmakon 1600,142057-77-0,Cl.O=C2(C1(=C(C=C(OC)C(=C1)OC)CC2CC4(CCN(CC3(=CC=CC=C3))CC4))),415.95264,415.95264,M00968A,F009,DONEPEZIL HYDROCHLORIDE,ARICEPT,"acetylcholinesterase inhibitor (reversible), cognitive enhancer, synthetic; E-2020, BNAG"
YU226861,1,Microsource,1505464,Pharmakon 1600,67-03-8,Cl.[Cl-].S1(C(=C(C)[N+](=C1)CC2(=NC(=NC(=C2)N)C))CCO),337.26908,337.26908,M00968A,F010,THIAMINE,BETALIN-S,"vitamin B1, enzyme cofactor, rice husks, wheat germ, yeast"
YU226801,1,Microsource,1504911,Pharmakon 1600,93957-54-1,FC3(=CC=C(C=2(C1(=C(C=CC=C1)N(C=2C=CC(O)CC(O)CC(=O)O)C(C)C)))C=C3),411.46598,411.4659832,M00968A,F011,FLUVASTATIN,LESCOL,"antihyperlipidemic, HMGCoA reductase inhibitor, synthetic; XU-62-320"
YU226862,1,Microsource,1505466,Pharmakon 1600,127-48-0,O=C1(OC(C)(C)C(N1C)=O),143.1406,143.1406,M00968A,F012,TRIMETHADIONE,trimethadione,"anticonvulsant, synthetic"
YU226802,1,Microsource,1505003,Pharmakon 1600,5189-11-07 00:00:00,S4(C1(=C(C(C=2(C=CC=CC=2(CC1)))=C3(CCN(C)CC3))C=C4)).O=C(O)C(O)CC(=O)O,429.53022,429.53022,M00968A,F013,PIZOTYLINE MALATE,SANDOMIGRAN,"5HT antagonist, antimigraine, synthetic; Pizotifen; BC-105"
YU226863,1,Microsource,1503870,Pharmakon 1600,175865-59-5,Cl.O=C1(NC(=NC2(=C1N=CN2COC(COC(=O)C(N)C(C)C)CO))N),390.82256,390.82256,M00968A,F014,VALGANCICLOVIR HYDROCHLORIDE,VALCYTE,"antiviral, synthetic; RS-079070-194"
YU226803,1,Microsource,1505012,Pharmakon 1600,107868-30-4,O=C3(C=C2(C(=C)CC4(C1(C(C(=O)CC1)(C)CCC4(C2(C)C=C3))))),296.40336,296.40336,M00968A,F015,EXEMESTANE,exemestane,DB00990
YU226864,1,Microsource,1505468,Pharmakon 1600,112-38-9,O=C(O)CCCCCCCCC=C,184.2753,184.2753,M00968A,F016,UNDECYLENIC ACID,,"antifungal, semisynthetic"
YU226804,1,Microsource,1301012,Pharmakon 1600,124-04-9,O=C(O)CCCCC(=O)O,146.1412,146.1412,M00968A,F017,ADIPIC ACID,,"acidulating agent, synthetic"
YU226865,1,Microsource,1505470,Pharmakon 1600,25507--04-4,ClC(C(NC(=O)C1(N(CC(C1)CCC)C))C2(OC(SC)C(OC(=O)CCCCCCCCCCCCCCC)C(C2O)O))C.Cl,699.85324,699.85324,M00968A,F018,CLINDAMYCIN PALMITATE HYDROCHLORIDE,CLEOCIN,"antibacterial, inhibits protein synthesis, semisynthetic; U-25179E"
YU039718,3,Microsource,1505981,Pharmakon 1600,16773-42-5,ClCC(O)CN1(C([N+](=O)[O-])=CN=C1C),219.62542,219.62542,M00968A,F019,ORNIDAZOLE,ornidazole,"antiinfective, synthetic; Ro-7-0207"
YU226866,1,Microsource,1505474,Pharmakon 1600,71420-79-6,S(=O)(=O)([O-])CN1(N=NN=C1SCC4(=C(N3(C(=O)C(NC(=O)C(O)C2(=CC=CC=C2))C3SC4))C(=O)[O-])).[Na+].[Na+],586.53282,586.53282,M00968A,F020,CEFONICID SODIUM,MONOCID,"antibacterial, semisynthetic; SK&F-D-75073-Z"
YU226805,1,Microsource,1505979,Pharmakon 1600,297-76-7,O=C(OC4(C=C3(C(C2(C(C1(C(C(OC(=O)C)C(C1)C#C)(C)CC2))CC3))CC4)))C,384.50848,384.50848,M00968A,F021,ETHYNODIOL DIACETATE,,"progestin, semisynthetic; SC-11800"
YU226867,1,Microsource,305025,Pharmakon 1600,133-11-9,O=C(OC1(=CC=CC=C1))C2(=C(O)C=C(N)C=C2),229.23138,229.23138,M00968A,F022,PHENYL AMINOSALICYLATE,fenamisal,"antibacterial (tuberculostatic), synthetic; NSC-40144"
YU155640,2,Microsource,1502202,Pharmakon 1600,59865-13-3,O=C1(N(C(C(=O)NC(C(=O)N(CC(=O)N(C(C(=O)NC(C(=O)N(C)C(C(NC(C(NC(C(N(C(C(N(C(C(N(C1C(C)C)C)=O)CC(C)C)C)=O)CC(C)C)C)=O)C)=O)C)=O)CC(C)C)C(C)C)CC(C)C)C)C)CC)C(O)C(CC=CC)C)C),1202.61168,1202.61168,M00968A,G003,CYCLOSPORINE,ciclosporin,"immunosuppressant, Tolypocladium inflatum; 27-400"
YU034432,3,Microsource,1503373,Pharmakon 1600,20559-55-1,O=C(OC)NC1(=NC=2(C=CC(=CC=2(N1))OCCC)),249.26592,249.26592,M00968A,G004,OXIBENDAZOLE,oxibendazole,"anthelmintic, synthetic; SK&F-30310"
YU226713,1,Microsource,1502230,Pharmakon 1600,50-81-7,O=C1(OC(C(O)CO)C(=C1O)O),176.12412,176.12412,M00968A,G005,ASCORBIC ACID,CENOLATE,"antiscorbutic, antiviral, Vitamin C"
YU034434,3,Microsource,1503393,Pharmakon 1600,54-91-1,[Br]CCC(=O)N1(CCN(C(=O)CC[Br])CC1),356.05432,356.05432,M00968A,G006,PIPOBROMAN,pipobroman,"antineoplastic, alkylating agent, synthetic; A-8103"
YU221574,2,Microsource,1502254,Pharmakon 1600,58-27-5,O=C1(C2(=C(C(=O)C=C1C)C=CC=C2)),172.18002,172.18002,M00968A,G007,MENADIONE,KAYQUINONE,"prothrombogenic agent, Asplenium and Juglans spp."
YU033914,2,Microsource,1500419,Pharmakon 1600,53-84-9,P(=O)(OP(=O)(OCC2(OC([N+]1(=CC(C(=O)N)=CC=C1))C(C2O)O))[O-])(OCC5(OC(N4(C3(=NC=NC(=C3N=C4)N)))C(C5O)O))O,663.42538,663.42538,M00968A,G008,NADIDE,,"alcohol and narcotic antagonist, synthetic; DPN, CO-1, NAD"
YU034325,2,Microsource,1502255,Pharmakon 1600,138-52-3,O2(C(OC1(=C(C=CC=C1)CO))C(O)C(O)C(C2CO)O),286.27782,286.27782,M00968A,G009,SALICIN,,"analgesic, antipyretic, Salix spp"
YU226765,1,Microsource,1503877,Pharmakon 1600,73-49-2,ClC1(=C(S(=O)(=O)N)C=C2(C(=O)NC(NC2(=C1))CC)),289.7394,289.7394,M00968A,G010,QUINETHAZONE,quinethazone,"diuretic, antihypertensive, synthetic; CL-36010"
YU226714,1,Microsource,1502258,Pharmakon 1600,"22373-78-0, 17090-79-8 (monensin)",[Na+].O=C([O-])C(C(OC)C(C5(OC4(OC(C3(OC(C2(OC(C1(OC(O)(C(C)CC1C)CC))CC2C))(CC)CC3))(C)CC4)(CC(C5C)O)))C)C,690.87989,690.87989,M00968A,G011,MONENSIN SODIUM (monensin A is shown),RUMENSIN,"antibacterial, Streptomyces cinnamonensis; 67314"
YU226766,1,Microsource,1503420,Pharmakon 1600,"5786-68-5, 4774-24-7 [quipazine]",O=C(O)C=CC(=O)O.N2(=C(N1(CCNCC1))C=CC=3(C2=CC=CC=3)),329.35058,329.35058,M00968A,G012,QUIPAZINE MALEATE,quipazine,"antidepressant, oxytocic, synthetic; CGS-12066A, MA-1291"
YU225309,2,Microsource,2300094,Pharmakon 1600,68844-77-9,FC5(=CC=C(CN1(C(=NC2(=C1C=CC=C2))NC4(CCN(CCC3(=CC=C(OC)C=C3))CC4)))C=C5),458.5705032,458.5705032,M00968A,G013,ASTEMIZOLE,astemizole,"H1 antihistamine (nonsedating), synthetic"
YU034246,3,Microsource,1502004,Pharmakon 1600,28395-03-1,S(=O)(=O)(N)C2(=C(OC1(=CC=CC=C1))C(NCCCC)=CC(=C2)C(=O)O),364.41718,364.41718,M00968A,G014,BUMETANIDE,bumetanide,"diuretic, synthetic"
YU226715,1,Microsource,1503001,Pharmakon 1600,65-85-0,O=C(O)C1(=CC=CC=C1),122.12134,122.12134,M00968A,G015,BENZOIC ACID,,"antifungal, synthetic"
YU034440,2,Microsource,1503422,Pharmakon 1600,13909-09-6,ClCCN(N=O)C(=O)NC1(CCC(C)CC1),247.72164,247.72164,M00968A,G016,SEMUSTINE,semustine,"antineoplastic, synthetic; METHYL-CCNU"
YU034329,2,Microsource,1503002,Pharmakon 1600,120-51-4,O=C(OCC1(=CC=CC=C1))C2(=CC=CC=C2),212.24388,212.24388,M00968A,G017,BENZYL BENZOATE,ASCABIOL,"scabicide, synthetic"
YU034427,3,Microsource,1503324,Pharmakon 1600,52-24-4,S=P(N1(CC1))(N2(CC2))N3(CC3),189.219461,189.21946,M00968A,G018,THIOTEPA,thiotepa,"antineoplastic, alkylating agent, synthetic; NSC-6396"
YU226716,1,Microsource,1503004,Pharmakon 1600,94-36-0,O=C(OOC(=O)C1(=CC=CC=C1))C2(=CC=CC=C2),242.2268,242.2268,M00968A,G019,BENZOYL PEROXIDE,LOROXIDE,"keratolytic, synthetic; NSC-675"
YU034445,4,Microsource,1503429,Pharmakon 1600,637-07-0,ClC1(=CC=C(OC(C(=O)OCC)(C)C)C=C1),242.6984,242.6984,M00968A,G020,CLOFIBRATE,clofibrate,"antihyperlipidemic, synthetic; AY-61123, ICI-28257"
YU226717,1,Microsource,1503007,Pharmakon 1600,"590-46-5, 141-58-2 [replaced], 107-43-7 [betaine]",Cl.O=C([O-])C[N+](C)(C)C,153.60702,153.60702,M00968A,G021,BETAINE HYDROCHLORIDE,CYSTADANE,"antiarteriosclerotic, hypolipaemic, hepatoprotectant, widespread in fungi and plants"
YU034448,2,Microsource,1503500,Pharmakon 1600,102-29-4,O=C(OC1(=CC(O)=CC=C1))C,152.14732,152.14732,M00968A,G022,RESORCINOL MONOACETATE,EURESOL,"antiseborrheic, antipruritic, synthetic"
YU226806,1,Microsource,1505116,Pharmakon 1600,7280-37-7,S(=O)(=O)(OC4(=CC3(=C(C2(C(C1(C(C(=O)CC1)(C)CC2))CC3))C=C4)))O.N5(CCNCC5),436.56596,436.56596,M00968A,H003,ESTROPIPATE,OGEN,"estrogen, semisynthetic"
YU226868,1,Microsource,1505482,Pharmakon 1600,56391-56-1,S(=O)(=O)(O)O.S(=O)(=O)(O)O.O1(C(=CCC(C1OC3(C(O)C(OC2(OCC(O)(C)C(C2O)NC))C(NCC)CC3N))N)CN),671.7387,671.7387,M00968A,H004,NETILMICIN SULFATE,NETROMYCIN,"antibacterial, semisynthetic; SCH-20569"
YU226807,1,Microsource,1502552,Pharmakon 1600,58473-74-8,[Br]C1(=CC(=CC=C1)C=CC(=O)NCC),254.12312,254.12312,M00968A,H005,CINROMIDE,VUMIDE,"anticonvulsant, synthetic"
YU226869,1,Microsource,1505483,Pharmakon 1600,23214-92-8,O=C4(C3(=C(O)C1(=C(CC(O)(C(=O)CO)CC1OC2(OC(C(O)C(C2)N)C))C(=C3C(=O)C=5(C4=C(OC)C=CC=5))O))),543.5193,543.5193,M00968A,H006,DOXORUBICIN,RUBEX,"antineoplastic, semisynthetic; NSC-123127"
YU226808,1,Microsource,1505125,Pharmakon 1600,66734-13-2,ClC1(C3(C(C2(C=CC(C=C2(C1))=O)(C))C(O)CC4(C3CC(C)C4(OC(=O)CC)C(=O)COC(=O)CC)(C))),521.04188,521.04188,M00968A,H007,ALCLOMETAZONE DIPROPIONATE,ACLOVATE,"antiinflammatory, glucocorticoid, semisynthetic; SCH-22219"
YU225337,2,Microsource,1505492,Pharmakon 1600,129-49-7,O=C(O)C=CC(=O)O.O=C(NC(CO)CC)C3(C=C2(C4(=C1(C(N(C)C=C1CC2N(C3)C)=CC=C4)))),469.53026,469.53026,M00968A,H008,METHYSERGIDE MALEATE,SANSERT,"vasoconstrictor, antimigraine, semisynthetic"
YU226809,1,Microsource,1505166,Pharmakon 1600,121268-17-5,P(=O)(O)(O)C(P(=O)(O)O)(O)CCCN.[Na+].O.O.O,326.13169,326.131692,M00968A,H009,ALENDRONATE SODIUM,FOSAMAX,"bone resorption inhibitor, farnesyldiphosphate synthetase inhibitor, antimetastatic, synthesis"
YU226870,1,Microsource,1505978,Pharmakon 1600,76639-94-6,ClC(Cl)C(=O)NC(C(O)C1(=CC=C(S(=O)(=O)C)C=C1))CF,358.2137,358.2137032,M00968A,H010,FLORFENICOL,NUFLOR,"antibacterial, synthetic; SCH-25298"
YU226810,1,Microsource,1505172,Pharmakon 1600,56180-94-0,O2(C(OC1(C(O)C(O)C(O)OC1CO))C(O)C(O)C(C2CO)OC4(OC(C(NC3(C=C(C(O)C(C3O)O)CO))C(C4O)O)C)),645.60486,645.60486,M00968A,H011,ACARBOSE,acarbose,"alpha-glucosidase & saccharase inhibitor, antidiabetes, antihyperlipidaemia, antiobesity, Actinoplanes spp"
YU226871,1,Microsource,1505498,Pharmakon 1600,3598-37-6,S1(C3(=C(N(CCCN(C)C)C2(=C1C=CC=C2))C=C(C(=O)C)C=C3)).O=C(O)C=CC(=O)O,442.52902,442.52902,M00968A,H012,ACEPROMAZINE MALEATE,ATRAVET,"sedative, synthetic; 1522-CB"
YU226811,1,Microsource,1505178,Pharmakon 1600,91374-21-9,Cl.O=C1(NC=2(C=CC=C(C=2(C1))CCN(CCC)CCC)),296.83528,296.83528,M00968A,H013,ROPINIROLE HYDROCHLORIDE,REQUIP,"dopamine receptor agonist, antiParkinsonian, synthetic; SK&F-101468"
YU226872,1,Microsource,1505514,Pharmakon 1600,514-65-8,OC(C1(=CC=CC=C1))(C2(C3(C=CC(C2)C3)))CCN4(CCCCC4),311.4611,311.4611,M00968A,H014,BIPERIDEN,biperiden,DB00810
YU226812,1,Microsource,1505187,Pharmakon 1600,111974-69-7,S1(C4(=C(N=C(C2(=C1C=CC=C2))N3(CCN(CCOCCO)CC3))C=CC=C4)),383.50822,383.50822,M00968A,H015,QUETIAPINE,quetiapine,"antipsychotic: 5HT antagonist, dopamine antagonist, H1-antihistamine, alpha adrenergic blocker, synthetic; ICI-204636, ZD-5077, ZM-204639"
YU039775,3,Microsource,1505530,Pharmakon 1600,2438-32-6,ClC2(=CC=C(C(C1(=NC=CC=C1))CCN(C)C)C=C2).O=C(O)C=CC(=O)O,390.8604,390.8604,M00968A,H016,DEXCHLORPHENIRAMINE MALEATE,dexchlorphenamine,"antihistamine, synthetic"
YU039693,4,Microsource,1505189,Pharmakon 1600,144034-80-0,O=C(O)C1(=CC=CC=C1).N=2(N(C=NC=2)CC4(=CC3(=C(NC=C3CCN(C)C)C=C4))),391.4664,391.4664,M00968A,H017,RIZATRIPTAN BENZOATE,MAXALT,"5HT-1B/1D agonist, antimigraine, synthetic; MK-0462"
YU226873,1,Microsource,1505532,Pharmakon 1600,3736-81-0,ClC(Cl)C(=O)N(C2(=CC=C(OC(=O)C=1(OC=CC=1))C=C2))C,328.14688,328.14688,M00968A,H018,DILOXANIDE FUROATE,,"amoebicide, synthetic"
YU039560,5,Microsource,1505201,Pharmakon 1600,104227-87-4,O=C(OCC(COC(=O)C)CCN2(C1(=NC(=NC=C1N=C2)N)))C,321.33196,321.33196,M00968A,H019,FAMCICLOVIR,famciclovir,"antiviral, synthetic; BRL-42810"
YU226874,1,Microsource,1505537,Pharmakon 1600,7414-83-7,P(=O)(O)([O-])C(P(=O)(O)[O-])(O)C.[Na+].[Na+],249.9919,249.991902,M00968A,H020,ETIDRONATE DISODIUM,DIDRONEL,"bone resorption inhibitor, synthetic"
YU226813,1,Microsource,1505202,Pharmakon 1600,111470-99-6,ClC1(=C(C=CC=C1)C2(C(=C(NC(=C2C(=O)OC)C)COCCN)C(=O)OCC)).S(=O)(=O)(O)C3(=CC=CC=C3),567.05172,567.05172,M00968A,H021,AMLODIPINE BESYLATE,amlodipine,"Ca channel blocker, synthetic"
YU226875,1,Microsource,1502371,Pharmakon 1600,"78613-38-4, 78613-35-1(base)",Cl.O2(C(CN(CC(CC1(=CC=C(C(CC)(C)C)C=C1))C)CC2C)C),353.96938,353.96938,M00968A,H022,AMOROLFINE HYDROCHLORIDE,amorolfine,"antimycotic, synthetic; RO-14-4767"
YU034331,3,Microsource,1503009,Pharmakon 1600,58-85-5,S1(C(C2(NC(=O)NC2(C1)))CCCCC(=O)O),244.31172,244.31172,M00968A,I003,BIOTIN,biotin,"vitamin B complex, Vitamin B complex"
YU224103,3,Microsource,1503600,Pharmakon 1600,66085-59-4,O=[N+]([O-])C1(=CC(=CC=C1)C2(C(=C(NC(=C2C(=O)OCCOC)C)C)C(=O)OC(C)C)),418.44042,418.44042,M00968A,I004,NIMODIPINE,nimodipine,"vasodilator, synthetic; Bay-E9736"
YU226718,1,Microsource,1503014,Pharmakon 1600,3011-89-0,ClC1(=C(C(=O)N)C=CC(=C1)[N+](=O)[O-]),200.57898,200.57898,M00968A,I005,AKLOMIDE,aklomide,"antiprotozoal, coccidiostat, synthetic"
YU225184,2,Microsource,1503603,Pharmakon 1600,59277-89-3,O=C1(NC(=NC2(=C1N=CN2COCCO))N),225.20484,225.20484,M00968A,I006,ACYCLOVIR,ZOVIRAX,"antiviral, synthetic"
YU226719,1,Microsource,1503038,Pharmakon 1600,100-55-0,O=C(O)C(O)C(O)C(=O)O.OCC1(=CN=CC=C1),259.21276,259.21276,M00968A,I007,NICOTINYL ALCOHOL TARTRATE,RONIACOL,"vasodilator, synthetic"
YU226767,1,Microsource,1503604,Pharmakon 1600,79-81-2,O=C(OCC=C(C=CC=C(C=CC1(=C(CCCC1(C)C)C))C)C)CCCCCCCCCCCCCCC,524.8604,524.8604,M00968A,I008,RETINYL PALMITATE,,"provitamin, antixerophthalamic, semisynthetic; Vitamin A palmitate"
YU226720,1,Microsource,1503059,Pharmakon 1600,50-91-9,FC=1(C(=O)NC(=O)N(C=1)C2(OC(CO)C(C2)O)),246.1925232,246.1925232,M00968A,I009,FLOXURIDINE,floxuridine,"antineoplastic, antimetabolite, synthetic;FUDR, NSC-27640"
YU034452,4,Microsource,1503607,Pharmakon 1600,50-35-1,O=C1(NC(=O)CCC1N2(C(=O)C=3(C=CC=CC=3(C2=O)))),258.22958,258.22958,M00968A,I010,THALIDOMIDE,thalidomide,"hypnotic, synthetic; K-17"
YU034342,4,Microsource,1503065,Pharmakon 1600,645-05-6,N1(=C(N=C(N(C)C)N=C1N(C)C)N(C)C),210.27966,210.27966,M00968A,I011,ALTRETAMINE,altretamine,"antineoplastic, synthetic"
YU224104,3,Microsource,1503609,Pharmakon 1600,84845-75-0,O=[N+]([O-])C1(=CC(=CC=C1)C2(C(=C(NC(=C2C(=O)OC)C)C)C(=O)OCC)),360.36128,360.36128,M00968A,I012,NITRENDIPINE,nitrendipine,"antihypertensive, synthetic; Bay-E5009"
YU034343,2,Microsource,1503069,Pharmakon 1600,"61-78-9, 94-16-6 [aminohippurate sodium]",O=C(NCC(=O)O)C1(=CC=C(N)C=C1),194.18738,194.18738,M00968A,I013,AMINOHIPPURIC ACID,PAH,"renal function diagnosis, synthetic"
YU226768,1,Microsource,1503610,Pharmakon 1600,8001-54-5,[Cl-].[N+](CC1(=CC=CC=C1))(CCCCCCCCCCCCC)(C)C,354.01244,354.01244,M00968A,I014,BENZALKONIUM CHLORIDE,ROCCAL,"antiinfective (topical), synthetic"
YU226721,1,Microsource,1503070,Pharmakon 1600,53230-10-7,Cl.FC(F)(F)C2(=NC=1(C(=CC=CC=1C(F)(F)F)C(=C2)C(O)C3(NCCCC3))),414.7728792,414.7728792,M00968A,I015,MEFLOQUINE,mefloquine,"antimalarial, synthetic; Ro-21-5998; WR-142490"
YU225205,2,Microsource,1503614,Pharmakon 1600,85721-33-1,FC2(=C(N1(CCNCC1))C=C3(N(C=C(C(C3(=C2))=O)C(=O)O)C4(CC4))),331.3416432,331.3416432,M00968A,I016,CIPROFLOXACIN,ciprofloxacin,"antibacterial, fungicide, synthetic"
YU221093,2,Microsource,1503073,Pharmakon 1600,"50-42-0, 64-95-9 [adiphenine]",Cl.O=C(OCCN(CC)CC)C(C1(=CC=CC=C1))C2(=CC=CC=C2),347.87868,347.87868,M00968A,I017,ADIPHENINE HYDROCHLORIDE,TRASENTINE,"muscle relaxant (smooth), synthetic"
YU034478,4,Microsource,1503678,Pharmakon 1600,169590-42-5,S(=O)(=O)(N)C3(=CC=C(N1(N=C(C(F)(F)F)C=C1C2(=CC=C(C)C=C2)))C=C3),381.3732896,381.37329,M00968A,I018,CELECOXIB,celecoxib,"antiarthritic, cyclooxygenase2 inhibitor, synthetic; SC-58635"
YU226722,1,Microsource,1503076,Pharmakon 1600,"82586-55-8, 85441-61-8 [quinapril]",Cl.O=C(O)C2(N(C(=O)C(NC(C(=O)OCC)CCC1(=CC=CC=C1))C)CC=3(C=CC=CC=3(C2))),474.97682,474.97682,M00968A,I019,QUINAPRIL HYDROCHLORIDE,quinapril,"antihypertensive, ACE inhibitor, synthetic; CI-906"
YU034479,3,Microsource,1503679,Pharmakon 1600,"83905-01-5, 117772-70-0 [dihydrate]",O=C1(OC(C(O)(C(O)C(N(CC(CC(C(C(C(C1C)OC2(OC(C(O)C(C2)(OC)C)C))C)OC3(OC(CC(C3O)N(C)C)C))(O)C)C)C)C)C)CC),748.98456,748.98456,M00968A,I020,AZITHROMYCIN,ZITHROMAX,"antibacterial, semisynthetic"
YU221436,4,Microsource,1503081,Pharmakon 1600,20537-88-6,S(P(=O)(O)O)CCNCCCN,214.224041,214.224041,M00968A,I021,AMIFOSTINE,amifostine,"radioprotectant, synthetic; WR-2721"
YU225156,2,Microsource,1503705,Pharmakon 1600,4180-23-8,O(C1(=CC=C(C=CC)C=C1))C,148.20168,148.20168,M00968A,I022,ANETHOLE,MONASIRUP,"expectorant, gastric stimulant, insecticide, anise, fennel and other plant oils"
YU226814,1,Microsource,1505203,Pharmakon 1600,163222-33-1,FC4(=CC=C(N2(C(=O)C(CCC(O)C1(=CC=C(F)C=C1))C2C3(=CC=C(O)C=C3)))C=C4),409.4252864,409.4252864,M00968A,J003,EZETIMIBE,ezetimibe,"sterol absorption inhibitor, synthetic"
YU226876,1,Microsource,1505562,Pharmakon 1600,35189-28-7,O=C(OC4(C#C)(C3(C(C2(C(C1(C(=CC(=NO)CC1)CC2))CC3))CC4)(CC)))C,369.49718,369.49718,M00968A,J004,NORGESTIMATE,,"progestin, semisynthetic; ORF-10131, RWJ-10131"
YU225049,2,Microsource,1505205,Pharmakon 1600,144689-63-4,O=C5(OC(COC(=O)C=1(N(C(CCC)=NC=1C(O)(C)C)CC4(=CC=C(C3(=C(C2(=NN=NN2))C=CC=C3))C=C4)))=C(O5)C),558.58534,558.58534,M00968A,J005,OLMESARTAN MEDOXOMIL,olmesartan medoxomil,"Angiotensin II inhibitor prodrug, antihypertensive, synthetic; CS-866"
YU226877,1,Microsource,1505576,Pharmakon 1600,70024-40-7,Cl.O=C(N3(CCN(C=1(N=C(N)C2(=CC(OC)=C(C=C2(N=1))OC)))CC3))C4(OCCC4),423.89374,423.89374,M00968A,J006,TERAZOSIN HYDROCHLORIDE,HYTRIN,"antihypertensive, synthetic; Abbott-45975"
YU226815,1,Microsource,1505207,Pharmakon 1600,97519-39-6,S1(C2(N(C(C(=O)O)=CC1)C(=O)C2NC(=O)C(C=3(N=C(N)SC=3))=CCC(=O)O)),410.42702,410.42702,M00968A,J007,CEFTIBUTEN,CEDAX,"antibacterial, semisynthetic"
YU225295,2,Microsource,1505581,Pharmakon 1600,65899-73-2,ClC1(=C(C=CC(=C1)Cl)C(OCC2(=C(Cl)SC=C2))CN3(C=NC=C3)),387.7114,387.7114,M00968A,J008,TIOCONAZOLE,tioconazole,"antifungal, synthetic; UK-20349"
YU039792,3,Microsource,1505208,Pharmakon 1600,91832-40-5,S1(C2(N(C(C(=O)O)=C(C1)C=C)C(=O)C2NC(=O)C(=NO)C=3(N=C(N)SC=3))),395.41572,395.41572,M00968A,J009,CEFDINIR,OMNICEF,"antibacterial, semisynthetic; CL-983, FK-482"
YU226878,1,Microsource,1502363,Pharmakon 1600,51146-56-6,O=C(O)C(C1(=CC=C(CC(C)C)C=C1))C,206.28082,206.28082,M00968A,J010,DEXIBUPROFEN,dexibuprofen,DB09213
YU226816,1,Microsource,1505210,Pharmakon 1600,84485-00-7; 106650-56-0 (base); 125494-59-9 (hydrate),ClC2(=CC=C(C1(C(N(C)C)CC(C)C)(CCC1))C=C2).Cl,316.30842,316.30842,M00968A,J011,SIBUTRAMINE HYDROCHLORIDE,sibutramine,"anorexic, antidepressant, inhibitor of 5HT, norepinephrine & dopamine uptake, synthetic; BTS-54524"
YU221035,2,Microsource,1505590,Pharmakon 1600,58579-51-4,ClC1(=C(Cl)C=CC2(=C1CN3(CC(=O)NC3(=N2)))).Cl,292.54824,292.54824,M00968A,J012,ANAGRELIDE HYDROCHLORIDE,AGRYLIN,"antithrombotic, synthetic; BL-4162a"
YU226817,1,Microsource,1505212,Pharmakon 1600,107133-36-8; 82834-16-0 (perindopril),O=C(O)C1(N(C(=O)C(NC(C(=O)OCC)CCC)C)C2(CCCCC2(C1))).NC(C)(C)C,441.60474,441.60474,M00968A,J013,PERINDOPRIL ERBUMINE,ACEON,"antihypertensive, ACE inhibitor, synthetic; S-9490, McN-A-28833-109"
YU040004,3,Microsource,1505599,Pharmakon 1600,33125-97-2,O=C(OCC)C=1(N(C=NC=1)C(C2(=CC=CC=C2))C),244.28912,244.28912,M00968A,J014,ETOMIDATE,AMIDATE,"sedative, synthetic"
YU226818,1,Microsource,1505213,Pharmakon 1600,"287714-14-4, 147098-20-2(Ca salt)",[Ca+2].S(=O)(=O)(N(C2(=NC(C1(=CC=C(F)C=C1))=C(C=CC(O)CC(O)CC(=O)[O-])C(=N2)C(C)C))C)C,520.6088,520.6088032,M00968A,J015,ROSUVASTATIN CALCIUM,CRESTOR,"antihyperlipidemic, synthetic; S-4532"
YU040292,4,Microsource,1505610,Pharmakon 1600,84057-84-1,ClC1(=C(Cl)C=CC=C1C2(=NN=C(N)N=C2N)),256.09098,256.09098,M00968A,J016,LAMOTRIGINE,lamotrigine,"anticonvulsant, synthetic; BW-430C"
YU226819,1,Microsource,1500418,Pharmakon 1600,8031-09-02 00:00:00,S(C1(=NN=NN1C))CC4(=C(N3(C(=O)C(OC)(NC(=O)C(C2(=CC=C(O)C=C2))C(=O)[O-])C3OC4))C(=O)[O-]).[Na+].[Na+],564.4375,564.4375,M00968A,J017,MOXALACTAM DISODIUM,MOXAM,"antibacterial, semisynthetic; LY-127935"
YU226879,1,Microsource,1505622,Pharmakon 1600,82640-04-8,Cl.S4(C(C1(=CC=C(O)C=C1))=C(C(=O)C3(=CC=C(OCCN2(CCCCC2))C=C3))C5(=C4C=C(O)C=C5)),510.04496,510.04496,M00968A,J018,RALOXIFENE HYDROCHLORIDE,raloxifene,"antiestrogen, synthetic; LY-156758"
YU226820,1,Microsource,1503876,Pharmakon 1600,73771-04-7,O=C4(C=C2(C(C1(C(O)CC3(C(OC(=O)OCC)(C(=O)COC(=O)CC)CCC3(C1CC2))(C)))(C)C=C4)),488.56994,488.56994,M00968A,J019,PREDNICARBATE,DERMATOP,"antiinflammatory, glucocorticoid, semisynthetic; HOE-777"
YU226880,1,Microsource,1505637,Pharmakon 1600,87239-81-4,S1(C2(N(C(C(=O)OC(OC(=O)OC(C)C)C)=C(C1)COC)C(=O)C2NC(=O)C(=NOC)C=3(N=C(N)SC=3))),557.59938,557.59938,M00968A,J020,CEFPODOXIME PROXETIL,VANTIN,"antibacterial, semisynthetic; U-76252, CS-807"
YU226821,1,Microsource,1505222,Pharmakon 1600,169590-41-4,S(=O)(=O)(N)C3(=CC=C(N1(N=C(C(F)F)C=C1C2(=CC(F)=C(OC)C=C2)))C=C3),397.3726896,397.3726896,M00968A,J021,DERACOXIB,deracoxib,"antiinflammatory, antiarthritic, COX-2 inhibitor, synthetic"
YU226881,1,Microsource,1301004,Pharmakon 1600,73-32-5,O=C(O)C(N)C(CC)C,131.17296,131.17296,M00968A,J022,ISOLEUCINE (L),isoleucine,"amino acid, nutrient, widespread in nature"
YU226723,1,Microsource,1502304,Pharmakon 1600,66108-95-0,IC1(=C(NC(=O)C(O)C)C(I)=C(C(=O)NC(CO)CO)C(=C1C(=O)NC(CO)CO)I),777.08541,777.08541,M00968A,K003,IOHEXOL,OMNIPAQUE,"radiopaque diagnostic aid, synthetic B-15000, SQ-13396"
YU034482,3,Microsource,1503708,Pharmakon 1600,50679-08-8,OC(C1(=CC=CC=C1))(C2(=CC=CC=C2))C4(CCN(CCCC(O)C3(=CC=C(C(C)(C)C)C=C3))CC4),471.67348,471.67348,M00968A,K004,TERFENADINE,terfenadine,"H1 antihistamine, nonsedating, synthetic; RMI-9918"
YU226724,1,Microsource,1503086,Pharmakon 1600,51012-32-9,Cl.S(=O)(=O)(C1(=CC(=C(OC)C=C1)C(=O)NCCN(CC)CC))C,364.88878,364.88878,M00968A,K005,TIAPRIDE HYDROCHLORIDE,tiapride,"neuroleptic, synthetic; FLC-1374"
YU226769,1,Microsource,1503710,Pharmakon 1600,113665-84-2,ClC1(=C(C=CC=C1)C(N3(CC2(=C(SC=C2)CC3)))C(=O)OC).S(=O)(=O)(O)O,419.90196,419.90196,M00968A,K006,CLOPIDOGREL SULFATE,clopidogrel,"platelet aggregation inhibitor, synthetic; SR-25990C"
YU226725,1,Microsource,1503102,Pharmakon 1600,"37661-08-8, 50972-17-3 [bacampicillin]",Cl.S1(C(C(C(=O)OC(OC(=O)OCC)C)N3(C1C(NC(=O)C(N)C2(=CC=CC=C2))C3=O))(C)C),501.98174,501.98174,M00968A,K007,BACAMPICILLIN HYDROCHLORIDE,SPECTROBID,"antibacterial, semisynthetic"
YU034485,5,Microsource,1503712,Pharmakon 1600,79794-75-5,ClC4(=CC1(=C(C(C=2(N=CC=CC=2(CC1)))=C3(CCN(C(=O)OCC)CC3))C=C4)),382.883,382.883,M00968A,K008,LORATADINE,loratadine,"H1 antihistamine, synthetic"
YU034361,2,Microsource,1503104,Pharmakon 1600,73-48-3,S1(=O)(=O)(NC(NC2(=C1C=C(S(=O)(=O)N)C(=C2)C(F)(F)F))CC3(=CC=CC=C3)),421.4166896,421.41669,M00968A,K009,BENDROFLUMETHIAZIDE,bendroflumethiazide,"diuretic, antihypertensive, synthetic"
YU226770,1,Microsource,1503720,Pharmakon 1600,165108-07-6,O=C5(OC3(CC2(OC(C1(CCCCC1))C(C)CC2)(OC(C3)CC=C(C(OC4(OC(C(O)C(C4)OC)C))C(C=CC=C7(C6(C5C=C(C(=NO)C6OC7)C)(O)))C)C))),769.96046,769.96046,M00968A,K010,SELAMECTIN,REVOLUTION,"anthelmintic, antiparasitic, antimite, semisynthetic; UK-124114"
YU224969,2,Microsource,1503106,Pharmakon 1600,74764-40-2,Cl.O(CC(N1(CCCC1))CN(C2(=CC=CC=C2))CC3(=CC=CC=C3))CC(C)C,403.00028,403.00028,M00968A,K011,BEPRIDIL HYDROCHLORIDE,bepridil,"antiarrhythmic, synthetic; CERM-1978"
YU226771,1,Microsource,1503801,Pharmakon 1600,26159-36-4,O(C2(=CC=1(C(=CC(C(CO)C)=CC=1)C=C2)))C,216.27564,216.27564,M00968A,K012,NAPROXOL,,"antinflammatory, analgesic, antipyretic, synthetic; RS-4034"
YU226726,1,Microsource,1503107,Pharmakon 1600,"611-75-6, 3572-43-8 [bromhexine]",[Br]C1(=C(N)C(=CC(=C1)[Br])CN(C2(CCCCC2))C).Cl,412.59072,412.59072,M00968A,K013,BROMHEXINE HYDROCHLORIDE,bromhexine,"expectorant, synthetic"
YU034488,2,Microsource,1503804,Pharmakon 1600,66575-29-9,O=C1(C2(O)(C(OC(C1)(C=C)C)(C(OC(=O)C)C(O)C3(C2(C(O)CCC3(C)C)C))C)),410.50116,410.50116,M00968A,K014,COLFORSIN,,"adenylate cyclase activator, antiglaucoma, hypotensive, vasodilator, Coleus forskohlii; HL-362; L-75-1362B"
YU034366,3,Microsource,1503110,Pharmakon 1600,154-93-8,ClCCN(N=O)C(=O)NCCCl,214.04938,214.04938,M00968A,K015,CARMUSTINE,carmustine,"antineoplastic, alkylating agent, synthetic"
YU226772,1,Microsource,1506100,Pharmakon 1600,5534-95-2,S(CCC(NC(=O)C(NC(=O)C(NC(=O)OC(C)(C)C)C)CC=2(C1(=C(C=CC=C1)NC=2)))C(=O)NC(C(=O)NC(C(=O)N)CC3(=CC=CC=C3))CC(=O)O)C,767.89274,767.89274,M00968A,K016,PENTAGASTRIN,PEPTAVLON,"gastric secretion indicator, synthetic; ICI-50123"
YU226727,1,Microsource,1503111,Pharmakon 1600,"104376-79-6, 73384-59-5 [ceftriaxone]",S1(C3(N(C(C(=O)[O-])=C(C1)CSC2(=NC(=O)C([O-])=NN2C))C(=O)C3NC(=O)C(=NOC)C=4(N=C(N)SC=4))).[Na+].[Na+].O.O.O,652.59274,652.59274,M00968A,K017,CEFTRIAXONE SODIUM TRIHYDRATE,ROCEPHIN,"antibacterial, semisynthetic; RO-13-9904"
YU226773,1,Microsource,1503816,Pharmakon 1600,51022-69-6,FC23(C1(C(=CC(=O)C=C1)CCC2C4(CC5(OC6(OC5(C4(CC3O)(C))(C(=O)COC(=O)C))(CCCC6))))(C)),502.5717032,502.5717032,M00968A,K018,AMCINONIDE,amcinonide,"glucocorticoid, antiinflammatory, synthetic"
YU226728,1,Microsource,1503117,Pharmakon 1600,"521-78-8, 739-71-9 [trimipramine]",O=C(O)C=CC(=O)O.N2(C1(=C(C=CC=C1)CCC3(=C2C=CC=C3)))(CC(CN(C)C)C),410.50608,410.50608,M00968A,K019,TRIMIPRAMINE MALEATE,SURMONTIL,"antidepressant, synthetic; RP-7162"
YU226774,1,Microsource,1503818,Pharmakon 1600,"14252-80-3, 2180-92-9 [bupivacaine], 18010-40-7 [anhydrous]",Cl.O=C(NC1(=C(C=CC=C1C)C))C2(N(CCCC2)CCCC),324.88844,324.88844,M00968A,K020,BUPIVACAINE HYDROCHLORIDE,bupivacaine,"anesthetic (local), synthetic"
YU226729,1,Microsource,1503118,Pharmakon 1600,"1098-60-8, 146-54-3 [triflupromazine]",Cl.S1(C3(=C(N(CCCN(C)C)C2(=C1C=CC=C2))C=C(C(F)(F)F)C=C3)),388.8787896,388.8787896,M00968A,K021,TRIFLUPROMAZINE HYDROCHLORIDE,triflupromazine,"antipsychotic, synthetic"
YU034475,3,Microsource,1503650,Pharmakon 1600,42924-53-8,O=C(CCC2(=CC=1(C(=CC(OC)=CC=1)C=C2)))C,228.28634,228.28634,M00968A,K022,NABUMETONE,nabumetone,"antiinflammatory, synthetic"
YU226822,1,Microsource,1505230,Pharmakon 1600,73963-72-1,O=C4(NC3(=C(C=C(OCCCCC1(=NN=NN1C2(CCCCC2)))C=C3)CC4)),369.46088,369.46088,M00968A,L003,CILOSTAZOL,cilostazol,DB01166
YU226882,1,Microsource,1505650,Pharmakon 1600,119793-66-7,S(=O)(=O)(O)O.O=C(N)C(C1(=CC=CC=C1))(C2(=CC=CC=C2))CC(N(C)C)C,394.48622,394.48622,M00968A,L004,AMINOPENTAMIDE SULFATE,CENTRINE,"antispasmodic, antiemetic, synthetic; NND-1962; BL-139"
YU226823,1,Microsource,1505244,Pharmakon 1600,987-78-0,P(=O)(OP(=O)(OCC[N+](C)(C)C)[O-])(OCC2(OC(N1(C(=O)N=C(N)C=C1))C(C2O)O))O,488.32412,488.324122,M00968A,L005,CITICOLINE,CERAXON,"cognition enhancer, phosphocholine cytidyltransferase activator, cytidine-5""-diphosphocholine"
YU226883,1,Microsource,1503850,Pharmakon 1600,199191-69-0,ClC1(=C(C=C2(CC(NC2(=C1))=O))CCN5(CCN(C3(=NSC4(=C3C=CC=C4)))CC5)).S(=O)(=O)(O)C,509.04316,509.04316,M00968A,L006,ZIPRASIDONE MESYLATE,GEODON,"antipsychotic, synthetic; CP-88, 059-27"
YU226824,1,Microsource,1505249,Pharmakon 1600,65710-07-8,O2(C(OC1(C(O)C(O)C(N)CC1N))C(N)CC4(C2C(O)C(NC)C(OC3(OC(C(N)C(C3O)O)CO))O4)),539.57734,539.57734,M00968A,L007,APRAMYCIN SULFATE,apramycin,"antibacterial; LD50(iv) 280mg/kg(mouse), Streptomyces tenebrarius, Saccharomyces porispora hiltus; EL-857"
YU226884,1,Microsource,1505977,Pharmakon 1600,7279-75-6,S(=O)(=O)(O)C.OC1(=C(O)C=CC(=C1)C(O)C(NC(C)C)CC),335.41744,335.41744,M00968A,L008,ISOETHARINE MESYLATE,BROKOSOL,"bronchodilator, synthetic"
YU039602,3,Microsource,1505262,Pharmakon 1600,79559-97-0; 79617-96-2(base),ClC1(=C(Cl)C=CC(=C1)C3(C2(=C(C=CC=C2)C(NC)CC3))).Cl,342.68966,342.68966,M00968A,L009,SERTRALINE HYDROCHLORIDE,ZOLOFT,"antidepressant, 5HT uptake inhibitor, synthetic"
YU225266,2,Microsource,1505296,Pharmakon 1600,53716-50-0,S(=O)(C2(=CC=1(N=C(NC(=O)OC)NC=1C=C2)))C3(=CC=CC=C3),315.34814,315.34814,M00968A,L010,OXFENDAZOLE,SYNANTHIC,"anthelmintic, synthetic; RS-8858"
YU226825,1,Microsource,1500414,Pharmakon 1600,"13614-98-7, 10118-90-8 [minocycline]",Cl.O=C2(C1(=C(O)C=CC(=C1CC4(C2=C(O)C3(O)(C(=O)C(=C(O)C(C3C4)N(C)C)C(=O)N)))N(C)C)),493.93714,493.93714,M00968A,L011,MINOCYCLINE HYDROCHLORIDE,SOLODYN,"antibacterial, semisynthetic"
YU226885,1,Microsource,1505675,Pharmakon 1600,38260-01-4,Cl.Cl.N(CCNCCN)CCN,219.15536,219.15536,M00968A,L012,TRIENTINE HYDROCHLORIDE,SYPRINE,"chelating agent, synthetic; MK-0681"
YU226826,1,Microsource,1505265,Pharmakon 1600,191114-48-4,O=C2(OC(C1(OC(=O)N(C1C(C(=O)C(C)CC(C(C(C(C2C)=O)C)OC3(OC(CC(C3O)N(C)C)C))(OC)C)C)CCCCN4(C=NC(=C4)C5(=CN=CC=C5)))(C))CC),812.0039,812.0039,M00968A,L013,TELITHROMYCIN,KETEK,"antibacterial, semisynthetic; HMR-3647"
YU039677,3,Microsource,1505677,Pharmakon 1600,53885-35-1,ClC1(=C(C=CC=C1)CN3(CC2(=C(SC=C2)CC3))).Cl,300.24704,300.24704,M00968A,L014,TICLOPIDINE HYDROCHLORIDE,TICLID,"PAF inhibitor, synthetic; 53-32C, 4-C-32"
YU039618,3,Microsource,1505267,Pharmakon 1600,21256-18-8,O=C(O)CCC=2(OC(C1(=CC=CC=C1))=C(N=2)C3(=CC=CC=C3)),293.31664,293.31664,M00968A,L015,OXAPROZIN,oxaprozin,"antiinflammatory, synthetic; WY-21743"
YU226886,1,Microsource,1505678,Pharmakon 1600,4697-14-7,S1(C(=CC=C1)C(C(=O)[O-])C(=O)NC2(C(=O)N3(C(C(=O)[O-])C(SC23)(C)C))).[Na+].[Na+],428.39308,428.39308,M00968A,L016,TICARCILLIN DISODIUM,TICAR,"antibacterial, synthetic; BRL-2288"
YU226827,1,Microsource,1501129,Pharmakon 1600,"23142-01-0, 77-23-6 [carbetapentane]",O=C(OCCOCCN(CC)CC)C2(C1(=CC=CC=C1))(CCCC2).O=C(O)C(O)(CC(=O)O)CC(=O)O,525.5886,525.5886,M00968A,L017,CARBETAPENTANE CITRATE,pentoxyverine,"antitussive, synthetic"
YU226887,1,Microsource,1503873,Pharmakon 1600,553-08-2,[Br-].O(C2(=CC=C(CN(C1(=NC=CC=N1))CC[N+](CCCCCCCCCCCCCCCC)(C)C)C=C2))C,591.70946,591.70946,M00968A,L018,THONZONIUM BROMIDE,tonzonium bromide,"mucolytic, antibacterial, surface active agent, synthetic"
YU040233,3,Microsource,1503843,Pharmakon 1600,55981-09-4,S1(C(=NC=C1[N+](=O)[O-])NC(=O)C2(=C(OC(=O)C)C=CC=C2)),307.28308,307.28308,M00968A,L019,NITAZOXANIDE,nitazoxanide,"antiparasitic, synthetic; PH-5776"
YU226888,1,Microsource,1505681,Pharmakon 1600,69004-03-1,S(C3(=CC=C(OC2(=C(C=C(N1(C(=O)N(C(=O)NC1=O)C))C=C2)C))C=C3))C(F)(F)F,425.3827896,425.3827896,M00968A,L020,TOLTRAZURIL,toltrazuril,"coccidiostat, synthetic; Bay-Vi-9142"
YU221017,2,Microsource,1505305,Pharmakon 1600,149676-40-4,S(=O)(=O)(O)C.FC2(=C(N1(CCN(C)CC1))C=C3(N(C=C(C(C3(=C2))=O)C(=O)O)CC)),429.46418,429.4641832,M00968A,L021,PEFLOXACINE MESYLATE,,"antibacterial, antiproliferative, synthetic; 41982-BP"
YU226889,1,Microsource,1505872,Pharmakon 1600,64228-81-5,O=C(OCCCCCOC(=O)CC[N+]2(C(C1(=C(C=C(OC)C(=C1)OC)CC2))CC3(=CC(OC)=C(OC)C=C3))(C))CC[N+]5(C(C4(=C(C=C(OC)C(=C4)OC)CC5))CC6(=CC(OC)=C(OC)C=C6))(C),929.14506,929.14506,M00968A,L022,ATRACURIUM BESYLATE,atracurium besilate,DB00732 (Besylate)
YU220931,2,Microsource,1503121,Pharmakon 1600,"25332-39-2, 19794-93-5 [trazodone]",ClC4(=CC(N3(CCN(CCCN1(N=C2(C=CC=CN2(C1=O))))CC3))=CC=C4).Cl,408.32442,408.32442,M00968A,M003,TRAZODONE HYDROCHLORIDE,trazodone,"antidepressant, synthetic; AF-1160"
YU226775,1,Microsource,1503908,Pharmakon 1600,33069-62-4,O=C4(C2(C(C1(OC(=O)C)(C(OC1)CC2O))C(OC(=O)C3(=CC=CC=C3))C5(O)(CC(C(=C(C4OC(=O)C)C5(C)(C))C)OC(=O)C(O)C(NC(=O)C6(=CC=CC=C6))C7(=CC=CC=C7)))(C)),853.90618,853.90618,M00968A,M004,PACLITAXEL,TAXOL,"antineoplastic, Taxus breviofolia; BMS-181339-01"
YU226730,1,Microsource,1504526,Pharmakon 1600,189954-96-9,S(=O)(=O)(C3(=CC=C(C2(=C(OCC1(CC1))C(=O)OC2(C)C))C=C3))C,336.4037,336.4037,M00968A,M005,FIROCOXIB,firocoxib,DB09217
YU034504,2,Microsource,1503914,Pharmakon 1600,149-16-6,O=C(OCCCN(CCCC)CCCC)C1(=CC=C(N)C=C1),306.44308,306.44308,M00968A,M006,BUTACAINE,butacaine,"anesthetic (local), synthetic"
YU226731,1,Microsource,1503135,Pharmakon 1600,"63-56-9, 91-85-0 [thonzylamine]",Cl.O(C2(=CC=C(CN(C1(=NC=CC=N1))CCN(C)C)C=C2))C,322.83288,322.83288,M00968A,M007,THONZYLAMINE HYDROCHLORIDE,thonzylamine,"antihistamine, synthetic; NC-1264"
YU226776,1,Microsource,1503918,Pharmakon 1600,"25122-46-7, 25122-41-2 [clobetasol]",ClCC(=O)C4(OC(=O)CC)(C3(C(C2(C(F)(C1(C(=CC(=O)C=C1)CC2)(C))C(C3)O))CC4C)(C)),466.96968,466.9696832,M00968A,M008,CLOBETASOL PROPIONATE,CLOBEX,"glucocorticoid, antiinflammatory, synthetic; CCI-4725, GR-2/925"
YU034375,2,Microsource,1503136,Pharmakon 1600,15318-45-3,ClC(Cl)C(=O)NC(C(O)C1(=CC=C(S(=O)(=O)C)C=C1))CO,356.22264,356.22264,M00968A,M009,THIAMPHENICOL,thiamphenicol,"antibacterial, synthetic; WIN-5063-2"
YU034511,2,Microsource,1503923,Pharmakon 1600,96-83-3,IC1(=C(N)C(I)=CC(=C1CC(C(=O)O)CC)I),570.93193,570.93193,M00968A,M010,IOPANIC ACID,iopanoic acid,"radioopaque agent, synthetic"
YU225292,2,Microsource,1503142,Pharmakon 1600,59804-37-4,S1(=O)(=O)(N(C(=C(O)C2(=C1C=CS2))C(=O)NC3(=NC=CC=C3))C),337.37626,337.37626,M00968A,M011,TENOXICAM,ALGANEX,"antiinflammatory, synthetic; Ro-12-0068"
YU034559,3,Microsource,1503925,Pharmakon 1600,"74103-07-4, 74103-06-3 [ketorolac]",O=C(C1(=CC=CC=C1))C=3(N2(C(C(C(=O)O)CC2)=CC=3)).OCC(N)(CO)CO,376.40374,376.40374,M00968A,M012,KETOROLAC TROMETHAMINE,TORADOL,"antiinflammatory, synthetic"
YU034378,2,Microsource,1503202,Pharmakon 1600,773-76-2,ClC2(=C(O)C1(=NC=CC=C1C(=C2)Cl)),214.04754,214.04754,M00968A,M013,CHLOROXINE,CAPITROL,"chelating agent, antiseborrheic, synthetic"
YU039815,5,Microsource,1503926,Pharmakon 1600,103577-45-3,S(=O)(C1(=NC=2(C=CC=CC=2(N1))))CC3(=NC=CC(=C3C)OCC(F)(F)F),369.3625896,369.36259,M00968A,M014,LANSOPRAZOLE,lansoprazole,"antiulcer, synthetic; AG-1749, A-65006"
YU226732,1,Microsource,1503203,Pharmakon 1600,113-59-7,ClC3(=CC1(=C(SC=2(C=CC=CC=2(C1=CCCN(C)C)))C=C3)).Cl,352.3216,352.3216,M00968A,M015,CHLORPROTHIXENE HYDROCHLORIDE,chlorprothixene,"antipsychotic, synthetic; N-714, RO-4-0403"
YU226777,1,Microsource,1503929,Pharmakon 1600,"5370-01-4, 31828-71-4 [mexiletine]",Cl.O(C1(=C(C=CC=C1C)C))CC(N)C,215.71946,215.71946,M00968A,M016,MEXILETINE HYDROCHLORIDE,,"antiarrhythmic, synthetic; Ko-1173"
YU226733,1,Microsource,1503204,Pharmakon 1600,298-57-7,N4(C=CCC1(=CC=CC=C1))(CCN(C(C2(=CC=CC=C2))C3(=CC=CC=C3))CC4),368.514,368.514,M00968A,M017,CINNARAZINE,CINAZYN,"H1 antihistamine, synthetic; R-516"
YU226778,1,Microsource,1503931,Pharmakon 1600,"26155-31-7, 20574-50-9 [morantel]",S1(C(=C(C)C=C1)C=CC2(=NCCCN2C)).O=C(O)C(O)(CC(=O)O)CC(=O)O,412.45844,412.45844,M00968A,M018,MORANTEL CITRATE,,"anthelmintic, synthetic; CP-12009"
YU226734,1,Microsource,1503209,Pharmakon 1600,"24868-20-0, 14663-23-1 [anhydrous], 7261-97-4 [dantrolene]",[Na+].O=[N+]([O-])C3(=CC=C(C=2(OC(C=NN1(C(=O)[N-]C(C1)=O))=CC=2))C=C3),336.23499,336.23499,M00968A,M019,DANTROLENE SODIUM,DANTRIUM,"muscle relaxant (skeletal), synthetic; F-440"
YU034515,2,Microsource,1503934,Pharmakon 1600,58-39-9,ClC3(=CC=2(N(C1(=C(C=CC=C1)SC=2C=C3))CCCN4(CCN(CCO)CC4))),403.96946,403.96946,M00968A,M020,PERPHENAZINE,perphenazine,"antipsychotic, synthetic"
YU226735,1,Microsource,1503210,Pharmakon 1600,5593-20-4,FC23(C1(C(=CC(=O)C=C1)CCC2C4(CC(C)C(C4(CC3O)(C))(OC(=O)CC)C(=O)COC(=O)CC))(C)),504.58758,504.5875832,M00968A,M021,"BETAMETHASONE 17,21-DIPROPIONATE",DIPROLENE,"glucocorticoid, antiinflammatory, semisynthetic"
YU226779,1,Microsource,1505987,Pharmakon 1600,3734-33-6,O=C(NC1(=C(C=CC=C1C)C))C[N+](CC2(=CC=CC=C2))(CC)CC,325.46784,325.46784,M00968A,M022,DENATONIUM BENZOATE,denatonium benzoate,"denaturing agent, bitter principle, synthetic; NSC-157658"
YU226828,1,Microsource,1503841,Pharmakon 1600,135-07-9,ClC1(=C(S(=O)(=O)N)C=C2(S(=O)(=O)N(C)C(NC2(=C1))CCl)),360.23886,360.23886,M00968A,N003,METHYCLOTHIAZIDE,methyclothiazide,"antihypertensive, synthetic; NSC-110431"
YU221009,3,Microsource,1505683,Pharmakon 1600,61413-54-5,O=C1(NCC(C1)C3(=CC(OC2(CCCC2))=C(OC)C=C3)),275.34288,275.34288,M00968A,N004,ROLIPRAM,rolipram,"tranquilizer, synthetic; ZK-62711"
YU221023,3,Microsource,1505309,Pharmakon 1600,60628-96-8,N4(=CN(C(C2(=CC=C(C1(=CC=CC=C1))C=C2))C3(=CC=CC=C3))C=C4),310.3918,310.3918,M00968A,N005,BIFONAZOLE,bifonazole,"antifungal, calmodulin antagonist, synthetic; BAY-H-4502"
YU226890,1,Microsource,1505684,Pharmakon 1600,751-97-3,O=C2(C1(=C(O)C=CC=C1C(O)(C)C4(C2=C(O)C3(O)(C(=O)C(=C(O)C(C3C4)N(C)C)C(=O)NCN5(CCCC5))))),527.56634,527.56634,M00968A,N006,ROLITETRACYCLINE,SYNTETRIN,"antibacterial, semisynthetic; SQ-15659"
YU226829,1,Microsource,1505312,Pharmakon 1600,"1405-54-5, 1401-69-0(base)",O=C1(C=CC(=CC(C(OC(=O)CC(C(C(C(CC1C)CC=O)OC3(OC(C(OC2(OC(C(O)C(C2)(O)C)C))C(C3O)N(C)C)C))C)O)CC)COC4(OC(C(O)C(C4OC)OC)C))C).O=C(O)C(O)C(O)C(=O)O,1066.18696,1066.18696,M00968A,N007,TYLOSIN TARTRATE,TYLAN,"antibacterial, Streptomyces fradiae"
YU226891,1,Microsource,1505690,Pharmakon 1600,1893-33-0,FC3(=CC=C(C(=O)CCCN2(CCC(N1(CCCCC1))(C(=O)N)CC2))C=C3),375.4803232,375.4803232,M00968A,N008,PIPAMPERONE,pipamperone,"antipsychotic, synthetic; R-3345"
YU226830,1,Microsource,1505314,Pharmakon 1600,91296-87-6,Cl.FC3(=C(N1(CCNCC1))C=C4(N(C2(=CC=C(F)C=C2))C=C(C(C4(=C3))=O)C(=O)O)),421.8248464,421.8248464,M00968A,N009,SARAFLOXACIN HYDROCHLORIDE,sarafloxacin,"antibacterial, synthetic; Abbott-56620"
YU226892,1,Microsource,1505692,Pharmakon 1600,15500-66-0,[Br-].[Br-].O=C(OC5(C([N+]1(CCCCC1)(C))CC6(C4(C(C2(C(C(OC(=O)C)C(C2)[N+]3(CCCCC3)(C))(C)CC4))CCC6(C5)))(C)))C,732.66998,732.66998,M00968A,N010,PANCURONIUM BROMIDE,pancuronium bromide,"neuromuscular blocker, synthetic; ORG-NA-97"
YU226831,1,Microsource,1503834,Pharmakon 1600,120066-54-8,[Gd+3].O=C([O-])CN1(CCN(CCN(CC(O)C)CCN(CC1)CC(=O)[O-])CC(=O)[O-]),558.68492,558.68492,M00968A,N011,GADOTERIDOL,gadoteridol,DB00597
YU039622,4,Microsource,1505701,Pharmakon 1600,78755-81-4,FC2(=CC=1(C(=O)N(CC=3(N(C=1C=C2)C=NC=3C(=O)OCC))C)),303.2884832,303.28848,M00968A,N012,FlUMAZENIL,flumazenil,"benzodiazepine antagonist, synthetic; Ro-15-1788/000"
YU226832,1,Microsource,1505327,Pharmakon 1600,302-22-7,ClC=2(C1(=CC(=O)CCC1(C3(CCC4(C(C3(C=2))CCC4(OC(=O)C)C(=O)C)(C)))C)),404.92666,404.92666,M00968A,N013,CHLORMADINONE ACETATE,,"progestin, antiandrogen, semisynthetic; NSC-92338"
YU226893,1,Microsource,1505703,Pharmakon 1600,850-52-2,O=C4(C=C2(C(=C1(C=CC3(C(O)(CC=C)CCC3(C1CC2))(C)))CC4)),310.42994,310.42994,M00968A,N014,ALTRENOGEST,REGUMATE,"progestinantineoplastic, synthetic; RU-2267, A-35957"
YU220977,2,Microsource,1505330,Pharmakon 1600,64211-46-7,ClC3(=C(C(=NOCC1(=C(Cl)C=C(Cl)C=C1))CN2(C=NC=C2))C=CC(=C3)Cl).O=[N+](O)[O-],492.13912,492.13912,M00968A,N015,OXICONAZOLE NITRATE,OXISTAT,"antifungal, synthetic; SGD-301-76, Ro-13-8996,ST-813"
YU220969,2,Microsource,1505704,Pharmakon 1600,104344-23-2,O=C(O)C=CC(=O)O.O(C1(=CC=C(COCCOC(C)C)C=C1))CC(O)CNC(C)C,441.51524,441.51524,M00968A,N016,BISOPROLOL FUMARATE,ZEBETA,"beta-blocker, antihypertensive, synthetic; CL-297939,  EMD-33512"
YU225191,2,Microsource,1505332,Pharmakon 1600,1649-18-9,FC3(=CC=C(C(=O)CCCN2(CCN(C1(=NC=CC=C1))CC2))C=C3),327.3960032,327.3960032,M00968A,N017,AZAPERONE,azaperone,"tranquilizer, neuroleptic, alpha adrenergic blocker, synthetic; R-1929"
YU226894,1,Microsource,1505705,Pharmakon 1600,75607-67-9,P(=O)(OCC3(OC(N2(C1(=NC(F)=NC(=C1N=C2)N)))C(C3O)O))(O)O,365.21188,365.2118842,M00968A,N018,FLUDARABINE PHOSPHATE,FLUDARA,"antineoplastic, synthetic; NSC-312887"
YU226833,1,Microsource,1503838,Pharmakon 1600,107793-72-6,IC1(=C(N(C(=O)C)CC(O)CO)C(I)=C(C(=O)NCCO)C(=C1C(=O)NCC(O)CO)I),791.11199,791.11199,M00968A,N019,IOXILAN,ioxilan,"radiopaque agent, synthetic"
YU226895,1,Microsource,1505723,Pharmakon 1600,987-24-6,FC23(C1(C(=CC(=O)C=C1)CCC2C4(CC(C)C(C4(CC3O)(C))(O)C(=O)COC(=O)C))(C)),434.49774,434.4977432,M00968A,N020,BETAMETHASONE ACETATE,CELESTOVET,"antiinflammatory, semisynthetic"
YU220945,2,Microsource,1505340,Pharmakon 1600,58581-89-8,ClC4(=CC=C(CC1(=NN(C(=O)C2(=C1C=CC=C2))C3(CCN(C)CCC3)))C=C4).Cl,418.35892,418.35892,M00968A,N021,AZELASTINE HYDROCHLORIDE,ASTENIL,"H1 antihistamine (nonsedating); leucotriene synthesis blocker, synthetic"
YU226896,1,Microsource,1502036,Pharmakon 1600,60643-86-9,O=C(O)CCC(N)C=C,129.15708,129.15708,M00968A,N022,VIGABATRIN,vigabatrin,"anticonvulsant, synthetic; MDL-71754"
YU226736,1,Microsource,1505751,Pharmakon 1600,16423-68-0,IC3(=C2(OC1(=C(I)C([O-])=C(I)C=C1C(=C2C=C(C3=O)I)C4(=C(C(=O)[O-])C=CC=C4)))).[Na+].[Na+],879.85606,879.85606,M00968A,O003,ERYTHROSINE SODIUM,,"color additive, synthetic"
YU220970,2,Microsource,1503968,Pharmakon 1600,"109581-93-3, 104987-11-3 [anhydrous]",O=C2(N4(C(C(=O)OC(C(=CC1(CC(OC)C(O)CC1))C)C(C(O)CC(=O)C(CC=C)C=C(CC(CC(C3(OC(C2=O)(O)C(CC3OC)C))OC)C)C)C)CCCC4)),804.0182,804.0182,M00968A,O004,TACROLIMUS,PROGRAF,"immune suppressant, antifungal, Streptomyces tsukubaensis; FK-506"
YU226737,1,Microsource,1503214,Pharmakon 1600,15176-29-1,O=C1(N=C(O)C(CC)=CN1C2(OCC(C2CO)O)),256.25522,256.25522,M00968A,O005,EDOXUDINE,,"antiviral, synthetic; EDU; EUDR; ORF-15817; RWJ-15817"
YU226780,1,Microsource,1503985,Pharmakon 1600,"980-71-2, 86-22-6 [brompheniramine]",[Br]C2(=CC=C(C(C1(=NC=CC=C1))CCN(C)C)C=C2).O=C(O)C=CC(=O)O,435.3117,435.3117,M00968A,O006,BROMPHENIRAMINE MALEATE,DIMETANE,"H1 antihistamine, synthetic"
YU225221,2,Microsource,1503215,Pharmakon 1600,74011-58-8,FC1(=C(N=C2(N(C=C(C(C2(=C1))=O)C(=O)O)CC))N3(CCNCC3)),320.3190432,320.3190432,M00968A,O007,ENOXACIN,enoxacin,"antibacterial, synthetic; AT2266, CI-919, PD-107779"
YU155645,2,Microsource,1504008,Pharmakon 1600,53123-88-9,O=C2(N4(C(C(=O)OC(C(CC1(CC(OC)C(O)CC1))C)CC(=O)C(C=C(C(O)C(OC)C(=O)C(C)CC(C=CC=CC=C(C(CC3(OC(C2=O)(O)C(CC3)C))OC)C)C)C)C)CCCC4)),914.1719,914.1719,M00968A,O008,SIROLIMUS,RAPAMUNE,"immunosuppressant, antineoplastic; rapamycin, Streptomyces hygroscopicus; AY-22989, WY-090217"
YU220983,3,Microsource,1505333,Pharmakon 1600,53902-12-8,O=C(O)C2(=C(NC(=O)C=CC1(=CC(OC)=C(OC)C=C1))C=CC=C2),327.33132,327.33132,M00968A,O009,TRANILAST,,"antiallergic, mast cell degranulation inhibitor, angiogenesis blocker, synthetic; MK-341"
YU226781,1,Microsource,1504085,Pharmakon 1600,61869-08-7,Cl.FC4(=CC=C(C1(C(CNCC1)COC3(=CC=2(OCOC=2C=C3))))C=C4),365.8260832,365.8260832,M00968A,O010,PAROXETINE HYDROCHLORIDE,paroxetine,"antidepressant, synthetic"
YU226738,1,Microsource,1500643,Pharmakon 1600,"132-93-4, 147-55-7 [phenethicillin]",[K+].S1(C(C(C(=O)[O-])N3(C1C(NC(=O)C(OC2(=CC=CC=C2))C)C3=O))(C)C),402.50754,402.50754,M00968A,O011,PHENETHICILLIN POTASSIUM,,"antibacterial, semisynthetic"
YU226782,1,Microsource,1505984,Pharmakon 1600,1225-55-4,Cl.N(CCCC1(C3(=C(C=CC2(=C1C=CC=C2))C=CC=C3)))C,299.83742,299.83742,M00968A,O012,PROTRYPTYLINE HYDROCHLORIDE,VIVACTIL,"antidepressant, synthetic; MK-240"
YU226739,1,Microsource,1503227,Pharmakon 1600,"6724-53-4, 6621-47-2 [perhexiline]",O=C(O)C=CC(=O)O.N1(C(CCCC1)CC(C2(CCCCC2))C3(CCCCC3)),393.5601,393.5601,M00968A,O013,PERHEXILINE MALEATE,perhexiline,"coronary vasodilator, synthetic"
YU226783,1,Microsource,1504136,Pharmakon 1600,60719-82-6,ClC1(=CC=C(CC(OC(=O)C(N)C)(C)C)C=C1),255.74026,255.74026,M00968A,O014,ALAPROCLATE,alaproclate,"antidepressant, synthetic; GEA-654"
YU226740,1,Microsource,1503228,Pharmakon 1600,"1263-89-4, 7542-37-2 [paromomycin], 59-04-1 [paromomycin, replaced]",S(=O)(=O)(O)O.O4(C(OC3(C(OC1(OC(CO)C(C1O)OC2(OC(C(O)C(C2N)O)CN)))C(O)C(N)CC3N))C(N)C(O)C(C4CO)O),713.70818,713.70818,M00968A,O015,PAROMOMYCIN SULFATE,paromomycin,"antibacterial, antiamebic, Streptomyces rimosis paramomycinus"
YU226784,1,Microsource,1504142,Pharmakon 1600,"85-36-9, 129-63-5 [acetrizoate sodium]",IC1(=C(NC(=O)C)C(I)=CC(=C1C(=O)O)I),556.86229,556.86229,M00968A,O016,ACETRIAZOIC ACID,SALPIX,"X-ray contrast medium, synthetic"
YU226741,1,Microsource,1503229,Pharmakon 1600,"135-23-9, 91-80-5 [methapyrilene]",Cl.S1(C(=CC=C1)CN(C2(=NC=CC=C2))CCN(C)C),297.84752,297.84752,M00968A,O017,METHAPYRILENE HYDROCHLORIDE,methapyrilene,"H1 antihistamine, synthetic"
YU039633,3,Microsource,1504171,Pharmakon 1600,"99300-78-4, 93413-69-5 [venlafaxine]",Cl.O(C2(=CC=C(C(C1(O)(CCCCC1))CN(C)C)C=C2))C,313.86246,313.86246,M00968A,O018,VENLAFAXINE HYDROCHLORIDE,venlafaxine,"antidepressant, synthetic; WY-45030"
YU226742,1,Microsource,1506053,Pharmakon 1600,25301-02-4,O(CCOCCOCCOCCOCCO)CCOCCOCCOCCOCC.O(C1(=C(C=C(CCCCCCCC)C=C1C)CC))C.O(C2(=C(C=C(CCCCCCCC)C=C2)C))C.O(C3(=C(C=C(CCCCCCCC)C=C3)C))C,1173.72576,1173.72576,M00968A,O019,TYLOXAPOL,SUPERINONE,"polymeric nonionic detergent, synthetic"
YU226785,1,Microsource,1503836,Pharmakon 1600,2276-90-6,IC1(=C(NC(=O)C)C(I)=C(C(=O)NC)C(=C1C(=O)O)I),613.91365,613.91365,M00968A,O020,IOTHALAMIC ACID,iotalamic acid,"radiopaque agent, synthetic; MI-216"
YU226743,1,Microsource,1504108,Pharmakon 1600,863031-24-7,[K+].O=C6(OC(COC(=O)C2(=C1(N(C(OCC)=NC1=CC=C2)CC5(=CC=C(C4(=C(C3(=NOC(=N3)[O-]))C=CC=C4))C=C5))))=C(O6)C),606.62408,606.62408,M00968A,O021,AZILSARTAN KAMEDOXOMIL,EDARBI,"antihypertensive, AT1 angiotensin II antagonist, synthetic; TAK-491"
YU226786,1,Microsource,1504173,Pharmakon 1600,54910-89-3,Cl.FC(F)(F)C2(=CC=C(OC(C1(=CC=CC=C1))CCNC)C=C2),345.7868096,345.7868096,M00968A,O022,FLUOXETINE,fluoxetine,"antidepressant, synthetic; LY-110140"
YU223622,3,Microsource,1505346,Pharmakon 1600,"83846-83-7, 74050-98-9(base)",FC4(=CC=C(C(=O)C3(CCN(CCN1(C(=O)NC=2(C=CC=CC=2(C1=O))))CC3))C=C4),395.4269032,395.4269032,M00968A,P003,KETANSERIN TARTRATE,ketanserin,"5HT2/5HT1C seritonin antagonist, synthetic; R41468"
YU226897,1,Microsource,1300046,Pharmakon 1600,60-18-4,O=C(O)C(N)CC1(=CC=C(O)C=C1),181.18858,181.18858,M00968A,P004,TYROSINE,,"amino acid, nutrient, widespread in nature"
YU226834,1,Microsource,1503879,Pharmakon 1600,14176-50-2,Cl.S1(C(=CC=C1)C2(NCC)(C(=O)CCCC2)),259.79616,259.79616,M00968A,P005,TILETAMINE HYDROCHLORIDE,TELAZOL,"anesthetic, anticonvulsant, synthetic; CL-399"
YU039604,3,Microsource,1505708,Pharmakon 1600,56390-09-1,Cl.O=C4(C3(=C(O)C1(=C(CC(O)(C(=O)CO)CC1OC2(OC(C(O)C(C2)N)C))C(=C3C(=O)C=5(C4=C(OC)C=CC=5))O))),579.97994,579.97994,M00968A,P006,EPIRUBICIN HYDROCHLORIDE,ELLENCE,"antineoplastic, synthetic; IMI-28"
YU226835,1,Microsource,1505356,Pharmakon 1600,18507-89-6,O=C(OCC)C2(=C(O)C=1(C(=CC(OCC)=C(C=1)OCCCCCCCCCC)N=C2)),417.53844,417.53844,M00968A,P007,DECOQUINATE,,"coccidiostat, synthetic; M&B-15497, HC-1528"
YU226898,1,Microsource,1505709,Pharmakon 1600,50700-72-6,[Br-].O=C(OC5(C(N1(CCCCC1))CC6(C4(C(C2(C(C(OC(=O)C)C(C2)[N+]3(CCCCC3)(C))(C)CC4))CCC6(C5)))(C)))C,637.73146,637.73146,M00968A,P008,VECURONIUM BROMIDE,vecuronium bromide,"neuromuscular blocker, synthetic; ORG-NC-45"
YU226836,1,Microsource,1505360,Pharmakon 1600,117467-28-4,S1(C3(N(C(C(=O)OCOC(=O)C(C)(C)C)=C(C1)C=CC=2(SC=NC=2C))C(=O)C3NC(=O)C(=NOC)C=4(N=C(N)SC=4))),620.72406,620.72406,M00968A,P009,CEFDITORIN PIVOXIL,SPECTRACEF,"antibacterial, semisynthetic"
YU226899,1,Microsource,1505710,Pharmakon 1600,173334-57-1,O=C(O)C=CC(=O)O.O=C(N)C(CNC(=O)C(C(C)C)CC(O)C(N)CC(C(C)C)CC1(=CC(OCCCOC)=C(OC)C=C1))(C)C,667.8306,667.8306,M00968A,P010,ALISKIREN HEMIFUMARATE,TEKTURNA,"renin inhibitor, synthetic"
YU226837,1,Microsource,1505368,Pharmakon 1600,124832-27-5,Cl.O=C1(NC(=NC2(=C1N=CN2COCCOC(=O)C(N)C(C)C))N),360.79658,360.79658,M00968A,P011,VALACYCLOVIR HYDROCHLORIDE,VALTREX,"antiviral, synthetic; BW-256-U-87"
YU226900,1,Microsource,1505711,Pharmakon 1600,77337-73-6,[Ca+2].S(=O)(=O)([O-])CCCNC(=O)C.S(=O)(=O)([O-])CCCNC(=O)C,400.48448,400.48448,M00968A,P012,ACAMPROSATE CALCIUM,CAMPRAL,"alcohol antagonist, synthetic"
YU040052,3,Microsource,1505387,Pharmakon 1600,136434-34-9,Cl.S1(C(=CC=C1)C(OC=2(C=3(C(C=CC=2)=CC=CC=3)))CCNC),333.87624,333.87624,M00968A,P013,DULOXETINE HYDROCHLORIDE,CYMBALTA,"antidepressant, synthetic; LY-248686"
YU226901,1,Microsource,1505712,Pharmakon 1600,125-02-0,P(=O)(OCC(=O)C4(O)(C3(C(C2(C(C1(C(=CC(=O)C=C1)CC2)(C))C(C3)O))CC4)(C)))([O-])[O-].[Na+].[Na+],484.38758,484.387581,M00968A,P014,PREDNISOLONE SODIUM PHOSPHATE,HYDELTRASOLE,"antiinflammatory, glucocorticoid, semisynthetic"
YU225050,2,Microsource,1505390,Pharmakon 1600,63675-72-9,O=[N+]([O-])C1(=C(C=CC=C1)C2(C(=C(NC(=C2C(=O)OC)C)C)C(=O)OCC(C)C)),388.41444,388.41444,M00968A,P015,NISOLDIPINE,nisoldipine,"vasodilator (coronary), synthetic; bayk-5552"
YU226902,1,Microsource,1505713,Pharmakon 1600,4598-67-8,O=C(OC3(CC2(=CCC4(C1(C(C(C(=O)C)CC1)(C)CCC4(C2(C)CC3))))))CCC(=O)O,416.55034,416.55034,M00968A,P016,PREGNENOLONE SUCCINATE,FORMULA-405,"glucocortcoid, antiinflammatory, semisynthetic"
YU226838,1,Microsource,1505391,Pharmakon 1600,151767-02-1,ClC2(=CC1(=NC(=CC=C1C=C2)C=CC3(=CC(=CC=C3)C(SC4(CC4)(CC(=O)[O-]))CCC5(=C(C=CC=C5)C(O)(C)C)))).[Na+],594.13923,594.13923,M00968A,P017,MONTELUKAST SODIUM,SINGULAIR,"leucotriene antagonist, antiasthmatic, synthetic; MK-476"
YU226903,1,Microsource,1500582,Pharmakon 1600,"64490-92-2, 26171-23-3 [tolmetin]",[Na+].O=C(C1(=CC=C(C)C=C1))C=2(N(C(CC(=O)[O-])=CC=2)C),279.26637,279.26637,M00968A,P018,TOLMETIN SODIUM,tolmetin,"antiinflammatory, synthetic; McN-2559"
YU226839,1,Microsource,1505410,Pharmakon 1600,38274-54-3,ClC1(=CC=C(C(=O)NCC(=O)NO)C=C1),228.63214,228.63214,M00968A,P019,BENURESTAT,benurestat,"urease inhibitor, synthetic; EU-2826"
YU226904,1,Microsource,1505722,Pharmakon 1600,382-67-2,FC23(C1(C(=CC(=O)C=C1)CCC2C4(CC(C)C(C4(CC3O)(C))C(=O)CO))(C)),376.4616632,376.4616632,M00968A,P020,DESOXYMETASONE,desoximetasone,DB00547
YU226840,1,Microsource,1505411,Pharmakon 1600,86-75-9,O=C(OC=2(C1(=NC=CC=C1C=CC=2)))C3(=CC=CC=C3),249.26408,249.26408,M00968A,P021,BENZOXIQUINE,benzoxiquine,"antiinfective, synthetic; NSC-3951"
YU226905,1,Microsource,1505551,Pharmakon 1600,17912-14-7,Cl.O=C2(C1(=C(C(OCC(O)CNC(C)(C)C)=CC=C1)CCC2)),327.84598,327.84598,M00968A,P022,LEVOBUNOLOL HYDROCHLORIDE,levobunolol,"beta-adrenergic blocker, synthetic; W-7000A"
YU225069,2,Microsource,1300029,Pharmakon 1600,6284-40-8,OC(C(O)C(O)CNC)C(O)CO,195.21362,195.21362,M00969A,A003,MEGLUMINE,,"diagnostic aid, semisynthetic"
YU226961,1,Microsource,1503031,Pharmakon 1600,103-16-2,O(C1(=CC=C(O)C=C1))CC2(=CC=CC=C2),200.23318,200.23318,M00969A,A004,MONOBENZONE,monobenzone,"depigmentor, synthetic"
YU226906,1,Microsource,1500354,Pharmakon 1600,"66985-17-9, 22254-24-6 [anhydrous]",[Br-].O=C(OC1(CC2([N+](C(C)C)(C)C(C1)CC2)))C(C3(=CC=CC=C3))CO,412.36114,412.36114,M00969A,A005,IPRATROPIUM BROMIDE,ATROVENT,"bronchodilator, antiarrhythmic, synthetic; Sch-1000"
YU226962,1,Microsource,1501214,Pharmakon 1600,"76095-16-4, 75847-73-3 [enalapril]",O=C(O)C=CC(=O)O.O=C(O)C2(N(C(=O)C(NC(C(=O)OCC)CCC1(=CC=CC=C1))C)CCC2),492.51896,492.51896,M00969A,A006,ENALAPRIL MALEATE,enalapril,"ACE inhibitor, antihypertensive, synthetic"
YU226907,1,Microsource,1505724,Pharmakon 1600,338-98-7,FC23(C1(C(=CC(=O)C=C1)CCC2C4(CCC(C4(CC3O)(C))(O)C(=O)COC(=O)C))(C)),420.47116,420.4711632,M00969A,A007,ISOFLUPREDONE ACETATE,PREDEF,"antiinflammatory, semisynthetic; U-6013"
YU226963,1,Microsource,1502005,Pharmakon 1600,"7421-40-1, 5697-56-3 [carbenoxolone]",[Na+].[Na+].O=C3(C=C1(C(CCC2(C1CC(C(=O)[O-])(C)CC2)(C))(C)C5(C3C4(C(C(C(OC(=O)CCC(=O)[O-])CC4)(C)C)CC5)(C))(C))),614.72026,614.72026,M00969A,A008,CARBENOXOLONE SODIUM,SANODIN,"antiinflammatory, antisecretory, antiulcer, semisynthetic"
YU226908,1,Microsource,1503833,Pharmakon 1600,76420-72-9,O=C(O)C2(N(C(=O)C(NC(C(=O)O)CCC1(=CC=CC=C1))C)CCC2),348.39364,348.39364,M00969A,A009,ENALAPRILAT,enalaprilat,DB09477
YU226964,1,Microsource,1503866,Pharmakon 1600,103597-45-1,OC3(=C(N1(N=C2(C=CC=CC2(=N1))))C=C(C(CC(C)(C)C)(C)C)C=C3CC6(=C(O)C(N4(N=C5(C=CC=CC5(=N4))))=CC(=C6)C(CC(C)(C)C)(C)C)),658.87494,658.87494,M00969A,A010,BISOCTRIZOLE,bisoctrizole,"sunscreen, synthetic; MBBT, FAT-75634"
YU226909,1,Microsource,1503860,Pharmakon 1600,5714-00-1,S2(C4(=C(N(CCCN1(CCN(CCO)CC1))C3(=C2C=CC=C3))C=CC(=C4)C(=O)C)).O=C(O)C=CC(=O)O,527.63354,527.63354,M00969A,A011,ACETOPHENAZINE MALEATE,TINDAL,"antipsychotic, synthetic; SCH-6673"
YU226965,1,Microsource,1502332,Pharmakon 1600,90274-24-1,Cl.OC2(=CC=C(C(O)CNC(CCC1(=CC=C(O)C=C1))C)C=C2),337.8408,337.8408,M00969A,A012,RACTOPAMINE HYDROCHLORIDE,OPTAFLEXX,"beta-adrenergic agonist, growth stimulant, synthetic; EL-737, LYO-31537"
YU226910,1,Microsource,1505778,Pharmakon 1600,3818-50-6,O(C1(=CC=CC=C1))CC[N+](CC2(=CC=CC=C2))(C)C,256.36272,256.36272,M00969A,A013,BEPHENIUM HYDROXYNAPTHOATE,bephenium hydroxynaphthoate,"anthelmintic, synthetic"
YU226966,1,Microsource,1502333,Pharmakon 1600,136236-51-6,N(C2(C1(=C(C=CC=C1)CC2)))CC#C,171.23836,171.23836,M00969A,A014,RASAGILINE,rasagiline,"antiparkinsonian, synthetic; AGN-1135"
YU226911,1,Microsource,1505780,Pharmakon 1600,537-12-2,Cl.O=C(OC(COC(=O)NC1(=CC=CC=C1))CN2(CCCCC2))NC3(=CC=CC=C3),433.92824,433.92824,M00969A,A015,DIPERODON HYDROCHLORIDE,,"analgesic, anesthetic, synthetic"
YU226967,1,Microsource,1503865,Pharmakon 1600,138-92-1,Cl.Cl.N=1(NC=CC=1CCN),184.06646,184.06646,M00969A,A016,BETAZOLE HYDROCHLORIDE,HISTALOG,"gastric secretion stimulant, synthetic"
YU039813,3,Microsource,1505974,Pharmakon 1600,2030-63-9,ClC5(=CC=C(N1(C=4(C(=NC2(=C1C=CC=C2))C=C(NC3(=CC=C(Cl)C=C3))C(C=4)=NC(C)C)))C=C5),473.39594,473.39594,M00969A,A017,CLOFAZIMINE,clofazimine,"antibacterial, antilepretic, antituberculosis, synthetic; NSC-141046, G-30320"
YU226968,1,Microsource,1505215,Pharmakon 1600,189188-57-6,O=C(O)C=CC(=O)O.O(C2(=CC1(=C(NC=C1C=NNC(=N)NCCCCC)C=C2)))C,417.45908,417.45908,M00969A,A018,TEGASEROD MALEATE,ZELNORM,"5HT4 receptor agonist, peristaltic stimulant, synthetic; HTF-919"
YU226912,1,Microsource,1505975,Pharmakon 1600,132-69-4,Cl.O(C2(=NN(CC1(=CC=CC=C1))C3(=C2C=CC=C3)))CCCN(C)C,345.86618,345.86618,M00969A,A019,BENZYDAMINE HYDROCHLORIDE,benzydamine,"analgesic, antipyretic, antiinflammatory,  synthetic; AF-864"
YU226969,1,Microsource,1502325,Pharmakon 1600,150322-43-3,S1(C(OC(=O)C)=CC2(=C1CCN(C2)C(C3(=C(F)C=CC=C3))C(=O)C4(CC4))),373.44214,373.4421432,M00969A,A020,PRASUGREL,EFFIENT,"platelet aggregation inhibitor, synthetic"
YU226913,1,Microsource,1505726,Pharmakon 1600,638-94-8,O=C5(C=C2(C(C1(C(O)CC3(C4(OC(C)(C)OC4(CC3(C1CC2)))(C(=O)CO))(C)))(C)C=C5)),416.50728,416.50728,M00969A,A021,DESONIDE,DESOWEN,"antiinflammatory, glucocorticoid, semisynthetic; D-2083"
YU226970,1,Microsource,1503832,Pharmakon 1600,92761-26-7,S(=O)(=O)(O)CC45(C(=O)C(=CC3(=CC=C(C=C1(C(=O)C2(CCC1C2(C)(C))(CS(=O)(=O)O)))C=C3))C(C4(C)C)CC5),562.69676,562.69676,M00969A,A022,ECAMSULE TRIETHANOLAMINE,,"sunscreen, synthetic"
YU227025,1,Microsource,1501121,Pharmakon 1600,19982-08-2,Cl.NC12(CC3(CC(C1)(CC(C2)C3)C)(C)),215.76252,215.76252,M00969A,B003,MEMANTINE HYDROCHLORIDE,memantine,"muscle relaxant (skeletal), synthetic"
YU040131,3,Microsource,1505925,Pharmakon 1600,151319-34-5,O=C(N(C3(=CC(C=2(N1(N=CC(=C1N=CC=2)C#N)))=CC=C3))CC)C,305.3341,305.3341,M00969A,B004,ZALEPLON,zaleplon,"sedative, hypnotic, synthetic; CL-284846, L-846, LJC-10846, ZAL-846"
YU224112,3,Microsource,1501135,Pharmakon 1600,"54527-84-3, 55985-32-5 [nicardipine]",Cl.O=[N+]([O-])C1(=CC(=CC=C1)C2(C(=C(NC(=C2C(=O)OC)C)C)C(=O)OCCN(CC3(=CC=CC=C3))C)),515.98572,515.98572,M00969A,B005,NICARDIPINE HYDROCHLORIDE,nicardipine,"vasodilator, synthetic; YC-93, RS-69216"
YU227081,1,Microsource,1502500,Pharmakon 1600,945667-22-1,O=C(N1(C(C#N)CC2(C1C2)))C(N)C34(CC5(O)(CC(C3)CC(C4)C5)),315.41012,315.41012,M00969A,B006,SAXAGLIPTIN,ONGLYZA,"antidiabetic, dipeptidyl peptidase?4 inhibitor, synthsis; BMS-477118"
YU224995,2,Microsource,1501138,Pharmakon 1600,"29868-97-1, 28797-61-7 [pirenzepine]",Cl.Cl.O=C2(NC1(=C(N=CC=C1)N(C3(=C2C=CC=C3))C(=O)CN4(CCN(C)CC4))),424.32382,424.32382,M00969A,B007,PIRENZEPINE HYDROCHLORIDE,pirenzepine,"antiulcer, synthetic; LS-519-CL2"
YU033946,2,Microsource,1500460,Pharmakon 1600,106-48-9,ClC1(=CC=C(O)C=C1),128.556,128.556,M00969A,B008,PARACHLOROPHENOL,,"topical antibacterial (topical), synthetic"
YU227026,1,Microsource,1501139,Pharmakon 1600,"637-58-1, 140-65-8 [pramoxine]",Cl.O2(CCN(CCCOC1(=CC=C(OCCCC)C=C1))CC2),329.86186,329.86186,M00969A,B009,PRAMOXINE HYDROCHLORIDE,pramocaine,"anesthetic (topical), synthetic"
YU040358,5,Microsource,1502354,Pharmakon 1600,112809-51-5,N#CC3(=CC=C(C(N1(N=CN=C1))C2(=CC=C(C#N)C=C2))C=C3),285.30294,285.30294,M00969A,B010,LETROZOLE,letrozole,"antineoplastic, synthetic"
YU227027,1,Microsource,1501148,Pharmakon 1600,"61318-91-0, 61318-90-9 [sulconazole]",ClC1(=C(C=CC(=C1)Cl)C(SCC2(=CC=C(Cl)C=C2))CN3(C=NC=C3)).O=[N+](O)[O-],460.76216,460.76216,M00969A,B011,SULCONAZOLE NITRATE,sulconazole,"antifungal, synthetic; RS-44872"
YU039763,5,Microsource,1502278,Pharmakon 1600,120511-73-1,N#CC(C1(=CC(=CC(=C1)CN2(N=CN=C2))C(C#N)(C)C))(C)C,293.36646,293.36646,M00969A,B012,ANASTROZOLE,anastrozole,"antineoplastic, synthetic; ICI-D1033, ZD-1033"
YU227028,1,Microsource,1501149,Pharmakon 1600,"23239-51-2, 26652-09-5 [ritodrine]",Cl.OC2(=CC=C(C(O)C(NCCC1(=CC=C(O)C=C1))C)C=C2),323.81422,323.81422,M00969A,B013,RITODRINE HYDROCHLORIDE,ritodrine,"muscle relaxant (smooth), synthetic; DU-21220"
YU227082,1,Microsource,1502282,Pharmakon 1600,61825-94-3,[Pt]1(OC(=O)C(O1)=O).NC2(C(N)CCCC2),397.28584,397.28584,M00969A,B014,OXALIPLATIN,ELOXATIN,"antineoplastic, synthetic; SR-96669, RP-54780"
YU225023,2,Microsource,1501151,Pharmakon 1600,66357-59-3; 66357-35-5,Cl.S(CC=1(OC(CN(C)C)=CC=1))CCNC(NC)=C[N+](=O)[O-],350.86558,350.86558,M00969A,B015,RANITIDINE HYDROCHLORIDE,ZANTAC,"H2 antihistamine, synthetic"
YU227083,1,Microsource,1503743,Pharmakon 1600,145-94-8,ClC1(=C2(C(=C(O)C=C1)CCC2)),168.61986,168.61986,M00969A,B016,CHLORINDANOL,clorindanol,"antiseptic, spermaticide, synthetic; NSC-158567"
YU034208,2,Microsource,1501154,Pharmakon 1600,7681-76-7,O=[N+]([O-])C=1(N(C(COC(=O)N)=NC=1)C),200.15228,200.15228,M00969A,B017,RONIDAZOLE,ronidazole,"antiprotozoal, synthetic"
YU034558,2,Microsource,1503419,Pharmakon 1600,"3200-06-4, 31329-57-4 [nafronyl]",O=C(O)C(=O)O.O=C(OCCN(CC)CC)C(CC=1(C=2(C(C=CC=1)=CC=CC=2)))CC3(OCCC3),473.55864,473.55864,M00969A,B018,NAFRONYL OXALATE,naftidrofuryl,"vasodilator, synthetic; EU-1806, LS-121"
YU227029,1,Microsource,1501185,Pharmakon 1600,"68797-31-9, 27220-47-9 [econazole]",ClC1(=C(C=CC(=C1)Cl)C(OCC2(=CC=C(Cl)C=C2))CN3(C=NC=C3)).O=[N+](O)[O-],444.69556,444.69556,M00969A,B019,ECONAZOLE NITRATE,SPECTAZOLE,"antifungal,  synthetic; SQ-13050, R-14827"
YU227084,1,Microsource,1502356,Pharmakon 1600,141505-33-1,O=C2(NN=C(C1(=CC=C(NN=C(C#N)C#N)C=C1))C(C2)C),280.28492,280.28492,M00969A,B020,LEVOSIMENDAN,levosimendan,"vasodilator, synthetic; OR-1254"
YU227030,1,Microsource,1500164,Pharmakon 1600,"27164-46-1, 25953-19-9 [cefazolin]",S1(C3(N(C(C(=O)[O-])=C(C1)CSC=2(SC(C)=NN=2))C(=O)C3NC(=O)CN4(N=NN=C4))).[Na+],476.49231,476.49231,M00969A,B021,CEFAZOLIN SODIUM,ANCEF,"antibacterial, semisynthetic"
YU039605,4,Microsource,1504827,Pharmakon 1600,90357-06-5,S(=O)(=O)(C1(=CC=C(F)C=C1))CC(O)(C(=O)NC2(=CC(=C(C#N)C=C2)C(F)(F)F))C,430.3744528,430.37445,M00969A,B022,BICALUTAMIDE,bicalutamide,"antineoplastic, synthetic; ICI-176334"
YU221042,2,Microsource,1505753,Pharmakon 1600,596-51-0,[Br-].O=C(OC1(C[N+](C)(C)CC1))C(O)(C2(=CC=CC=C2))C3(CCCC3),398.33456,398.33456,M00969A,C003,GLYCOPYRROLATE,ROBINUL,"anticholinergic, synthetic; AHR-504"
YU220933,2,Microsource,1505604,Pharmakon 1600,61718-82-9,FC(F)(F)C1(=CC=C(C(=NOCCN)CCCCOC)C=C1).O=C(O)C=CC(=O)O,434.40689,434.4068896,M00969A,C004,FLUVOXAMINE MALEATE,LUVOX,"antiobsessional agent, synthetic; DU-23000"
YU226914,1,Microsource,1505756,Pharmakon 1600,84625-61-6,ClC1(=C(C=CC(=C1)Cl)C6(OC(COC5(=CC=C(N4(CCN(C3(=CC=C(N2(C(=O)N(C(CC)C)N=C2))C=C3))CC4))C=C5))CO6)(CN7(N=CN=C7))),705.63314,705.63314,M00969A,C005,ITRACONAZOLE,SPORANOX,"antifungal, synthetic; R-51211"
YU226971,1,Microsource,1505902,Pharmakon 1600,117704-25-3,O=C6(OC3(CC2(OC(C1(CCCCC1))C(C)C=C2)(OC(C3)CC=C(C(OC5(OC(C(OC4(OC(C(O)C(C4)OC)C))C(C5)OC)C))C(C=CC=C8(C7(C6C=C(C(O)C7OC8)C)(O)))C)C))),899.11416,899.11416,M00969A,C006,DORAMECTIN,DECTOMAX,"endoparasitic, Streptomyces avermitilis; UK-67994"
YU226915,1,Microsource,1505760,Pharmakon 1600,118-60-5,O=C(OCC(CCCC)CC)C1(=C(O)C=CC=C1),250.33338,250.33338,M00969A,C007,OCTISALATE,UVINUL,"sunscreen, synthetic"
YU226972,1,Microsource,1502330,Pharmakon 1600,152-43-2,O(C4(=CC3(=C(C2(C(C1(C(C(O)(C#C)CC1)(C)CC2))CC3))C=C4)))C5(CCCC5),364.52038,364.52038,M00969A,C008,QUINESTROL,quinestrol,"estrogen, semisynthetic; W-3566"
YU226916,1,Microsource,1505763,Pharmakon 1600,130-40-5,P(=O)(OCC(O)C(O)C(O)CN2(C1(=NC(=O)NC(C1=NC3(=C2C=C(C)C(=C3)C))=O)))(O)[O-].[Na+],478.32579,478.325791,M00969A,C009,RIBOFLAVIN 5-PHOSPHATE SODIUM,,"vitamin, enzyme cofactor, wdiespread in plants and animals"
YU226973,1,Microsource,1506001,Pharmakon 1600,74431-23-5,S(C1(=C(N2(C(=O)C(C2(C1))C(O)C))C(=O)O))CCNC=N.O,317.36248,317.36248,M00969A,C010,IMIPENEM,IMIPEM,"antibacterial, synthetic"
YU225237,2,Microsource,1504915,Pharmakon 1600,93479-97-1,S(=O)(=O)(NC(=O)NC1(CCC(C)CC1))C3(=CC=C(CCNC(=O)N2(C(=O)C(CC)=C(C2)C))C=C3),490.61672,490.61672,M00969A,C011,GLIMEPIRIDE,AMARYL,"hypoglycemic, antidiabetic, synthetic; HOE-490"
YU226974,1,Microsource,1505706,Pharmakon 1600,12650-69-0,O=C(OCCCCCCCCC(=O)O)C=C(CC2(OCC(CC1(OC1C(C(O)C)C))C(C2O)O))C,500.62216,500.62216,M00969A,C012,MUPIROCIN,mupirocin,"antibacterial, antimycoplasmal, isoleucyl-tRNA synthetase inhibitor, Pseudomonas fluorescens; BRL-4910A"
YU226917,1,Microsource,1505782,Pharmakon 1600,72558-82-8,S1(C3(N(C(C(=O)[O-])=C(C1)C[N+]2(=CC=CC=C2))C(=O)C3NC(=O)C(=NOC(C(=O)O)(C)C)C=4(N=C(N)SC=4))),546.57832,546.57832,M00969A,C013,CEFTAZIDIME,TAZIDIME,"antibacterial, semisynthetic"
YU039670,4,Microsource,1502334,Pharmakon 1600,93793-83-0,Cl.O=C(NCCCOC1(=CC(=CC=C1)CN2(CCCCC2)))COC(=O)C,384.89734,384.89734,M00969A,C014,ROXATIDINE ACETATE HYDROCHLORIDE,ROXIT,"antiulcer, synthetic; HOE-760"
YU226918,1,Microsource,1505805,Pharmakon 1600,60142-96-3,O=C(O)CC1(C(CCCC1)CN),171.23682,171.23682,M00969A,C015,GABAPENTIN,NEURONTIN,"anticonvulsant, synthetic; CI-945; GOE-3450"
YU226975,1,Microsource,1502336,Pharmakon 1600,112665-43-7,O=C1(C(=C(C(=O)C(=C1C)C)C)C(C2(=CC=CC=C2))CCCCCC(=O)O),354.43944,354.43944,M00969A,C016,SERATRODAST,seratrodast,"Thx-antagonist, antiasthmatic, antiinflammatory, synthetic; AA-2414, A-73001"
YU226919,1,Microsource,1505819,Pharmakon 1600,"177834-92-3, 143322-58-1(base)",[BrH].S(=O)(=O)(C1(=CC=CC=C1))CCC3(=CC=2(NC=C(C=2C=C3)CC4(N(CCC4)C))),463.43206,463.43206,M00969A,C017,ELETRIPTAN HYDROBROMIDE,RELPAX,"5-HT agonist, anti-migrane, synthetic; UK-116044-04"
YU226976,1,Microsource,1502031,Pharmakon 1600,"66309-69-1, 61622-34-2 [cefotiam]",S1(C2(N(C(C(=O)[O-])=C(C1)COC(=O)N)C(=O)C2(OC)NC(=O)CC=3(SC=CC=3))).[Na+],449.43603,449.43603,M00969A,C018,CEFOXITIN SODIUM,MEFOXIN,"antibacterial, semisynthetic"
YU040326,4,Microsource,1505851,Pharmakon 1600,129722-12-9,ClC1(=C(Cl)C=CC=C1N4(CCN(CCCCOC3(=CC=2(NC(=O)CCC=2C=C3)))CC4)),448.3849,448.3849,M00969A,C019,ARIPIPRAZOLE,aripiprazole,"antipsychotic, 5HT2A antagonist, synthetic; OPC-14597, OPC-31"
YU226977,1,Microsource,1502338,Pharmakon 1600,110871-86-8,FC2(=C(N1(CC(NC(C1)C)C))C(F)=C(N)C3(=C2N(C=C(C(=O)O)C3=O)C4(CC4))),392.3999464,392.3999464,M00969A,C020,SPARFLOXACIN,sparfloxacin,"antibacterial, synthetic; CI-978, AT-4140"
YU040238,4,Microsource,1505906,Pharmakon 1600,111406-87-2,S2(C1(=C(C=CC=C1)C=C2C(N(O)C(=O)N)C)),236.29126,236.29126,M00969A,C021,ZILEUTON,zileuton,"5-lipoxygenase inhibitor, synthetic; Abbott-64077"
YU221245,2,Microsource,1502032,Pharmakon 1600,"129-46-4, 145-63-1 [suramin]",S(=O)(=O)([O-])C=8(C7(=C(NC(=O)C6(=CC(NC(=O)C5(=CC(NC(=O)NC4(=CC(C(=O)NC1(=C(C=CC(=C1)C(=O)NC=3(C2(=C(S(=O)(=O)[O-])C=C(S(=O)(=O)[O-])C=C2C(S(=O)(=O)[O-])=CC=3)))C))=CC=C4))=CC=C5))=C(C)C=C6))C=CC(=C7C=C(C=8)S(=O)(=O)[O-])S(=O)(=O)[O-])).[Na+].[Na+].[Na+].[Na+].[Na+].[Na+],1429.17692,1429.17692,M00969A,C022,SURAMIN HEXASODIUM,suramin sodium,"antiprotozoal, trypanocidal, antiviral, synthetic; Bayer-205, 309F, CI1003"
YU040022,3,Microsource,1505682,Pharmakon 1600,89778-27-8,ClCCC(C1(=CC=CC=C1))=C(C2(=CC=C(OCCN(C)C)C=C2))C3(=CC=CC=C3).O=C(O)C(O)(CC(=O)O)CC(=O)O,598.08288,598.08288,M00969A,D003,TOREMIPHENE CITRATE,toremifene,"antineoplastic, anti-estrogen, synthetic; FC-1157a"
YU227085,1,Microsource,1505434,Pharmakon 1600,151-67-7,[Br]C(Cl)C(F)(F)F,197.3812496,197.3812496,M00969A,D004,HALOTHANE,halothane,"anesthetic, synthesis"
YU227031,1,Microsource,1506178,Pharmakon 1600,339-72-0,O=C1(NOCC1N),102.09202,102.09202,M00969A,D005,LEVCYCLOSERINE,levcycloserine,"enzyme inhibitor, Gaucher""s disease therapy, synthetic"
YU227086,1,Microsource,1504566,Pharmakon 1600,13647-35-3,O4(C35(C(C2(C(C1(C(C(O)CC1)(C)CC2))CC3))(CC(=C(C45)O)C#N)C)),329.43332,329.43332,M00969A,D006,TRILOSTANE,trilostane,"adrenocortical suppressant, antineoplastic, steroid biosynthesis inhibitor, semisynthetic; WIN-24540"
YU227032,1,Microsource,1300038,Pharmakon 1600,502-85-2,[Na+].O=C([O-])CCCO,126.08635,126.08635,M00969A,D007,SODIUM OXYBATE,XYREM,"anesthetic, synthetic; WY-3478, NSC-84223"
YU227087,1,Microsource,1504237,Pharmakon 1600,123-31-9,OC1(=CC=C(O)C=C1),110.11064,110.11064,M00969A,D008,HYDROQUINONE,SOLAQUIN FORTE,"depigmentor, antioxidant, synthetic"
YU034429,2,Microsource,1503339,Pharmakon 1600,122-16-7,S(=O)(=O)(NC1(=CC=C([N+](=O)[O-])C=C1))C2(=CC=C(NC(=O)C)C=C2),335.33624,335.33624,M00969A,D009,SULFANITRAN,sulfanitran,"antibacterial, coccidiostat, synthetic; NSC-77120"
YU227088,1,Microsource,200046,Pharmakon 1600,126-07-8,ClC1(=C(OC)C=C(OC)C3(=C1OC2(C(OC)=CC(=O)CC2C)(C3=O))),352.76598,352.76598,M00969A,D010,GRISEOFULVIN,FULVICIN,"antifungal, inhibits mitosis in metaphase, Penicillium griseofulvum"
YU227033,1,Microsource,1505707,Pharmakon 1600,61036-62-2,ClC4(=C5(OC2(=C(OC1(OC(C(O)C(C1NC(=O)CCC=CCCCCC)O)CO))C=3(OC%14(=C(Cl)C=C(CC%11(NC(=O)C(N)C=%13(C=CC(=C(OC=%12(C=C(C(C(NC(C(=C2)C=3)C(=O)NC9(C(NC(C(C(=C4)C=C5)OC6(OC(C(O)C(C6NC(=O)C)O)CO))C(=O)NC(C8(=C(C(OC7(OC(C(O)C(C7O)O)CO))=CC(=C8)O)C=%10(C=C9C=CC=%10O)))C(=O)O)=O))=O)NC%11(=O))C=C(O)C=%12))C=%13)O)))C=C%14))))),1877.64216,1877.64216,M00969A,D011,TEICOPLANIN [A(2-1) shown],TARGOCID,"antibacterial, Actinoplanes teichomyceticus; MDL-507"
YU224970,2,Microsource,2300270,Pharmakon 1600,"85371-64-8, 60560-33-0 [anhydrous]",N#CN=C(NC1(=CC=NC=C1))NC(C(C)(C)C)C,245.32366,245.32366,M00969A,D012,PINACIDIL,PINDAC,"K channel agonist, antihypertensive, synthetic"
YU227034,1,Microsource,1506066,Pharmakon 1600,581-88-4,S(=O)(=O)(O)O.N=C(N2(CC1(=C(C=CC=C1)CC2)))N,273.30992,273.30992,M00969A,D013,DEBRISOQUIN SULFATE,debrisoquine,"anti-hypertensive, synthetic; RO-5-3307/1"
YU222221,3,Microsource,2300307,Pharmakon 1600,"152-11-4, 52-53-9 [verapamil]",Cl.O(C1(=C(OC)C=CC(=C1)C(C#N)(C(C)C)CCCN(CCC2(=CC(OC)=C(OC)C=C2))C))C,491.06234,491.06234,M00969A,D014,VERAPAMIL HYDROCHLORIDE,verapamil,"adrenegic blocker, Ca channel blocker, coronary vasodilator, antiarrhythmic, synthetic; D-365, CP-16533-1"
YU227035,1,Microsource,1505415,Pharmakon 1600,4663-83-6,O=C(OCCO)NCC1(=CC=CC=C1),195.21516,195.21516,M00969A,D015,BURAMATE,buramate,"anticonvulsant, antipsychotic, synthetic; AC-601, NSC-30223"
YU225320,2,Microsource,1503084,Pharmakon 1600,60719-84-8,O=C2(NC=C(C1(=CC=NC=C1))C=C2N),187.19808,187.19808,M00969A,D016,INAMRINONE,amrinone,"cardiac stimulant, synthetic; WIN-40680, AMRINONE"
YU039460,4,Microsource,1500373,Pharmakon 1600,"10347-81-6, 10262-69-8 (maprotiline)",Cl.N(CCCC24(C1(=C(C=CC=C1)C(C3(=C2C=CC=C3))CC4)))C,313.864,313.864,M00969A,D017,MAPROTILINE HYDROCHLORIDE,maprotiline,"antidepressant, synthetic; Ba-34276"
YU033674,2,Microsource,1500101,Pharmakon 1600,103-90-2,O=C(NC1(=CC=C(O)C=C1))C,151.1626,151.1626,M00969A,D018,ACETAMINOPHEN,paracetamol,"analgesic, antipyretic, synthetic"
YU227036,1,Microsource,1500376,Pharmakon 1600,"31884-77-2, 1104-22-9 [anhydrous], 569-65-3 [meclizine]",ClC4(=CC=C(C(N2(CCN(CC1(=CC(=CC=C1)C))CC2))C3(=CC=CC=C3))C=C4).Cl.Cl,463.86934,463.86934,M00969A,D019,MECLIZINE HYDROCHLORIDE,meclozine,"antiemetic, synthetic"
YU033636,3,Microsource,1500130,Pharmakon 1600,50-78-2,O=C(O)C1(=C(OC(=O)C)C=CC=C1),180.15742,180.15742,M00969A,D020,ASPIRIN,ACYLPIRIN,"analgesic, antipyretic, antiinflammatory, synthetic"
YU227037,1,Microsource,1500388,Pharmakon 1600,72-33-3,O(C4(=CC3(=C(C2(C(C1(C(C(O)(C#C)CC1)(C)CC2))CC3))C=C4)))C,310.42994,310.42994,M00969A,D021,MESTRANOL,mestranol,"estrogen, with progesterone as oral contraceptive, semisynthetic; EE3-ME, 33355"
YU033735,2,Microsource,1500178,Pharmakon 1600,59-50-7,ClC1(=C(C=C(O)C=C1)C),142.58258,142.58258,M00969A,D022,CHLOROCRESOL,,"antiinfectant, synthetic"
YU225325,2,Microsource,1503115,Pharmakon 1600,42971-09-5,O=C(OCC)C=3(N2(C1(=C(C=CC=C1)C5(=C2C4(N(CCCC4(C=3)(CC))CC5))))),350.45412,350.45412,M00969A,E003,VINPOCETINE,,"cerebral vasodilator, antimotion, vincamine Vinca minor; AY-27255"
YU039595,3,Microsource,1502346,Pharmakon 1600,137234-62-9,FC1(=C(N=CN=C1)C(C(O)(C2(=C(F)C=C(F)C=C2))CN3(N=CN=C3))C),349.3106696,349.31067,M00969A,E004,VORICONAZOLE,voriconazole,"antifungal, synthetic; UK-109496"
YU226920,1,Microsource,1505943,Pharmakon 1600,117976-90-6,S(=O)(C1(=NC=2(C=CC=CC=2([N-]1))))CC3(=NC=CC(=C3C)OCCCOC).[Na+],381.42559,381.42559,M00969A,E005,RABEPRAZOLE SODIUM,rabeprazole,"gastric acid secretion inhibitor, synthetic; LY-307640, E-3810"
YU226978,1,Microsource,1503839,Pharmakon 1600,134678-17-4,S1(C(OC(C1)N2(C(=O)N=C(N)C=C2))CO),229.25736,229.25736,M00969A,E006,LAMIVUDINE,lamivudine,"antiviral, synthetic; GR-109714X"
YU226921,1,Microsource,1505944,Pharmakon 1600,115436-72-1,P(=O)(O)(O)C(P(=O)(O)[O-])(O)CC1(=CN=CC=C1).[Na+],305.094132,305.094132,M00969A,E007,RISEDRONATE SODIUM,risedronic acid,"calcium regulator, synthetic; NE-58095"
YU226979,1,Microsource,1502033,Pharmakon 1600,56238-63-2,S1(C2(N(C(C(=O)[O-])=C(C1)COC(=O)N)C(=O)C2NC(=O)C(=NOC)C=3(OC=CC=3))).[Na+],446.36823,446.36823,M00969A,E008,CEFUROXIME SODIUM,ZINACEF,"antibacterial, semisynthetic"
YU226922,1,Microsource,1500294,Pharmakon 1600,470-82-6,O1(C2(CCC(C1(C)C)CC2)(C)),154.24932,154.24932,M00969A,E009,EUCALYPTOL,,"anthelminthic, antiseptic, expectorant, eucalyptus and lavender oils"
YU226980,1,Microsource,1502350,Pharmakon 1600,54-42-2,IC=1(C(=O)NC(=O)N(C=1)C2(OC(CO)C(C2)O)),354.09859,354.09859,M00969A,E010,IDOXURIDINE,idoxuridine,"antiviral, synthetic; Allergan-211, SK&F-14287"
YU155274,2,Microsource,1505955,Pharmakon 1600,1264-72-8,S(=O)(=O)(O)O.S(=O)(=O)(O)O.O=C1(NC(C(=O)NC(C(=O)NC(C(=O)NC(C(O)C)C(NCCC(C(NC(C(NC1C(CC)C)=O)CCN)=O)NC(=O)C(NC(=O)C(NC(=O)C(NC(=O)CCCCC(C)C)CCN)C(O)C)CCN)=O)CCN)CCN)C(CC)C),1351.59352,1351.59352,M00969A,E011,COLISTIN SULFATE,BELCOMYCINE,"antibacterial, Bacillus polymyxa colistinus; polymyxin E"
YU226981,1,Microsource,1502037,Pharmakon 1600,"98079-52-8, 98079-51-7 (lomefloxacin)",Cl.FC2(=C(N1(CC(NCC1)C))C(F)=CC3(=C2N(C=C(C(=O)O)C3=O)CC)),387.8086264,387.8086264,M00969A,E012,LOMEFLOXACIN HYDROCHLORIDE,lomefloxacin,"antibacterial, synthetic; NY-198, SC-47111A"
YU226923,1,Microsource,1503871,Pharmakon 1600,157283-68-6,FC(F)(F)C2(=CC(OCC(O)C=CC1(C(O)CC(C1CC=CCCCC(=O)OC(C)C)O))=CC=C2),500.5477096,500.5477096,M00969A,E013,TRAVOPROST,travoprost,"antiglaucoma, PG-FP agonist, synthetic; AL-6221"
YU225233,2,Microsource,1502362,Pharmakon 1600,82410-32-0,O=C1(NC(=NC2(=C1N=CN2COC(CO)CO))N),255.23082,255.23082,M00969A,E014,GANCICLOVIR,CYTOVENE,"antiviral, synthetic; BW-759U, RS-21592"
YU226924,1,Microsource,1505991,Pharmakon 1600,541-22-0,[Br-].[Br-].[N+](CCCCCCCCCC[N+](C)(C)C)(C)(C)C,418.2944,418.2944,M00969A,E015,DECAMETHONIUM BROMIDE,decamethonium bromide,"neuromuscular blocker, synthetic"
YU226982,1,Microsource,1502038,Pharmakon 1600,34444-01-4,S1(C3(N(C(C(=O)[O-])=C(C1)CSC2(=NN=NN2C))C(=O)C3NC(=O)C(O)C4(=CC=CC=C4))).[Na+],484.48679,484.48679,M00969A,E016,CEFAMANDOLE SODIUM,,"antibacterial, semisynthetic; cmpd 83405, CMT"
YU039738,4,Microsource,1505971,Pharmakon 1600,117976-90-6,[Br]C1(=C(O)C([Br])=CC(=C1)C(=O)C=3(C2(=C(C=CC=C2)OC=3CC))),424.08338,424.08338,M00969A,E017,BENZBROMARONE,benzbromarone,"uricosuric, synthetic; MJ-10061, L-2214"
YU226983,1,Microsource,1502365,Pharmakon 1600,107007-99-8,Cl.O=C(NC1(CC2(N(C)C(C1)CCC2)))C3(=NN(C)C4(=C3C=CC=C4)),348.87016,348.87016,M00969A,E018,GRANISETRON HYDROCHLORIDE,KYTRIL,"antiemetic, synthetic; BRL-43694A"
YU226925,1,Microsource,1505972,Pharmakon 1600,10457-90-6,[Br]C3(=CC=C(C2(O)(CCN(CCCC(=O)C1(=CC=C(F)C=C1))CC2))C=C3),420.3152632,420.3152632,M00969A,E019,BROMPERIDOL,bromperidol,"antipsychotic, synthetic; R-11333"
YU225219,2,Microsource,1502358,Pharmakon 1600,69975-86-6,O=C2(N(C(=O)C=3(N(CC1(OCCO1))C=NC=3(N2C)))C),266.25342,266.25342,M00969A,E020,DOXOFYLLINE,doxofylline,"bronchdilator, synthetic; ABC-12/3"
YU226926,1,Microsource,1300027,Pharmakon 1600,70288-86-7,O=C5(OC2(CC1(OC(C(C)CC1)C(CC)C)(OC(C2)CC=C(C(OC4(OC(C(OC3(OC(C(O)C(C3)OC)C))C(C4)OC)C))C(C=CC=C7(C6(C5C=C(C(O)C6OC7)C)(O)))C)C))),875.09276,875.09276,M00969A,E021,IVERMECTIN,STROMECTOL,"antiparasitic, semisynthetic"
YU226984,1,Microsource,1502411,Pharmakon 1600,152-72-7,O=[N+]([O-])C3(=CC=C(C(C=1(C(=O)OC=2(C=CC=CC=2(C=1O))))CC(=O)C)C=C3),353.32554,353.32554,M00969A,E022,ACENOCOUMAROL,SINTROM,"anticoagulant, synthetic"
YU227038,1,Microsource,1500391,Pharmakon 1600,"62-51-1, 55-92-5 [methacholine]",[Cl-].O=C(OC(C[N+](C)(C)C)C)C,195.68676,195.68676,M00969A,F003,METHACHOLINE CHLORIDE,methacholine chloride,"cholinergic, diagnostic aid, synthetic"
YU227089,1,Microsource,1500189,Pharmakon 1600,41621-49-2,O=C1(N(O)C(=CC(=C1)C)C2(CCCCC2)).OCCN,268.35204,268.35204,M00969A,F004,CICLOPIROX OLAMINE,ciclopirox,"antifungal, synthetic; HOE-296"
YU227039,1,Microsource,1500410,Pharmakon 1600,"54143-57-6, 7232-21-5 [anhydrous], 364-62-5 [metoclopramide]",ClC1(=C(N)C=C(OC)C(=C1)C(=O)NCCN(CC)CC).Cl,336.25684,336.25684,M00969A,F005,METOCLOPRAMIDE HYDROCHLORIDE,metoclopramide,"antiemetic, synthetic; AHR-3070C"
YU033761,2,Microsource,1500209,Pharmakon 1600,1319-77-3,OC1(=CC=C(C)C=C1),108.13782,108.13782,M00969A,F006,CRESOL,,"antiinfectant, coal tar"
YU227040,1,Microsource,1500411,Pharmakon 1600,"56392-17-7, 37350-58-6 [metroprolol]",O=C(O)C(O)C(O)C(=O)O.O(C1(=CC=C(CCOC)C=C1))CC(O)CNC(C)C,417.45078,417.45078,M00969A,F007,METOPROLOL TARTRATE,metoprolol,"antihypertensive, antianginal, synthetic; CGP-2175E"
YU227090,1,Microsource,1500260,Pharmakon 1600,13463-41-7,[Zn](ON=1(C(=S)CC=CC=1))ON2(C(=S)C=CC=C2),318.71274,318.71274,M00969A,F008,PYRITHIONE ZINC,ZINC OMADINE,"antibacterial, antifungal, antiseborrheic, synthetic"
YU039667,3,Microsource,1506035,Pharmakon 1600,135062-02-1,O=C(O)C3(=C(OCC)C=C(CC(=O)NC(C2(=C(N1(CCCCC1))C=CC=C2))CC(C)C)C=C3),452.58582,452.58582,M00969A,F009,REPAGLINIDE,repaglinide,"antidiabetic, synthetic; AG-EE-623-ZW"
YU227091,1,Microsource,2300259,Pharmakon 1600,65-31-6,O=C(O)C(O)C(O)C(=O)O.O=C(O)C(O)C(O)C(=O)O.N1(=CC(=CC=C1)C2(N(CCC2)C)),462.40532,462.40532,M00969A,F010,NICOTINE BITARTRATE,NICORETTE,"nicotinyl acetylchloline receptor agonist, ectoparasiticide, Nicotiana tabacum"
YU227041,1,Microsource,1505263,Pharmakon 1600,81403-80-7,O=C(NCCCN(C=1(N=C(N)C2(=CC(OC)=C(C=C2(N=1))OC)))C)C3(OCCC3),389.44898,389.44898,M00969A,F011,ALFUZOSIN HYDROCHLORIDE,alfuzosin,DB00346
YU033895,2,Microsource,1500394,Pharmakon 1600,100-97-0,N12(CN3(CN(C1)CN(C2)C3)),140.18644,140.18644,M00969A,F012,METHENAMINE,methenamine,"antibacterial (urinary), synthetic"
YU221450,4,Microsource,1500218,Pharmakon 1600,4342-03-04 00:00:00,O=C(N)C=1(N=CNC=1N=NN(C)C),182.18344,182.18344,M00969A,F013,DACARBAZINE,DTIC-DOME,"antineoplastic, synthetic"
YU033956,2,Microsource,1500480,Pharmakon 1600,77-09-8,O=C3(OC(C1(=CC=C(O)C=C1))(C2(=CC=C(O)C=C2))C4(=C3C=CC=C4)),318.32276,318.32276,M00969A,F014,PHENOLPHTHALEIN,phenolphthalein,"cathartic, laxative, synthetic"
YU227042,1,Microsource,1300018,Pharmakon 1600,56-85-9,O=C(O)C(N)CCC(=O)N,146.14458,146.14458,M00969A,F015,GLUTAMINE (L),glutamine,"dietary supplement, beetroot; widely distributed in plants"
YU227092,1,Microsource,1301014,Pharmakon 1600,108-02-1,SCCN(C)C,105.20288,105.20288,M00969A,F016,CAPTAMINE,captamine,"depigmentor, synthetic; NSC-45463"
YU227043,1,Microsource,1500343,Pharmakon 1600,"630-56-8, 68-96-2 [hydroxyprogesterone]",O=C4(C=C3(C(C2(C(C1(C(C(OC(=O)CCCCC)(C(=O)C)CC1)(C)CC2))CC3))(C)CC4)),428.6041,428.6041,M00969A,F017,HYDROXYPROGESTERONE CAPROATE,hydroxyprogesterone caproate,"progestogen, semisynthetic; NSC-17592"
YU227093,1,Microsource,1500490,Pharmakon 1600,"110-85-0, 144-29-6 [anhydrous], 41372-10-5 [piperazine citrate]",N1(CCNCC1),86.13568,86.13568,M00969A,F018,PIPERAZINE,,"anthelmintic, synthetic"
YU227044,1,Microsource,1500387,Pharmakon 1600,"6112-76-1, 50-44-2 [anhydrous]",S=C1(NC=NC2(=C1NC=N2)),152.17822,152.17822,M00969A,F019,MERCAPTOPURINE,PURINETHOL,"antineoplastic, purine antimetabolite, synthetic"
YU227094,1,Microsource,1500515,Pharmakon 1600,51-52-5,S=C1(NC(=O)C=C(N1)CCC),170.23318,170.23318,M00969A,F020,PROPYLTHIOURACIL,PROPACIL,"antihyperthyroid, synthetic"
YU006439,3,Microsource,1502198,Pharmakon 1600,117-37-3,O=C2(C1(=C(C=CC=C1)C(C2C3(=CC=C(OC)C=C3))=O)),252.26468,252.26468,M00969A,F021,ANISINDIONE,anisindione,"anticoagulant, synthetic"
YU033991,2,Microsource,1500527,Pharmakon 1600,108-46-3,OC1(=CC(O)=CC=C1),110.11064,110.11064,M00969A,F022,RESORCINOL,,"keratolytic, antiseborheic, coal tar"
YU226927,1,Microsource,1502302,Pharmakon 1600,70374-39-9,ClC=2(SC=3(C(O)=C(C(=O)NC1(=NC=CC=C1))N(S(C=3(C=2))(=O)=O)C)),371.82102,371.82102,M00969A,G003,LORNOXICAM,XEFO,"analgesic, antiinflammatory, synthetic; RO-13-9297"
YU225129,2,Microsource,1505371,Pharmakon 1600,83881-52-1,ClC3(=CC=C(C(N1(CCN(CCOCC(=O)O)CC1))C2(=CC=CC=C2))C=C3).Cl.Cl,461.80886,461.80886,M00969A,G004,CETIRIZINE HYDROCHLORIDE,cetirizine,"H1 antihistamine, synthetic"
YU226928,1,Microsource,1505124,Pharmakon 1600,58001-44-8(acid),O=C2(N1(C(C(=CCO)OC1C2)C(=O)O)).[Li],206.1018,206.1018,M00969A,G005,CLAVULANATE LITHIUM,,"beta-lactamase inhibitor; antibiotic, Strptomyces clavuligerus; BRL-14151"
YU226985,1,Microsource,1505398,Pharmakon 1600,60-12-8,OCCC1(=CC=CC=C1),122.1644,122.1644,M00969A,G006,PHENYLETHYL ALCOHOL,,"antimicrobial, synthetic"
YU221362,10,Microsource,1502016,Pharmakon 1600,302-79-4,O=C(O)C=C(C=CC=C(C=CC1(=C(CCCC1(C)C)C))C)C,300.43512,300.43512,M00969A,G007,TRETINOIN,tretinoin,"keratolytic, antiacne, antineoplastic, semisynthetic; UNII-5688UTCO1R"
YU226986,1,Microsource,1505534,Pharmakon 1600,7081-53-0,Cl.O=C1(N(CC(C1C(C2(=CC=CC=C2))C3(=CC=CC=C3))CCN4(CCOCC4))CC),428.9945,428.9945,M00969A,G008,DOXAPRAM HYDROCHLORIDE,DOPRAM,"respiratory stimulant, synthetic; AHR-619"
YU226929,1,Microsource,1502340,Pharmakon 1600,68373-14-8,S1(=O)(=O)(C(C(C(=O)O)N2(C1CC2=O))(C)C),233.24268,233.24268,M00969A,G009,SULBACTAM,BETAMAZE,"b-lactamase inhibitor, semisynthetic; CP-45899"
YU226987,1,Microsource,1502373,Pharmakon 1600,76168-82-6,ClC1(=C(O)C=CC(=C1)C3(NC(=O)C(NC(=O)C(NC(=O)CNC(=O)C(NC(=O)C(NC(=O)C(NC(=O)C(NC(=O)C(CC2(=CC=CC=C2))NC(C(NC(C(NC(C(NC(C(NC(C(NC(C(NC(C(C(OC3=O)C(=O)N)NC(=O)C(NC(=O)C=CC=CCC(C)C)CC(=O)N)=O)C4(=CC=C(O)C=C4))=O)CCCN)=O)C(O)C)=O)C5(=CC=C(O)C=C5))=O)C6(=CC=C(O)C=C6))=O)C(O)C)=O)CCCN)C9(=CC=C(OC7(OC(C(O)C(C7OC8(OC(C(O)C(C8O)O)CO))O)CO))C=C9))C(O)C)C%10(=CC=C(O)C=C%10))CC(C)C)C)),2554.0663,2554.0663,M00969A,G010,RAMOPLANIN [A2 shown; 2mM],,"antibacterial, Actinoplanes spp; MDL-62198"
YU226930,1,Microsource,1506202,Pharmakon 1600,52003-58-4,O=C([O-])C(O)C.[NH4+],107.1085,107.1085,M00969A,G011,AMMONIUM LACTATE,,"antipruritic, synthetic; BMS-186091"
YU226988,1,Microsource,1501118,Pharmakon 1600,"73816-42-9, 2013-58-3 [meclocycline]",ClC4(=C1(C(C(=O)C2(=C(O)C3(O)(C(=O)C(C(=O)N)=C(C(C3(C(C2(C1=C))O))N(C)C)O)))=C(O)C=C4)).S(=O)(=O)(O)C5(=CC(=C(O)C=C5)C(=O)O),695.04846,695.04846,M00969A,G012,MECLOCYCLINE SULFOSALICYLATE,MECLAN,"antibacterial, semisynthetic; GS-2989, NSC-78502"
YU226931,1,Microsource,1503267,Pharmakon 1600,"32795-47-4, 24526-64-5 [nomifensine]",O=C(O)C=CC(=O)O.N2(CC1(=C(N)C=CC=C1C(C2)C3(=CC=CC=C3)))(C),354.39976,354.39976,M00969A,G013,NOMIFENSINE MALEATE,MERITAL,"antidepressant, dopamine uptake inhibitor, synthetic; HOE-984"
YU226989,1,Microsource,1505691,Pharmakon 1600,26864-56-2,ClC4(=C(C=C(C3(O)(CCN(CCCC(C1(=CC=C(F)C=C1))C2(=CC=C(F)C=C2))CC3))C=C4)C(F)(F)F),523.964836,523.964836,M00969A,G014,PENFLURIDOL,penfluridol,"antipsychotic, synthetic; McN-JR-16341, R-16341"
YU226932,1,Microsource,1502501,Pharmakon 1600,99614-02-5,O=C1(C(CCC3(C1C2(=C(C=CC=C2)N3C)))CN4(=C(NC=C4)C)),296.3869,296.3869,M00969A,G015,ONDANSETRON,ZOFRAN,"antiallergic, antiemetic, anti-schizophrenic, synthetic; GR-38032"
YU226990,1,Microsource,1500665,Pharmakon 1600,"34381-68-5, 37517-30-9 [acebutolol]",Cl.O=C(NC1(=CC(=C(OCC(O)CNC(C)C)C=C1)C(=O)C))CCC,372.88664,372.88664,M00969A,G016,ACEBUTOLOL HYDROCHLORIDE,acebutolol,"antihypertensive, antianginal, antiarrhythmic, synthetic"
YU226933,1,Microsource,1500216,Pharmakon 1600,427-51-0,ClC=2(C1(=CC(=O)C5(C(C1(C3(CCC4(C(C3(C=2))CCC4(OC(=O)C)C(=O)C)(C)))C)C5))),416.93736,416.93736,M00969A,G017,CYPROTERONE ACETATE,ANDROCUR,"antiandrogen, synthetic"
YU226991,1,Microsource,1505672,Pharmakon 1600,2068-78-2,S(=O)(=O)(O)O.O=C(OC)C7(C1(=C(OC)C=C2(N(C=O)C4(C5(C2(=C1))(C3(N(CC=CC3(CC)C(C4(O)C(=O)OC)OC(=O)C)CC5))))))(C=6(NC=9(C=CC=CC=9(C=6CCN8(CC(C7)CC(O)(CC)C8))))),923.03728,923.03728,M00969A,G018,VINCRISTINE SULFATE,ONCOVIN,"antineoplastic, Vinca rosea; 37231, NSC-67574"
YU226934,1,Microsource,1504144,Pharmakon 1600,62013-04-1,O=C2(OC(C(O)(C1(OC(NC(C1C)C(C)CC(C(C(C(C2C)OC3(OC(C(O)C(C3)(OC)C)C))C)OC4(OC(CC(C4O)N(C)C)C))(O)C)COCCOC))C)CC),835.0738,835.0738,M00969A,G019,DIRITHROMYCIN,dirithromycin,DB00954
YU226992,1,Microsource,1505386,Pharmakon 1600,164656-23-9,FC(F)(F)C5(=C(NC(=O)C4(C3(C(C2(C(C1(C=CC(=O)NC1CC2)(C))CC3))CC4)(C)))C=C(C(F)(F)F)C=C5),528.5297992,528.5297992,M00969A,G020,DUTASTERIDE,dutasteride,"5-alpha-reductase inhibitor, synthetic; GI-198745, GG-745"
YU226935,1,Microsource,1505115,Pharmakon 1600,60200-06-8,ClC(Cl)=C(Cl)C1(=C(S(=O)(=O)N)C=C(S(=O)(=O)N)C(=C1)N),380.65704,380.65704,M00969A,G021,CLORSULON,clorsulon,"antiparasitic, fasciolicide, synthetic; MK-401"
YU039816,4,Microsource,1505393,Pharmakon 1600,100643-71-8,ClC4(=CC1(=C(C(C=2(N=CC=CC=2(CC1)))=C3(CCNCC3))C=C4)),310.82034,310.82034,M00969A,G022,DESLORATIDINE,desloratadine,"H1-antihistamine, synthetic; Sch-34117"
YU040343,4,Microsource,1505214,Pharmakon 1600,87333-19-5,O=C(O)C2(N(C(=O)C(NC(C(=O)OCC)CCC1(=CC=CC=C1))C)C3(CCCC3(C2))),416.51066,416.51066,M00969A,H003,RAMIPRIL,ramipril,"antihypertensive, ACE inhibitor, synthetic; HOE-498"
YU033993,2,Microsource,1500530,Pharmakon 1600,121-19-7,[As](=O)(O)(O)C1(=CC([N+](=O)[O-])=C(O)C=C1),263.03658,263.03658,M00969A,H004,ROXARSONE,roxarsone,"antibacterial, synthetic; NSC-2101"
YU227045,1,Microsource,1503837,Pharmakon 1600,8771-40-2,IC1(=C(N(C(=O)CO)CCO)C(I)=C(C(=O)NCC(O)CO)C(=C1C(=O)NCC(O)CO)I),807.11139,807.11139,M00969A,H005,IOVERSOL,ioversol,"radiopaque agent, synthetic; MP-328"
YU034022,2,Microsource,1500570,Pharmakon 1600,148-79-8,S1(C=NC(=C1)C2(=NC=3(C=CC=CC=3(N2)))),201.2488,201.2488,M00969A,H006,THIABENDAZOLE,tiabendazole,"anthelmintic, synthetic; MK-360"
YU227046,1,Microsource,1501205,Pharmakon 1600,17575-22-3,O=C1(OCC(=C1)C9(C8(C(O)(C7(C(C6(C(CC(OC5(OC(C(OC4(OC(C(OC3(OC(C(OC2(OC(C(O)C(C2O)O)CO))C(C3)OC(=O)C)C))C(C4)O)C))C(C5)O)C))CC6)CC7)(C))CC8O))CC9)(C))),985.11574,985.11574,M00969A,H007,LANATOSIDE C,lanatoside C,"cardiotonic, cardiotonc Digitalis lanata"
YU227095,1,Microsource,1500572,Pharmakon 1600,54-64-8,[Hg](SC1(=C(C(=O)[O-])C=CC=C1))CC.[Na+],404.81233,404.81233,M00969A,H008,THIMEROSAL,thiomersal,"antiinfective, preservative, synthetic"
YU220976,2,Microsource,1502339,Pharmakon 1600,3056-17-5,O=C1(N(C=C(C)C(N1)=O)C2(OC(CO)C=C2)),224.21336,224.21336,M00969A,H009,STAVUDINE,stavudine,"antiviral, synthetic; BMY-27857"
YU227096,1,Microsource,1500613,Pharmakon 1600,"81-81-2, 2610-86-8 [warfarin potassium], 129-06-6 [warfarin sodium]",O=C2(OC1(=C(C=CC=C1)C(=C2C(C3(=CC=CC=C3))CC(=O)C)O)),308.32794,308.32794,M00969A,H010,WARFARIN,COUMADIN,"anticoagulant, rodenticide, synthetic"
YU224347,3,Microsource,1502376,Pharmakon 1600,106685-40-9,O=C(O)C6(=CC=5(C(=CC(C1(=CC(=C(OC)C=C1)C23(CC4(CC(C2)CC(C3)C4))))=CC=5)C=C6)),412.52012,412.52012,M00969A,H011,ADAPALENE,adapalene,"anti-acne, synthetic; CD-271"
YU034074,2,Microsource,1500644,Pharmakon 1600,62-38-4,[Hg](OC(=O)C)C1(=CC=CC=C1),336.73792,336.73792,M00969A,H012,PHENYLMERCURIC ACETATE,AGROSAN,"antifungal, antimicrobial, synthetic"
YU227047,1,Microsource,1504261,Pharmakon 1600,139481-59-7,O=C(OC1(CCCCC1))OC(OC(=O)C3(=C2(N(C(OCC)=NC2=CC=C3)CC6(=CC=C(C5(=C(C4(=NN=NN4))C=CC=C5))C=C6))))C,610.6599,610.6599,M00969A,H013,CANDESARTAN CILEXTIL,ATACAND,"angiotensin 1 receptor antagonist, synthetic"
YU227097,1,Microsource,1500651,Pharmakon 1600,57-24-9,O=C3(N2(C1(=C(C=CC=C1)C57(C2C4(C6(C(=CCOC4(C3))CN(C5C6)CC7)))))),334.41166,334.41166,M00969A,H014,STRYCHNINE,,"central stimulant, Strychnos nux-vomica, Strychnos spp"
YU227048,1,Microsource,1503680,Pharmakon 1600,28523-86-6,FC(F)(F)C(OCF)C(F)(F)F,200.0548424,200.0548424,M00969A,H015,SEVOFLURANE,sevoflurane,"anesthetic, synthetic; MR-6-S4"
YU227098,1,Microsource,1500684,Pharmakon 1600,51481-61-9,S(CC=1(N=CNC=1C))CCNC(=NC#N)NC,252.34048,252.34048,M00969A,H016,CIMETIDINE,TAGAMET,"antiulcer, synthetic"
YU227049,1,Microsource,1502379,Pharmakon 1600,103060-53-3,O=C3(OC(C(NC(=O)C(NC(=O)C(NC(=O)C(NC(=O)CCCCCCCCC)CC=2(C1(=C(C=CC=C1)NC=2)))CC(=O)N)CC(=O)O)C(=O)NCC(=O)NC(C(=O)NC(C(=O)NC(C)C(NC(C(NCC(NC(C(NC(C(NC3CC(=O)C4(=C(N)C=CC=C4))=O)C(CC(=O)O)C)=O)CO)=O)=O)CC(=O)O)=O)CC(=O)O)CCCN)C),1620.67132,1620.67132,M00969A,H017,DAPTOMYCIN (5 millimolar/DMSO),CUBICIN,"antibacterial, synthetic; LY-146032"
YU227099,1,Microsource,1500822,Pharmakon 1600,"4845-99-2, 357-57-3 [brucine]",O=C3(N2(C1(=C(C=C(OC)C(=C1)OC)C57(C2C4(C6(C(=CCOC4(C3))CN(C5C6)CC7)))))),394.46362,394.46362,M00969A,H018,BRUCINE,,"central stimulant, Strychnos nux-vomica"
YU039663,4,Microsource,1502385,Pharmakon 1600,165800-03-3,FC2(=C(N1(CCOCC1))C=CC(=C2)N3(C(=O)OC(C3)CNC(=O)C)),337.3462232,337.34622,M00969A,H019,LINEZOLID,linezolid,"antibacterial, synthetic; U-100766"
YU227100,1,Microsource,1502420,Pharmakon 1600,123171-59-5,[Cl-].S1(C3(N(C(C(=O)O)=C(C1)C[N+]2(CCCC2)(C))C(=O)C3NC(=O)C(=NOC)C=4(N=C(N)SC=4))),517.02394,517.02394,M00969A,H020,CEFEPIME HYDROCHLORIDE,MAXIPIME,"antibacterial, semisynthetic; BMY-28142"
YU227050,1,Microsource,1502393,Pharmakon 1600,206184-49-8,P(=O)(O)(O)COC(CN2(C1(=NC=NC(=C1N=C2)N)))C,287.212521,287.212521,M00969A,H021,TENOFOVIR,tenofovir,"antiviral, RT inhibitor, synthetic; GS-1278"
YU227101,1,Microsource,1502107,Pharmakon 1600,15663-27-1,[Pt](Cl)Cl.N.N,300.04452,300.04452,M00969A,H022,CISPLATIN,PLATINOL,"antineoplastic, convulsant, synthetic"
YU225046,2,Microsource,1502388,Pharmakon 1600,89226-75-5,O=[N+]([O-])C1(=CC(=CC=C1)C2(C(=C(NC(=C2C(=O)OC)C)C)C(=O)OCCN5(CCN(C(C3(=CC=CC=C3))C4(=CC=CC=C4))CC5))),610.69958,610.69958,M00969A,I003,MANIDIPINE HYDROCHLORIDE,manidipine,"antihypertensive, synthetic; CV-4093"
YU226993,1,Microsource,1505455,Pharmakon 1600,85441-60-7,O=C(O)C2(N(C(=O)C(NC(C(=O)O)CCC1(=CC=CC=C1))C)CC=3(C=CC=CC=3(C2))),410.46302,410.46302,M00969A,I004,QUINAPRILAT,quinaprilat,"antihypertensive, ACE inhiibitor, synthetic; CI-928"
YU034056,2,Microsource,1500615,Pharmakon 1600,"64092-49-5, 64092-48-4 [anhydrous], 33369-31-2 [zomepirac]",ClC2(=CC=C(C(=O)C=1(N(C(CC(=O)O)=CC=1C)C))C=C2),291.7293,291.7293,M00969A,I005,ZOMEPIRAC SODIUM,zomepirac,"analgesic, antiinflammatory, synthetic"
YU226994,1,Microsource,1505603,Pharmakon 1600,80474-14-2,S(C(=O)C4(OC(=O)CC)(C3(C(C2(C(F)(C1(C(=CC(=O)C=C1)C(C2)F)(C))C(C3)O))CC4C)(C)))CF,500.57185,500.5718496,M00969A,I006,FLUTICASONE PROPIONATE,FLUVENT,"antiinflammatory, synthetic; CCI-18781"
YU226936,1,Microsource,1503831,Pharmakon 1600,67392-87-4,O=C7(C=C5(C(C4(C(C2(C(C1(OC(=O)CC1)(C3(C2C3)))(C)CC4))C6(C5C6)))(C)CC7)),366.4932,366.4932,M00969A,I007,DROSPIRENONE,drospirenone,"aldosterone antagonist, synthetic; ZK-30595"
YU226995,1,Microsource,1505615,Pharmakon 1600,84371-65-3,O=C5(C=C3(C(=C2(C(C1(=CC=C(N(C)C)C=C1))CC4(C(O)(C#CC)CCC4(C2CC3))(C)))CC5)),429.59374,429.59374,M00969A,I008,MIFEPRISTONE,mifepristone,"progesterone antagonist, abortion inducer, synthetic; RU-38486, RU-486"
YU225197,2,Microsource,1505294,Pharmakon 1600,6804-07-05 00:00:00,O=C(OC)NN=CC2(=[N+]([O-])C=1(C(=CC=CC=1)[N+](=C2)[O-])),262.22166,262.22166,M00969A,I009,CARBADOX,MECADOX,"antibacterial, synthetic"
YU221052,3,Microsource,1502360,Pharmakon 1600,7481-89-2,O=C1(N=C(N)C=CN1C2(OC(CO)CC2)),211.21794,211.21794,M00969A,I010,ZALCITABINE,zalcitabine,"antiviral, synthetic; RO-24-2027"
YU034518,3,Microsource,1503938,Pharmakon 1600,36791-04-5,O=C(N)C2(=NN(C1(OC(CO)C(C1O)O))C=N2),244.20484,244.20484,M00969A,I011,RIBAVIRIN,ribavirin,"antiviral, synthetic"
YU226996,1,Microsource,1300017,Pharmakon 1600,314-13-6,S(=O)(=O)([O-])C6(=C(N)C5(=C(O)C(N=NC4(=C(C=C(C3(=CC(=C(N=NC2(=C(O)C1(=C(N)C(S(=O)(=O)[O-])=CC(=C1C=C2)S(=O)(=O)[O-])))C=C3)C))C=C4)C))=CC=C5C(=C6)S(=O)(=O)[O-])).[Na+].[Na+].[Na+].[Na+],960.80948,960.80948,M00969A,I012,EVANS BLUE,,"glutamate uptake inhibitor, AMPA blocker, synthetic; CI-23860, T-1824"
YU226937,1,Microsource,1503863,Pharmakon 1600,187393-00-6,O(C4(=CC(O)=C(C1(=NC(=NC(=N1)C2(=CC=C(OC)C=C2))C3(=C(O)C=C(OCC(CCCC)CC)C=C3)))C=C4))CC(CCCC)CC,627.81288,627.81288,M00969A,I013,BEMOTRIZINOL,TINOSORB S,"sunscreen, synthetic; BEMT, FAT-70884"
YU226997,1,Microsource,1300010,Pharmakon 1600,1119-34-2,Cl.O=C(O)C(N)CCCNC(=N)N,210.66176,210.66176,M00969A,I014,ARGININE HYDROCHLORIDE,arginine,"ammonia detoxicant, diagnostic aid, widespread in nature"
YU226938,1,Microsource,1505248,Pharmakon 1600,976-71-6,O=C4(C=C3(C=CC5(C2(C(C1(OC(=O)CC1)(CC2))(C)CCC5(C3(C)CC4))))),340.45592,340.45592,M00969A,I015,CANRENONE,,"aldosterone antagonist; antifibrogenic, synthetic; SC-9376"
YU225275,2,Microsource,1502326,Pharmakon 1600,671-16-9,O=C(NC(C)C)C1(=CC=C(CNNC)C=C1),221.29888,221.29888,M00969A,I016,PROCARBAZINE HYDROCHLORIDE,procarbazine,"antineoplastic, synthetic;RO-4-6467"
YU225054,2,Microsource,1504210,Pharmakon 1600,95233-18-4,ClC4(=CC=C(C3(CCC(C1(=C(O)C(=O)C=2(C=CC=CC=2(C1=O))))CC3))C=C4),366.83716,366.83716,M00969A,I017,ATOVAQUONE,MEPRON,"antipneumocystic, antimalarial, synthetic"
YU039784,5,Microsource,1505693,Pharmakon 1600,73590-58-6,S(=O)(C1(=NC=2(C=C(OC)C=CC=2(N1))))CC3(=NC=C(C)C(=C3C)OC),345.41718,345.41718,M00969A,I018,OMEPRAZOLE,omeprazole,"gastric acid depressant, synthetic; H-168/68"
YU226939,1,Microsource,1500903,Pharmakon 1600,33419-42-0,O=C1(OCC4(C1C(C2(=C(C=C3(OCOC3(=C2)))C4OC6(OC5(C(OC(C)OC5)C(C6O)O))))C7(=CC(OC)=C(O)C(=C7)OC))),588.55658,588.55658,M00969A,I019,ETOPOSIDE,VEPESID,"antineoplastic, semisynthetic; VP-16-213"
YU226998,1,Microsource,1505364,Pharmakon 1600,121123-17-9,S1(C2(N(C(C(=O)O)=C(C1)C=CC)C(=O)C2NC(=O)C(N)C3(=CC=C(O)C=C3))),389.42668,389.42668,M00969A,I020,CEFPROZIL,CEFZIL,"antibacterial, semisynthetic; BMY-28100-03-800"
YU226940,1,Microsource,1505567,Pharmakon 1600,38363-32-5,S(=O)(=O)(O)O.O(C1(=C(C=CC=C1)C2(CCCC2)))CC(O)CNC(C)(C)C,389.50788,389.50788,M00969A,I021,PENBUTOLOL SULFATE,LEVATOL,"beta-adrenergic blocker, synthetic; HOE-893d, HOE-39893d"
YU226999,1,Microsource,1300028,Pharmakon 1600,69-65-8,OC(C(O)C(O)CO)C(O)CO,182.17176,182.17176,M00969A,I022,MANNITOL,OSMITROL,"diuretic, sweetener, diagnostic aid, manna and seaweeds; exudates of olive and plane trees"
YU227051,1,Microsource,1502394,Pharmakon 1600,220620-09-7,O=C2(C1(=C(O)C(NC(=O)CNC(C)(C)C)=CC(=C1CC4(C2=C(O)C3(C(=O)C(=C(O)C(C3C4)N(C)C)C(=O)N)))N(C)C)).OC,601.69132,601.69132,M00969A,J003,TIGECYCLINE,TYGACIL,"antibacterial, synthetic; WAY-GAR-936"
YU227102,1,Microsource,1502112,Pharmakon 1600,66-81-9,O=C2(C(C(O)CC1(CC(=O)NC(C1)=O))CC(C)CC2C),281.34746,281.34746,M00969A,J004,CYCLOHEXIMIDE,cicloheximide,"antipsoriatic, protein synthesis inhibitor, synthetic; U-4527"
YU227052,1,Microsource,1502390,Pharmakon 1600,137281-23-3,[Na+].[Na+].O=C1(N=C(NC2(=C1C(=CN2)CCC3(=CC=C(C(=O)NC(C(=O)[O-])CCC(=O)[O-])C=C3)))N),471.3745,471.3745,M00969A,J005,PEMETREXED,pemetrexed,"antineoplastic, thymidylate synthase inhibitor, synthetic; LY-231514"
YU227103,1,Microsource,1500602,Pharmakon 1600,"6989-98-6, 57-94-3 [anhydrous], 41354-45-4 [replaced], 57-95-4 [tubocurarine]",[Cl-].O4(C1(=C(OC)C=C2(CCN(C(C2(=C1))CC3(=CC=C(C=C3)OC7(=C6(C(CC5(=CC4=C(O)C=C5))[N+](CCC6=CC(=C7O)OC)(C)C))))C))),645.18402,645.18402,M00969A,J006,TUBOCURARINE CHLORIDE,,"muscle relaxant (skeletal), Chondodendron spp"
YU227053,1,Microsource,1502384,Pharmakon 1600,2998-57-4,ClCCN(C(=O)OC4(=CC3(=C(C2(C(C1(C(C(O)CC1)(C)CC2))CC3))C=C4)))CCCl,440.40258,440.40258,M00969A,J007,ESTRAMUSTINE,estramustine,"antineoplastic, synthetic; RO-22-2296"
YU221324,2,Microsource,1503245,Pharmakon 1600,"16595-80-5, 14769-73-4 [levamisole]",Cl.S3(C2(=NC(C1(=CC=CC=C1))CN2CC3)),240.7531,240.7531,M00969A,J008,LEVAMISOLE HYDROCHLORIDE,ERGAMISOL,"immunomodulator, synthetic; R-12564"
YU039627,3,Microsource,1505639,Pharmakon 1600,171596-29-5,O=C1(N(CC(=O)N3(C1CC=6(C2(=C(C=CC=C2)NC=6(C3C5(=CC=4(OCOC=4C=C5)))))))C),389.40408,389.40408,M00969A,J009,TADALAFIL,CIALIS,"erectile dysfunction therapy, synthetic; GF-196960, IC-351"
YU227104,1,Microsource,1503301,Pharmakon 1600,31884-76-1,[Zn+2].S(=O)(=O)([O-])C1(=CC=C(N)C=C1).S(=O)(=O)([O-])C2(=CC=C(N)C=C2),409.75556,409.75556,M00969A,J010,SULFANILATE ZINC,NIZIN,"antibacterial, synthetic"
YU227054,1,Microsource,1505781,Pharmakon 1600,14611-52-0,Cl.N(C(CC1(=CC=CC=C1))C)(CC#C)C,223.74146,223.74146,M00969A,J011,SELEGILINE HYDROCHLORIDE,EMSAM,"antidepressant, MAO inhibitor, antiparkinsonian, synthetic"
YU034426,3,Microsource,1503322,Pharmakon 1600,137-26-8,S=C(SSC(=S)N(C)C)N(C)C,240.43696,240.43696,M00969A,J012,THIRAM,thiram,"antifungal, synthetic; SQ-1489"
YU227055,1,Microsource,1900050,Pharmakon 1600,175591-23-8,Cl.OC1(=CC(=CC=C1)C(C(CN(C)C)C)CC),257.7992,257.7992,M00969A,J013,TAPENTADOL HYDROCHLORIDE,tapentadol,"analgesic, norepinephrine uptake blocker, mu-opiod receptor agonist, synthetic; CG-5503"
YU225322,2,Microsource,1505489,Pharmakon 1600,78415-72-2,O=C2(NC(=C(C1(=CC=NC=C1))C=C2C#N)C),211.21948,211.21948,M00969A,J014,MILRINONE,milrinone,"cardiotonic, synthetic; WIN-47203-2"
YU227056,1,Microsource,1505560,Pharmakon 1600,7681-93-8,O=C2(OC(CC=CC=CC=CC=CC(OC1(OC(C(O)C(C1O)N)C))CC4(OC(CC(CC3(C(C=C2)O3))O)(O)CC(O)C4C(=O)O))C),665.72522,665.72522,M00969A,J015,NATAMYCIN,NATACYN,"antibacterial, Steptomyces natalensis; CL-12625, A-5283"
YU227105,1,Microsource,1503807,Pharmakon 1600,16051-77-7,O=[N+](OC2(C1(OCC(C1OC2)O)))[O-],191.1388,191.1388,M00969A,J016,ISOSORBIDE MONONITRATE,isosorbide mononitrate,"antianginal, semisynthetic; BM-22145, IS-5-MN, AHR-4698"
YU227057,1,Microsource,1506161,Pharmakon 1600,107-41-5,OC(CC(O)C)(C)C,118.17416,118.17416,M00969A,J017,HEXYLENE GLYCOL,,"humectant, synthetic; PC-1"
YU221037,2,Microsource,1504172,Pharmakon 1600,59729-33-8,[BrH].FC3(=CC=C(C1(OCC2(=C1C=CC(=C2)C#N))(CCCN(C)C))C=C3),405.3039632,405.3039632,M00969A,J018,CITALOPRAM HYDROBROMIDE,citalopram,"antidepressant, 5HT reuptake inhibitor, synthetic"
YU227058,1,Microsource,1505584,Pharmakon 1600,379-79-3,O=C1(N8(C(C3(OC(C(N3(C1CC2(=CC=CC=C2)))=O)(NC(=O)C6(C=C5(C7(=C4(C(NC=C4CC5N(C6)C)=CC=C7)))))C)(O))CCC8)).O=C(O)C(O)C(O)C(=O)O,731.74854,731.74854,M00969A,J019,ERGOTAMINE TARTRATE,ERGOSTAT,"analgesic, antimigraine, Claviceps purpurea"
YU039598,3,Microsource,1505216,Pharmakon 1600,219861-08-2,FC3(=CC=C(C1(OCC2(=C1C=CC(=C2)C#N))(CCCN(C)C))C=C3).O=C(O)C(=O)O,414.4269032,414.4269,M00969A,J020,ESCITALOPRAM OXALATE,escitalopram,"antidepressant, 5HT reuptake inhibitor, synthetic; LU26-054-0"
YU227059,1,Microsource,1504216,Pharmakon 1600,61-80-3,ClC2(=CC=1(N=C(N)OC=1C=C2)),168.58018,168.58018,M00969A,J021,ZOXAZOLAMINE,zoxazolamine,"muscle relaxant, antirrheumatic, synthetic; McN-485"
YU227106,1,Microsource,1505299,Pharmakon 1600,33089-61-1,N(C1(=C(C=C(C)C=C1)C))=CN(C=NC2(=C(C=C(C)C=C2)C))C,293.40614,293.40614,M00969A,J022,AMITRAZ,ALUDEX,"scabicide, synthetic; U-36059"
YU226941,1,Microsource,1505456,Pharmakon 1600,115-67-3,O=C1(OC(CC)(C)C(N1C)=O),157.16718,157.16718,M00969A,K003,PARAMETHADIONE,paramethadione,"anticonvulsant, synthetic"
YU227000,1,Microsource,1505983,Pharmakon 1600,834-28-6,Cl.N=C(NC(=N)N)NCCC1(=CC=CC=C1),241.72044,241.72044,M00969A,K004,PHENFORMIN HYDROCHLORIDE,DBI,"antidiabetic, synthetic"
YU226942,1,Microsource,1505428,Pharmakon 1600,86-35-1,O=C1(N(C(=O)C(N1)C2(=CC=CC=C2))CC),204.22526,204.22526,M00969A,K005,ETHOTOIN,ethotoin,DB00754
YU227001,1,Microsource,1504815,Pharmakon 1600,101152-94-7,Cl.O=C(N(CC)CC)C2(C1(=CC=CC=C1))(C(CN)C2),282.8087,282.8087,M00969A,K006,MILNACIPRAN HYDROCHLORIDE,SAVELLA,"inhibitor of norepinephrine and seritonin uptake, treatment of fibromyalgia, synthetic; UNII-RNZ4305WW5"
YU226943,1,Microsource,1505535,Pharmakon 1600,152-62-5,O=C3(C=C2(C=CC4(C1(C(C(C(=O)C)CC1)(C)CCC4(C2(C)CC3))))),312.44582,312.44582,M00969A,K007,DYDROGESTERONE,dydrogesterone,"progestin, semisynthetic; NSC-92336"
YU227002,1,Microsource,1504099,Pharmakon 1600,139755-83-2,S(=O)(=O)(N1(CCN(C)CC1))C4(=CC(C3(=NC2(=C(N(C)N=C2CCC)C(N3)=O)))=C(OCC)C=C4).O=C(O)C(O)(CC(=O)O)CC(=O)O,666.70116,666.70116,M00969A,K008,SILDENAFIL CITRATE,VIAGRA,"erectile dysfunction therapy, synthetic; UK-92480-10"
YU221360,3,Microsource,1505480,Pharmakon 1600,3778-73-2,ClCCN1(P(=O)(OCCC1)NCCCl),261.085441,261.085441,M00969A,K009,IFOSFAMIDE,ifosfamide,"antineoplastic, synthetic; MJF-9325, Z-4942, NSC-109724"
YU227003,1,Microsource,1500756,Pharmakon 1600,"389-08-2, 3374-05-8 [anhydrous], 15769-77-4 [nalidixate sodium]",O=C1(C(C(=O)O)=CN(CC)C2(=C1C=CC(=N2)C)),232.23536,232.23536,M00969A,K010,NALIDIXIC ACID,nalidixic acid,"antibacterial, synthetic; WIN-18320"
YU226944,1,Microsource,1505430,Pharmakon 1600,333-36-8,FC(F)(F)COCC(F)(F)F,182.06438,182.0643792,M00969A,K011,FLUROTHYL,INDOKLON,"central stimulant, convulsant, synthetic; SK&F-6539"
YU227004,1,Microsource,1504912,Pharmakon 1600,196618-13-0,P(=O)(O)(O)O.O=C(OC)C1(=CC(OC(CC)CC)C(NC(=O)C)C(C1)N),396.3732,396.373201,M00969A,K012,OSELTAMIVIR PHOSPHATE,TAMIFLU,"antiviral, synthetic; Ro-64-0796/002"
YU226945,1,Microsource,1502423,Pharmakon 1600,60925-61-3,S1(C3(N(C(C(=O)O)=C(C1)CSC2(=NN=NN2CC(=O)O))C(=O)C3NC(=O)CC4(=C(C=CC=C4)CN))),519.55632,519.55632,M00969A,K013,CEFORANIDE,PRECEF,"antibacterial, semisynthetic;BLS-786"
YU227005,1,Microsource,1505502,Pharmakon 1600,5987-82-6,Cl.O=C(OCCN(CC)CC)C1(=CC(OCCCC)=C(N)C=C1),344.87654,344.87654,M00969A,K014,BENOXINATE HYDROCHLORIDE,CEBESINE,"anesthetic (local), synthetic"
YU040231,5,Microsource,1505372,Pharmakon 1600,103628-48-4,S(=O)(=O)(NC)CC2(=CC1(=C(NC=C1CCN(C)C)C=C2)).O=C(O)CCC(=O)O,413.4896,413.4896,M00969A,K015,SUMATRIPTAN SUCCINATE,IMITREX,"5HT agonist, synthetic; GR-43175"
YU227006,1,Microsource,1505850,Pharmakon 1600,7082-29-3,S(=O)(=O)(O)O.N1(=C(N(C)C)C=NC=C1),221.23536,221.23536,M00969A,K016,AMPYZINE SULFATE,,"CNS stimulant, synthetic; W-3580B"
YU226946,1,Microsource,1502418,Pharmakon 1600,138890-62-7,S1(=O)(=O)(N(CC(NCC)C2(=C1SC(S(=O)(=O)N)=C2))CCCOC),383.51036,383.51036,M00969A,K017,BRINZOLAMIDE,brinzolamide,"antiglaucoma, synthetic; AL-4682"
YU227007,1,Microsource,1501145,Pharmakon 1600,59-40-5,S(=O)(=O)([N-]C2(=NC=1(C(=CC=CC=1)N=C2)))C3(=CC=C(N)C=C3).[Na+],322.31867,322.31867,M00969A,K018,SULFAQUINOXALINE SODIUM,AVIOCHINA,"antibacterial, coccidiostat, synthetic"
YU226947,1,Microsource,1503862,Pharmakon 1600,3978-86-7,O=C(O)C=CC(=O)O.N3(=C2(C(C1(=C(C=CC=C1)CCC2=CC=C3))=C4(CCN(C)CC4))),406.47432,406.47432,M00969A,K019,AZATADINE MALEATE,OPTIMINE,"H1-antihistamine, synthetic; SCH-10649"
YU227008,1,Microsource,1500113,Pharmakon 1600,150-13-0 (acid),[K+].O=C([O-])C1(=CC=C(N)C=C1),175.22638,175.22638,M00969A,K020,POTASSIUM p-AMINOBENZOATE,KPABA,"ultraviolet screen, synthetic"
YU039711,4,Microsource,1505512,Pharmakon 1600,63659-19-8,Cl.O(C2(=CC=C(CCOCC1(CC1))C=C2))CC(O)CNC(C)C,343.88844,343.88844,M00969A,K021,BETAXALOL HYDROCHLORIDE,BETOPTIC,"antihypertensive, beta-blocker, antianginal, synthetic; SL-75212-10, ALO-1401-02"
YU225022,2,Microsource,1500510,Pharmakon 1600,"58-33-3, 60-87-7 [promethazine]",Cl.S1(C3(=C(N(CC(N(C)C)C)C2(=C1C=CC=C2))C=CC=C3)),320.88082,320.88082,M00969A,K022,PROMETHAZINE HYDROCHLORIDE,promethazine,"antihistaminic, synthetic; RP-3277"
YU039642,3,Microsource,1505211,Pharmakon 1600,56211-40-6,S(=O)(=O)(NC(=O)NC(C)C)C2(=C(NC1(=CC(=CC=C1)C))C=CN=C2),348.42116,348.42116,M00969A,L003,TORSEMIDE,torasemide,"diuretic, inhibits Na/K/2Cl carrier system, synthetic"
YU227107,1,Microsource,1505308,Pharmakon 1600,11006-34-1,[Cu]245(N=1(C=7(C(C)=C(C=1C=C3(N2C(C(C(=O)[O-])=C3C)=C(C8(=N4C(=CC=6(N5C(=C(C=C)C=6C)C=7))C(C)C8CCC(=O)[O-]))CC(=O)[O-]))CC))).[Na+].[Na+].[Na+],724.14861,724.14861,M00969A,L004,CHLOROPHYLLIDE Cu COMPLEX Na SALT,CHLORESIUM,"antineoplastic, water soluble derivative of chlorophyll"
YU227060,1,Microsource,1505953,Pharmakon 1600,56038-13-2,ClC2(C(O)C(O)C(OC1(OC(CCl)C(C1O)O)(CCl))OC2CO),397.63256,397.63256,M00969A,L005,SUCRALOSE,SPLENDA,"sweetener, semisynthetic; E-955"
YU227108,1,Microsource,1505319,Pharmakon 1600,2971-90-6,ClC1(=C(O)C(Cl)=C(C)N=C1C),192.04202,192.04202,M00969A,L006,CLOPIDOL,,"coccidiostat, antiplatelet, synthetic"
YU227061,1,Microsource,1506159,Pharmakon 1600,7554-65-6,N=1(NC=C(C=1)C),82.10392,82.10392,M00969A,L007,FOMEPIZOLE,fomepizole,DB01213
YU227109,1,Microsource,330021,Pharmakon 1600,121-75-5,S=P(SC(C(=O)OCC)CC(=O)OCC)(OC)OC,330.36002,330.360021,M00969A,L008,MALATHION,OVIDE,"pediculicide, insecticide, cholinesterase inhibitor, synthetic"
YU227062,1,Microsource,1506182,Pharmakon 1600,98-72-6,[As](=O)(O)(O)C1(=CC=C([N+](=O)[O-])C=C1),247.03718,247.03718,M00969A,L009,NITARSONE,nitarsone,"antiprotozoal, synthetic; NSC-5085"
YU224142,2,Microsource,1505354,Pharmakon 1600,120068-37-3,ClC2(=C(N1(N=C(C#N)C(=C1N)S(=O)C(F)(F)F))C(Cl)=CC(=C2)C(F)(F)F),437.14834,437.1483392,M00969A,L010,FIPRONIL,,"GABA Cl channel agonist, antiparasitic, synthetic; RM-1601, MB-46030"
YU225062,2,Microsource,1300039,Pharmakon 1600,114-70-5,[Na+].O=C([O-])CC1(=CC=CC=C1),158.12975,158.12975,M00969A,L011,SODIUM PHENYLACETATE,AMMONUL,"antihyperammonemic, synthetic"
YU227110,1,Microsource,1505445,Pharmakon 1600,52-88-0,O=C(OC1(CC2([N+](C)(C)C(C1)CC2)))C(C3(=CC=CC=C3))CO,304.40398,304.40398,M00969A,L012,METHYLATROPINE NITRATE,atropine methonitrate,"anticholinergic, semisynthetic"
YU227063,1,Microsource,1505956,Pharmakon 1600,55-63-0,O=[N+](OC(CO[N+](=O)[O-])CO[N+](=O)[O-])[O-],227.08662,227.08662,M00969A,L013,NITROGLYCERIN,,"vasodilator (coronary), synthetic; SDM-7, SDM-17, SDM-20, SDM-26, SDM-27"
YU227111,1,Microsource,1505467,Pharmakon 1600,557-08-4,[Zn+2].O=C([O-])CCCCCCCCC=C.O=C([O-])CCCCCCCCC=C,431.92472,431.92472,M00969A,L014,ZINC UNDECYLENATE,MYCODECYL,"antifungal, synthetic"
YU227064,1,Microsource,1502370,Pharmakon 1600,76-14-2,ClC(F)(F)C(Cl)(F)F,170.9204128,170.9204128,M00969A,L015,CRYOFLURANE,cryofluorane,"anesthetic (local), synthetic"
YU227112,1,Microsource,1505652,Pharmakon 1600,98-50-0,[As](=O)(O)(O)C1(=CC=C(N)C=C1),217.05426,217.05426,M00969A,L016,ARSANILIC ACID,arsanilic acid,DB03006
YU227065,1,Microsource,1500484,Pharmakon 1600,154-41-6,Cl.OC(C1(=CC=CC=C1))C(N)C,187.6663,187.6663,M00969A,L017,PHENYLPROPANOLAMINE HYDROCHLORIDE,URICON,"vasoconstrictor, decongestant, anorexic, synthetic"
YU221325,2,Microsource,1505679,Pharmakon 1600,5086-74-8,Cl.S3(C2(=NC(C1(=CC=CC=C1))CN2CC3)),240.7531,240.7531,M00969A,L018,TETRAMIZOLE HYDROCHLORIDE,ANTHELVET,"anthelmintic, synthetic; R-8299, McN-JR-8299-11"
YU034549,2,Microsource,1500525,Pharmakon 1600,"134-71-4, 90-81-3 [racephedrine]",Cl.OC(C1(=CC=CC=C1))C(NC)C,201.69288,201.69288,M00969A,L019,RACEPHEDRINE HYDROCHLORIDE,racephedrine,"bronchodilator, decongestant, synthetic"
YU227113,1,Microsource,1505950,Pharmakon 1600,54182-58-0 (free acid),S(=O)(=O)(O[Al](O)O)OC1(C(OC(COS(=O)(=O)O[Al](O)O)C(C1OS(=O)(=O)O[Al](O)O)OS(=O)(=O)O[Al](O)O)OC2(OC(COS(=O)(=O)O[Al](O)O)C(C2OS(=O)(=O)O[Al](O)O)OS(=O)(=O)O[Al](O)O)(COS(=O)(=O)O[Al](O)O)).[Al](O)(O)O.[Al](O)(O)O.[Al](O)(O)O.[Al](O)(O)O.[Al](O)(O)O.[Al](O)(O)O.[Al](O)(O)O.[Al](O)(O)O,2086.74477,2086.744768,M00969A,L020,SUCRALFATE,CARAFATE,"antiulcer, semisynthetic"
YU227066,1,Microsource,1505260,Pharmakon 1600,106463-17-6,Cl.S(=O)(=O)(N)C1(=C(OC)C=CC(=C1)CC(NCCOC2(=C(OCC)C=CC=C2))C),444.97344,444.97344,M00969A,L021,TAMSULOSIN HYDRCHLORIDE,tamsulosin,"alpha-1 adrenergic blocker, synthetic; LY-253351; YM-12617; YM-617"
YU227114,1,Microsource,1505765,Pharmakon 1600,52-68-6,ClC(Cl)(Cl)C(P(=O)(OC)OC)O,257.435781,257.435781,M00969A,L022,TRICHLORFON,metrifonate,"anthelmintic, synthetic; Bayer-L-1359, DETF"
YU226948,1,Microsource,1505388,Pharmakon 1600,123441-03-2,O=C(OC1(=CC(=CC=C1)C(N(C)C)C))N(CC)C.O=C(O)C(O)C(O)C(=O)O,400.4236,400.4236,M00969A,M003,RIVASTIGMINE TARTRATE,rivastigmine,"acetylcholinesterase inhibitor, synthetic; SDZ-ENA-713; SDZ-212-713; ENA-713"
YU227009,1,Microsource,1502361,Pharmakon 1600,119141-88-7,S(=O)(C1(=NC=2(C=C(OC)C=CC=2(N1))))CC3(=NC=C(C)C(=C3C)OC),345.41718,345.41718,M00969A,M004,ESOMEPRAZOLE POTASSIUM,esomeprazole,DB00736
YU226949,1,Microsource,1400151,Pharmakon 1600,120-47-8,O=C(OCC)C1(=CC=C(O)C=C1),166.1739,166.1739,M00969A,M005,ETHYL PARABEN,,"antifungal, synthetic"
YU227010,1,Microsource,1506184,Pharmakon 1600,577-11-7,S(=O)(=O)([O-])C(C(=O)OCC(CCCC)CC)CC(=O)OCC(CCCC)CC,421.56958,421.56958,M00969A,M006,DOCUSATE SODIUM,docusate sodium,"stool softener, synthetic"
YU226950,1,Microsource,1505111,Pharmakon 1600,1393-48-2,S1(C(=NC(=C1)C(=O)NC(C(=O)NC(C(=O)N)=C)=C)C6(=NC2(C=%10(N=C(C3(NC(=O)C=9(N=C(C(NC(=O)C8(N=C(C(NC(C(NC(C=7(N=C(C2(NC(=O)C(NC(=O)C(NC(=O)C(NC(=O)C(C(CC)C)NC5(C(C=4(N=C(C(OC3C)=O)C=C(C(O)C)C=4C=C5))O))C)=C)C)CC6)SC=7))=O)C(O)C)=O)=CC)SC8))C(O)(C(O)C)C)SC=9)))SC=%10)))),1664.89256,1664.89256,M00969A,M007,THIOSTREPTON,BRYAMYCIN,"antibacterial, Streptomyces aureus"
YU227011,1,Microsource,1505204,Pharmakon 1600,181183-52-8,S(=O)(=O)(N1(CCCC1))CC3(=CC2(=C(NC=C2CCN(C)C)C=C3)),335.46542,335.46542,M00969A,M008,ALMOTRIPTAN,almotriptan,DB00918
YU034095,3,Microsource,1500677,Pharmakon 1600,18559-94-9,OC1(=C(C=C(C(O)CNC(C)(C)C)C=C1)CO),239.31078,239.31078,M00969A,M009,ALBUTEROL,salbutamol,"bronchodilator, tocolytic, synthetic; salbutamol"
YU227012,1,Microsource,1500534,Pharmakon 1600,"6533-68-2, 114-49-8 [anhydrous], 51-34-3 [scopolamine]",[BrH].O=C(OC1(CC2(N(C)C(C1)C3(C2O3))))C(C4(=CC=CC=C4))CO,384.26492,384.26492,M00969A,M010,SCOPOLAMINE HYDROBROMIDE,ISOPTOHYOSCINE,"anticholinergic, treatment of motion sickness, Scopolia, Datura, Atropa spp"
YU039561,4,Microsource,1506043,Pharmakon 1600,959-24-0,Cl.S(=O)(=O)(NC1(=CC=C(C(O)CNC(C)C)C=C1))C,308.82552,308.82552,M00969A,M011,SOTALOL HYDROCHLORIDE,BETAPACE,"beta-adrenergic agonist, synthetic; MJ-1999"
YU227013,1,Microsource,1505264,Pharmakon 1600,87679-37-6,O=C(O)C2(N(C(=O)C(NC(C(=O)OCC)CCC1(=CC=CC=C1))C)C3(CCCCC3(C2))),430.53724,430.53724,M00969A,M012,TRANDOLAPRIL,trandolapril,"antihypertensive, ACE inhibitor, synthetic; RU-44570"
YU225158,2,Microsource,1504567,Pharmakon 1600,115007-34-6,O=C1(OCC=2(C1=C(O)C(=C(OC)C=2C)CC=C(CCC(=O)OCCN3(CCOCC3))C)),433.49478,433.49478,M00969A,M013,MYCOPHENOLATE MOFETIL,CELLCEPT,"immune suppressant, antineoplastic, antiviral, semisynthtic; RS-61443"
YU224975,2,Microsource,1500453,Pharmakon 1600,"2315-02-8, 1491-59-4 [oxymetazoline]",Cl.OC1(=C(C=C(C)C(=C1C)CC2(=NCCN2))C(C)(C)C),296.83528,296.83528,M00969A,M014,OXYMETAZOLINE HYDROCHLORIDE,oxymetazoline,"adrenergic agonist, nasal decongestant, synthetic; Sch-9384"
YU226951,1,Microsource,1504832,Pharmakon 1600,80370-57-6,Cl.S2(C3(N(C(C(=O)OCSC(=O)C=1(OC=CC=1))=CC2)C(=O)C3NC(=O)C(=NOC)C=4(N=C(N)SC=4))),560.02642,560.02642,M00969A,M015,CEFTIOFUR HYDROCHLORIDE,EXCENEL,"antibacterial, semisynthetic; U-64279"
YU227014,1,Microsource,1500457,Pharmakon 1600,"6153-64-6, 79-57-2 [anhydrous]",Cl.O=C2(C1(=C(O)C=CC=C1C(O)(C)C4(C2=C(O)C3(O)(C(=O)C(=C(O)C(C3C4O)N(C)C)C(=O)N)))),496.89468,496.89468,M00969A,M016,OXYTETRACYCLINE,TERRAMYCIN,"antibacterial, Streptomyces rimosus"
YU226952,1,Microsource,1504834,Pharmakon 1600,105956--99-8,ClC2(=C1(N(C=C(C(=O)O)C(C1=CC(=C2N3(CC(N)CC3))F)=O)C4(CC4))).Cl,402.24704,402.2470432,M00969A,M017,CLINAFOXACIN HYDROCHLORIDE,,"antibacterial, synthetic; CI-960"
YU155512,2,Microsource,1500459,Pharmakon 1600,"61-25-6, 58-74-2 [papaverine]",Cl.O(C=1(C(OC)=CC2(=CC=NC(=C2(C=1))CC3(=CC(OC)=C(OC)C=C3))))C,375.84572,375.84572,M00969A,M018,PAPAVERINE HYDROCHLORIDE,PAVABID,"muscle relaxant (smooth), cerebral vasodilator, Papaver somniferum, Rauwolfia serpentina"
YU226953,1,Microsource,1504140,Pharmakon 1600,64872-76-0,ClC3(=C(SC(CN1(C=NC=C1))CCC2(=CC=C(Cl)C=C2))C(Cl)=CC=C3),411.77586,411.77586,M00969A,M019,BUTOCONAZOLE,butoconazole,DB00639
YU227015,1,Microsource,1500462,Pharmakon 1600,"306-07-0, 555-57-7 [pargyline]",Cl.N(CC#C)(CC1(=CC=CC=C1))C,195.6883,195.6883,M00969A,M020,PARGYLINE HYDROCHLORIDE,pargyline,"antihypertensive, synthetic; A-19120, MO-911"
YU226954,1,Microsource,1503869,Pharmakon 1600,70797-11-4,S1(C3(N(C(C(=O)O)=C(C1)CSC2(=NN=NN2C))C(=O)C3NC(=O)C(NC(=O)C4(=C(O)C=C(C)N=C4))C5(=CC=C(O)C=C5))),612.63978,612.63978,M00969A,M021,CEFPIRAMIDE,CEFPIRAN,"antibacterial, synthetic; WY-44635"
YU227016,1,Microsource,1505424,Pharmakon 1600,59-06-3,O=C(OC)C1(=C(OCC)C=C(NC(=O)C)C=C1),237.25184,237.25184,M00969A,M022,ETHOPABATE,,"folate metabolic inhibitor, coccidiostat, synthetic"
YU227067,1,Microsource,1500273,Pharmakon 1600,"50-98-6 [((-))-ephedrine, hydrochloride], 299-42-3 [((-))-ephedrine]",Cl.OC(C1(=CC=CC=C1))C(NC)C,201.69288,201.69288,M00969A,N003,"EPHEDRINE (1R,2S) HYDROCHLORIDE",,"bronchodilator, cardiac stimulant, many Ephedra spp"
YU227115,1,Microsource,1505957,Pharmakon 1600,1327-53-3,[As]12(O[As]3(O[As](O1)O[As](O2)O3)),395.6828,395.6828,M00969A,N004,ARSENIC TRIOXIDE,TRISENOX,"antineoplastic, antileukemia, mineral"
YU033885,2,Microsource,1500375,Pharmakon 1600,"55-86-7, 51-75-2 [mechlorethamine]",ClCCN(CCCl)C,156.05298,156.05298,M00969A,N005,MECHLORETHAMINE,chlormethine,"antineoplastic, alkylating agent, synthetic; NSC-762"
YU227116,1,Microsource,1504413,Pharmakon 1600,10405-02-4,[Cl-].O=C(OC2(CC3([N+]1(CCCC1)(C(C2)CC3))))C(O)(C4(=CC=CC=C4))C5(=CC=CC=C5),427.96334,427.96334,M00969A,N006,TROSPIUM CHLORIDE,trospium chloride,"anticholinergic, urinary incontenance therapy, synthetic"
YU225064,2,Microsource,1502381,Pharmakon 1600,116314-67-1,O=[N+]([O-])C1(=C(O)C(O)=CC(=C1)C=C(C#N)C(=O)N(CC)CC),305.28612,305.28612,M00969A,N007,ENTACAPONE,entacapone,"antidyskinetic, synthetic; OR-611"
YU227117,1,Microsource,1500637,Pharmakon 1600,129-16-8,[Hg](O)C3(=C2(OC=1(C(C=C([Br])C(C=1)=O)=C(C2=CC(=C3[O-])[Br])C4(=C(C(=O)[O-])C=CC=C4)))).[Na+].[Na+],750.65146,750.65146,M00969A,N008,MERBROMIN,,"antibacterial, synthetic"
YU227068,1,Microsource,1504286,Pharmakon 1600,144060-53-7,S1(C(=NC(=C1C(=O)O)C)C2(=CC(C#N)=C(OCC(C)C)C=C2)),316.37592,316.37592,M00969A,N009,FEBUXOSTAT,febuxostat,DB04854
YU227118,1,Microsource,1502260,Pharmakon 1600,71751-41-2,O=C5(OC2(CC1(OC(C(C)C=C1)C(CC)C)(OC(C2)CC=C(C(OC4(OC(C(OC3(OC(C(O)C(C3)OC)C))C(C4)OC)C))C(C=CC=C7(C6(C5C=C(C(O)C6OC7)C)(O)))C)C))),873.07688,873.07688,M00969A,N010,ABAMECTIN (avermectin B1a shown),AGRI-MEK,"antiparisitic, Streptomyces avermitilis; MK-956"
YU227069,1,Microsource,1505714,Pharmakon 1600,133099-07-7,[BrH].O=C(N)C(C1(=CC=CC=C1))(C2(=CC=CC=C2))C5(CN(CCC4(=CC3(=C(OCC3)C=C4)))CC5),507.46202,507.46202,M00969A,N011,DARIFENACIN HYDROBROMIDE,ENABLEX,"M3 muscarinic antagonist, bladder suppressant, synthetic; UK-88525-04"
YU227119,1,Microsource,1504835,Pharmakon 1600,57808-65-8,IC3(=C(O)C(C(=O)NC2(=C(C=C(C(C#N)C1(=CC=C(Cl)C=C1))C(=C2)Cl)C))=CC(=C3)I),663.07318,663.07318,M00969A,N012,CLOSANTEL,closantel,"anthelmintic, synthetic; R-31520"
YU227070,1,Microsource,1504414,Pharmakon 1600,42017-89-0,ClC2(=CC=C(C(=O)C1(=CC=C(OC(C(=O)O)(C)C)C=C1))C=C2),318.7513,318.7513,M00969A,N013,FENOFIBRIC ACID,TRILIPIX,"antihyperlipidemic, synthetic; ABT-335"
YU227120,1,Microsource,1504932,Pharmakon 1600,"52341-33-0, 52645-53-1",ClC(Cl)=CC1(C(C)(C)C1C(=O)OCC3(=CC(OC2(=CC=CC=C2))=CC=C3)),391.2871,391.2871,M00969A,N014,PERMETHRIN,VECTRA-3D,"ectoparasiticide, CNS stimuant, mutagen, synthetic; FMC-33297, NRDC-143, UNII-509F88P9SZ"
YU227071,1,Microsource,1300012,Pharmakon 1600,299-28-5,[Ca+2].O=C([O-])C(O)C(O)C(O)C(O)C(O)CO.O=C([O-])C(O)C(O)C(O)C(O)C(O)CO,490.42464,490.42464,M00969A,N015,CALCIUM GLUCEPTATE,,"calcium replenisher, synthetic"
YU227121,1,Microsource,1504417,Pharmakon 1600,72956-09-3,O(C3(=C1(C(NC2(=C1C=CC=C2))=CC=C3)))CC(O)CNCCOC4(=C(OC)C=CC=C4),406.47432,406.47432,M00969A,N016,CARVEDILOL PHOSPHATE,carvedilol,DB01136
YU227072,1,Microsource,1505831,Pharmakon 1600,486460-32-6,P(=O)(O)(O)O.FC3(=C(F)C=C(CC(N)CC(=O)N2(CC1(=NN=C(N1CC2)C(F)(F)F)))C(=C3)F).O,523.32428,523.3242802,M00969A,N017,SITAGLIPTIN MONOPHOSPHATE MONOHYDRATE,JANUVIA,"DPP4 inhibitor, antidiabetic, synthetic; MK-0431"
YU227122,1,Microsource,1505905,Pharmakon 1600,182815-44-7,,0.0,0.0,M00969A,N018,POLYMER COLESEVALAM HYDROCHLORIDE (high mol wt copolymer @10mg/ml),WELCHOL,"antihyperlipidemic, cholesterol sequestrant, synthetic; GT-31-104"
YU034217,3,Microsource,1501173,Pharmakon 1600,103-84-4,O=C(NC1(=CC=CC=C1))C,135.1632,135.1632,M00969A,N019,ACETANILIDE,ANTIFEBRIN,"analgesic, antipyretic, synthetic"
YU227123,1,Microsource,1502348,Pharmakon 1600,101831-37-2,ClC1(=C(C(Cl)=CC(=C1)N2(N=CC(=O)NC2=O))C(C#N)C3(=CC=C(Cl)C=C3)),407.63722,407.63722,M00969A,N020,DICLAZURIL,diclazuril,"coccidiostat, synthetic; R-64433"
YU227073,1,Microsource,2300062,Pharmakon 1600,80-77-3,ClC2(=CC=C(C1(S(=O)(=O)CCC(N1C)=O))C=C2),273.73662,273.73662,M00969A,N021,CHLORMEZANONE,chlormezanone,DB01178
YU227124,1,Microsource,1502040,Pharmakon 1600,56796-39-5,S1(C3(N(C(C(=O)[O-])=C(C1)CSC2(=NN=NN2C))C(=O)C3(OC)NC(=O)CSCC#N)).[Na+],493.51949,493.51949,M00969A,N022,CEFMETAZOLE SODIUM,ZEFAZONE,"antibacterial, semisynthetic"
YU226955,1,Microsource,1502111,Pharmakon 1600,320-67-2,O=C1(N=C(N=CN1C2(OC(CO)C(C2O)O))N),244.20484,244.20484,M00969A,O003,AZACITIDINE,azacitidine,"antineoplastic, pyrimidine antimetabolite, synthetic; U-18496; NSC-102816"
YU227017,1,Microsource,1500473,Pharmakon 1600,"136-40-3, 94-78-0 [phenazopyridine]",Cl.N2(=C(N)C(N=NC1(=CC=CC=C1))=CC=C2N),249.69938,249.69938,M00969A,O004,PHENAZOPYRIDINE HYDROCHLORIDE,PYRIDIUM,"analgesic, synthetic; NC-150, W-1655"
YU039700,4,Microsource,1505261,Pharmakon 1600,144701-48-4,O=C(O)C6(=C(C5(=CC=C(CN4(C1(=C(C(=CC(=C1)C2(=NC=3(C=CC=CC=3(N2C))))C)N=C4CCC)))C=C5))C=CC=C6),514.61706,514.61706,M00969A,O005,TELMISARTAN,telmisartan,"antihypertensive, angiotensin II blocker, synthetic; BIBR-277 SE"
YU039441,4,Microsource,1500476,Pharmakon 1600,"156-51-4, 51-71-8 [phenelzine]",S(=O)(=O)(O)O.N(N)CCC1(=CC=CC=C1),234.27384,234.27384,M00969A,O006,PHENELZINE SULFATE,NARDIL,"antidepressant, synthetic"
YU034091,2,Microsource,1500673,Pharmakon 1600,25717-80-0,O=C(OCC)[N-]C=1(ON=[N+](C=1)N2(CCOCC2)),242.23202,242.23202,M00969A,O007,MOLSIDOMINE,CORVATON,"antianginal, synthetic; CAS-276"
YU227018,1,Microsource,1500485,Pharmakon 1600,"630-93-3, 57-41-0 [phenytoin]",[Na+].O=C3(NC(C1(=CC=CC=C1))(C2(=CC=CC=C2))C([N-]3)=O),274.24989,274.24989,M00969A,O008,PHENYTOIN SODIUM,phenytoin,"anticonvulsant, antieleptic, synthetic"
YU226956,1,Microsource,1506084,Pharmakon 1600,466-06-8,O=C6(OC=C(C5(C4(C(O)(C3(C(C2(C(=CC(OC1(OC(O)C(O)C(C1O)O))CC2)CC3)(C))CC4))CC5)(C)))C=C6),532.6225,532.6225,M00969A,O009,PROSCILLARIDIN,CARADRIN,"cardiotonic, Scilla spp; A-32686, 2936"
YU227019,1,Microsource,1500478,Pharmakon 1600,"132-20-7, 86-21-5 [pheniramine]",O=C(O)C=CC(=O)O.N1(=C(C=CC=C1)C(C2(=CC=CC=C2))CCN(C)C),356.41564,356.41564,M00969A,O010,PHENIRAMINE MALEATE,pheniramine,"antihistaminic, synthetic"
YU226957,1,Microsource,1503867,Pharmakon 1600,1403-17-4,O=C2(OC(C(C=CC=CC=CC=CC=CC=CC=CC(OC1(OC(C(O)C(C1N)O)C))CC(C(C(CC(CC(CC(CC(CC(CCCC(C2)=O)=O)O)O)O)=O)O)C(=O)O)O)C)C(CC(C(O)CC(=O)C3(=CC=C(N)C=C3))C)C),1109.30094,1109.30094,M00969A,O011,CANDICIDIN,VANOBID,"antifungal, synthetic; NSC-94219"
YU227020,1,Microsource,1501104,Pharmakon 1600,"3963-95-9, 914-00-1 [methacycline]",Cl.O=C2(C1(=C(O)C=CC=C1C(=C)C4(C2=C(O)C3(O)(C(=O)C(=C(O)C(C3C4O)N(C)C)C(=O)N)))),478.8794,478.8794,M00969A,O012,METHACYCLINE HYDROCHLORIDE,RONDOMYCIN,"antibacterial, semisynthetic"
YU226958,1,Microsource,1502553,Pharmakon 1600,5588-21-6,O=C(N)C=CC1(=CC(OC)=C(OC)C(=C1)OC),237.25184,237.25184,M00969A,O013,CINTRIAMIDE,,"antipsychotic, Alstonia lenorrmandii"
YU227021,1,Microsource,1501105,Pharmakon 1600,"58-58-2, 53-79-2 [puromycin]",Cl.Cl.O=C(NC3(C(O)C(N2(C1(=NC=NC(=C1N=C2)N(C)C)))OC3CO))C(N)CC4(=CC=C(OC)C=C4),544.43112,544.43112,M00969A,O014,PUROMYCIN DIHYDROCHLORIDE,,"antineoplastic, antiprotozoal, Streptomyces alboniger; CL-16536"
YU226959,1,Microsource,330068,Pharmakon 1600,121-21-1,O=C1(C(=CC(C1)OC(=O)C2(C(C)(C)C2C=C(C)C))CC=CC=C),314.41864,314.41864,M00969A,O015,PYRETHRINS,DRIONE,"insecticide, Na channel toxin, Chrysanthemum cinerariaefolium [R = COOMe and R = Me]"
YU227022,1,Microsource,1501115,Pharmakon 1600,"23277-43-2, 20594-83-6 [nalbuphine]",Cl.O2(C1(=C(O)C=CC6(=C1C35(C2C(O)CCC3(O)C(N(CC4(CCC4))CC5)C6)))),393.90406,393.90406,M00969A,O016,NALBUPHINE HYDROCHLORIDE,NUBAIN,"analgesic, narcotic antagonist, synthetic; EN-2234A"
YU226960,1,Microsource,1503425,Pharmakon 1600,138729-47-2,ClC4(=CN=C(N1(C(=O)C=3(N=CC=NC=3(C1OC(=O)N2(CCN(C)CC2)))))C=C4),388.80822,388.80822,M00969A,O017,ESZOPICLONE,eszopiclone,DB00402
YU227023,1,Microsource,1502310,Pharmakon 1600,96036-03-2,S(C1(=C(N2(C(=O)C(C2(C1C))C(O)C))C(=O)O))C3(CNC(C3)C(=O)N(C)C),383.46362,383.46362,M00969A,O018,MEROPENEM,MERREM,"antibacterial, semisynthetic; ICI-194660; SM-7338"
YU225098,2,Microsource,1500685,Pharmakon 1600,5786-21-0,ClC3(=CC=2(N=C(N1(CCN(C)CC1))C=4(C=CC=CC=4(NC=2C=C3)))),326.82312,326.82312,M00969A,O019,CLOZAPINE,CLOZARIL,"antipsychotic, synthetic; HF-1854"
YU227024,1,Microsource,1501120,Pharmakon 1600,"25953-17-7, 25905-77-5 [minaprine]",Cl.Cl.O3(CCN(CCNC2(=NN=C(C1(=CC=CC=C1))C=C2C))CC3),371.30422,371.30422,M00969A,O020,MINAPRINE HYDROCHLORIDE,minaprine,"antidepressant, psychotropic, synthetic; CB-30038"
YU221228,3,Microsource,1300040,Pharmakon 1600,1716-12-7,[Na+].O=C([O-])CCCC1(=CC=CC=C1),186.18291,186.18291,M00969A,O021,SODIUM PHENYLBUTYRATE,BUPHENYL,"antihyperammonemic,antineoplastic, synthetic"
YU034513,3,Microsource,1503927,Pharmakon 1600,75706-12-6,FC(F)(F)C2(=CC=C(NC(=O)C1(=C(ON=C1)C))C=C2),270.2073496,270.20735,M00969A,O022,LEFLUNOMIDE,leflunomide,"antineoplastic, PDGF receptor blocker, immunomodulator, synthetic; SU-101; HWA-486"
YU227074,1,Microsource,1900005,Pharmakon 1600,"71-73-8, 76-75-5 [thiopental]",[S-]C1(=NC(=O)C(C(CCC)C)(CC)C(N1)=O).[Na+],264.32073,264.32073,M00969A,P003,THIOPENTAL SODIUM,PENTOTHAL,"anesthetic, synthetic"
YU227125,1,Microsource,1502316,Pharmakon 1600,16915-70-1,O=[N+]([O-])C2(=C(O)C(C(=O)NN=CC=1(OC([N+](=O)[O-])=CC=1))=CC(=C2)[N+](=O)[O-]),365.21228,365.21228,M00969A,P004,NIFURSOL,,"antiprotozoal, synthetic"
YU227075,1,Microsource,1500839,Pharmakon 1600,485-71-2,OC(C=1(C=2(C(N=CC=1)=CC=CC=2)))C3(N4(CC(C=C)C(C3)CC4)),294.39086,294.39086,M00969A,P005,CINCHONIDINE,,"antimalarial, Cinchona spp"
YU227126,1,Microsource,330071,Pharmakon 1600,58-89-9,ClC1(C(Cl)C(Cl)C(Cl)C(C1Cl)Cl),290.82804,290.82804,M00969A,P006,LINDANE,SCABENE,"pediculicide, insecticide, synthetic; gamma-BHC"
YU227075,2,Microsource,1500841,Pharmakon 1600,118-10-5,OC(C=1(C=2(C(N=CC=1)=CC=CC=2)))C3(N4(CC(C=C)C(C3)CC4)),294.39086,294.39086,M00969A,P007,CINCHONINE,,"antimalarial, Cinchona spp"
YU227127,1,Microsource,1301001,Pharmakon 1600,56-84-8,O=C(O)C(N)CC(=O)O,133.10272,133.10272,M00969A,P008,ASPARTIC ACID (L),aspartic acid,DB00128
YU227076,1,Microsource,1503868,Pharmakon 1600,121-59-5,[As](=O)(O)(O)C1(=CC=C(NC(=O)N)C=C1),260.07904,260.07904,M00969A,P009,CARBARSONE,carbarsone,"antiamebic, antiprotozoal, synthetic"
YU227128,1,Microsource,1503840,Pharmakon 1600,140678-14-4,[Mn]2(OC1(=C(C=C(COP(=O)(O)[O-])N=C1C)CN(CCN(CC3(=C(O2)C(=NC(=C3)COP(=O)(O)[O-])C))CC(=O)[O-])CC(=O)O)).[Na+].[Na+].[Na+],757.32322,757.323221,M00969A,P010,MANGAFODIPIR TRISODIUM,TESLASCAN,"paramagnetic agent, synthetic; WIN-59010"
YU227077,1,Microsource,1503212,Pharmakon 1600,"49745-95-1, 34368-04-2 [dobutamine]",Cl.OC1(=C(O)C=CC(=C1)CCNCC(CC2(=CC(O)=CC=C2))C),337.8408,337.8408,M00969A,P011,DOBUTAMINE HYDROCHLORIDE,DOBUTREX,"cardiotonic, synthetic; 46236"
YU227129,1,Microsource,1502106,Pharmakon 1600,41575-94-4,[Pt]2(OC(=O)C1(CCC1)(C(O2)=O)).N.N,371.24856,371.24856,M00969A,P012,CARBOPLATIN,PARAPLATIN,"antineoplastic, convulsant, PARAPLATIN"
YU227078,1,Microsource,330018,Pharmakon 1600,62-73-7,ClC(Cl)=COP(=O)(OC)OC,220.975141,220.975141,M00969A,P013,DICHLORVOS,dichlorvos,"insecticide, cholinesterase inhibitor, synthetic"
YU227130,1,Microsource,1506170,Pharmakon 1600,2272-11-09 00:00:00,O=C([O-])CCCCCCCC=CCCCCCCCC.OCC[NH3+],343.54448,343.54448,M00969A,P014,ETHANOLAMINE OLEATE,ETHAMOLIN,"sclerosing agent, synthetic"
YU039628,4,Microsource,1505361,Pharmakon 1600,68693-11-8,S(=O)(C(C1(=CC=CC=C1))C2(=CC=CC=C2))CC(=O)N,273.35114,273.35114,M00969A,P015,MODAFINIL,modafinil,"analeptic, synthetic; CRL-40476, CEP-1538"
YU040061,3,Microsource,1506171,Pharmakon 1600,92-94-2,S1(C3(=C(NC2(=C1C=CC=C2))C=CC=C3)),199.2726,199.2726,M00969A,P016,PHENOTHIAZINE,phenothiazine,"anthelmintic, synthetic"
YU227079,1,Microsource,1900002,Pharmakon 1600,"337-47-3, 77-27-0 [thiamylal]",[S-]C1(=NC(=O)C(C(CCC)C)(CC=C)C(N1)=O).[Na+],276.33143,276.33143,M00969A,P017,THIAMYLAL SODIUM,SURITAL,"anesthetic, synthetic"
YU034425,2,Microsource,1503304,Pharmakon 1600,51-79-6,O=C(OCC)N,89.09322,89.09322,M00969A,P018,URETHANE,urethane,"antineoplastic, cytotoxic, synthetic; NSC-746"
YU039615,3,Microsource,1505200,Pharmakon 1600,86541-74-4,Cl.O=C2(N(C1(=C(C=CC=C1)CCC2NC(C(=O)OCC)CCC3(=CC=CC=C3)))CC(=O)O),460.95024,460.95024,M00969A,P019,BENAZEPRIL HYDROCHLORIDE,LOTENSIN,"ACE inhibitor, antihypertensive, synthetic"
YU221557,2,Microsource,212037,Pharmakon 1600,150-76-5,O(C1(=CC=C(O)C=C1))C,124.13722,124.13722,M00969A,P020,MEQUINOL,mequinol,"skin depigmentor, synthetic; BMS-181158"
YU227080,1,Microsource,300607,Pharmakon 1600,153-18-4,O=C3(C(OC1(OC(C(O)C(C1O)O)COC2(OC(C(O)C(C2O)O)C)))=C(OC4(=C3C(O)=CC(=C4)O))C5(=CC(O)=C(O)C=C5)),610.5175,610.5175,M00969A,P021,RUTIN,rutoside,"vascular protectant, Ruta graveolens, widespread in plants"
YU227131,1,Microsource,1503234,Pharmakon 1600,57-57-8,O=C1(OCC1),72.06266,72.06266,M00969A,P022,PROPIOLACTONE,propiolactone,"antiinfective, synthetic; NSC-21626"
YU223579,2,Microsource,1503637,Pharmakon 1600,20229-30-5,S3(C1(=C(C=C(SC)C=C1)C(N2(CCN(C)CC2))CC4(=C3C=CC=C4))).O=C(O)C=CC(=O)O,472.6222,472.6222,M00970A,A003,METITEPINE MALEATE,,"5HT1&2 receptor antagonist, synthetic"
YU227192,1,Microsource,1500618,Pharmakon 1600,8018-07-03 00:00:00,[Cl-].[N+]=1(C=3(C(C=C2(C=1C=C(N)C=C2))=CC=C(C=3)N))(C),259.73388,259.73388,M00970A,A004,ACRIFLAVINIUM HYDROCHLORIDE,PANFLAVIN,"antiinfective, intercalating agent, synthetic"
YU227132,1,Microsource,1503921,Pharmakon 1600,2098-66-0,ClC=2(C1(=CC(=O)C5(C(C1(C3(CCC4(C(C3(C=2))CCC4(O)C(=O)C)(C)))C)C5))),374.90068,374.90068,M00970A,A005,CYPROTERONE,,"antiandrogen, synthetic; SH-881"
YU227193,1,Microsource,1503894,Pharmakon 1600,128-20-1,O=C(C4(C3(C(C2(C(C1(C(CC(O)CC1)CC2)(C))CC3))CC4)(C)))C,318.49346,318.49346,M00970A,A006,ELTANOLONE,,"anesthetic, semisynthetic"
YU141012,2,Microsource,1504523,Pharmakon 1600,19368-18-4,O=C(O)C2(=C(C(=O)NC1(=C(C=CC=C1C)C))C=CC=C2),269.29524,269.29524,M00970A,A007,FTAXILIDE,ftaxilide,"antiulcer, synthetic; MP-12"
YU034321,2,Microsource,1502248,Pharmakon 1600,70-18-8,SCC(NC(=O)CCC(N)C(=O)O)C(=O)NCC(=O)O,307.3246,307.3246,M00970A,A008,GLUTATHIONE,,"antioxidant, plant and animal tissue"
YU034531,2,Microsource,1503032,Pharmakon 1600,486-79-3,O=C(O)C1(=C(OC(=O)C)C(OC(=O)C)=CC=C1),238.1935,238.1935,M00970A,A009,DIPYROCETYL,dipyrocetyl,"antirheumatic, analgesic, synthetic"
YU227194,1,Microsource,1502213,Pharmakon 1600,"156706-47-7, 17035-90-4(base)",Cl.O=C(O)C(N)CCCNC(=NC)N,224.68834,224.68834,M00970A,A010,TILARGININE HYDROCHLORIDE,TARGININE,"NO synthase inhibitor, broad-bean seeds and brain tissue; 546-C-88, ANO-1020"
YU227133,1,Microsource,1504187,Pharmakon 1600,80880-90-6,Cl.S2(C(=C3(N(C1(=C(C=CC=C1)NC(C3(=C2))=O))C(=O)CN4(CCN(C)CC4)))C),406.93038,406.93038,M00970A,A011,TELENZEPINE HYDROCHLORIDE,,"antiulcer, M1 muscarinic antagonist, synthetic"
YU227195,1,Microsource,1502412,Pharmakon 1600,556-08-1,O=C(O)C1(=CC=C(NC(=O)C)C=C1),179.1727,179.1727,M00970A,A012,ACEDOBEN,acedoben,DB04500
YU227134,1,Microsource,1503114,Pharmakon 1600,34493-98-6,S(=O)(=O)(O)O.O3(C(OC2(C(O)C(OC1(OC(CCC1N)CN))C(N)CC2N))C(O)C(N)C(C3CO)O),549.59476,549.59476,M00970A,A013,DIBEKACIN,,"antibacterial, semisynthetic"
YU220957,3,Microsource,1502285,Pharmakon 1600,71675-85-9,S(=O)(=O)(C1(=C(N)C=C(OC)C(=C1)C(=O)NCC2(N(CCC2)CC)))CC,369.4801,369.4801,M00970A,A014,AMISULPRIDE,amisulpride,"antipsychotic, synthetic"
YU227135,1,Microsource,1503920,Pharmakon 1600,3703-76-2,ClC3(=CC=C(C(OCCN1(CCCCC1))C2(=CC=CC=C2))C=C3).Cl,366.32404,366.32404,M00970A,A015,CLOPERASTINE HYDROCHLORIDE,cloperastine,"antitussive, synthetic; HT-11"
YU227196,1,Microsource,1301022,Pharmakon 1600,110-17-8,O=C(O)C=CC(=O)O,116.07216,116.07216,M00970A,A016,FUMARIC ACID,,"acidifyer, widespread in nature"
YU034550,2,Microsource,1500641,Pharmakon 1600,100-33-4,S(=O)(=O)(O)CCO.S(=O)(=O)(O)CCO.O(C1(=CC=C(C(=N)N)C=C1))CCCCCOC2(=CC=C(C(=N)N)C=C2),592.6849,592.6849,M00970A,A017,PENTAMIDINE ISETHIONATE,pentamidine,"antiprotozoal, inhibits nucleic acid & protein synthesis, synthetic; MB-800, RP-2512"
YU225165,2,Microsource,1502303,Pharmakon 1600,101477-55-8,FC4(=CC=C(C(N2(CCN(CC1(=C(OC)C(OC)=C(OC)C=C1))CC2))C3(=CC=C(F)C=C3))C=C4),468.5355864,468.5355864,M00970A,A018,LOMERIZINE HYDROCHLORIDE,lomerizine,"antimigraine, cerebral vasodilator, Ca channel blocker, synthetic; KB-2796"
YU227136,1,Microsource,310006,Pharmakon 1600,"4884-68-8, 6592-85-4 [hydrastinine]",Cl.O3(C1(=C(C=C2(CCN(C(C2(=C1))O)C))OC3)),243.6865,243.6865,M00970A,A019,HYDRASTININE HYDROCHLORIDE,,"cardiotonic, uterine hemostatic, derivative of hydrastine (01501009)"
YU227197,1,Microsource,1502311,Pharmakon 1600,119637-67-1,S1(C(N(C(=O)CC(=O)OCC)CC1)COC2(=C(OC)C=CC=C2)),339.40768,339.40768,M00970A,A020,MOGUISTEINE,moguisteine,"antitussive, non-narcotic, synthetic"
YU227137,1,Microsource,1501114,Pharmakon 1600,314-03-4,S2(C4(=C(C(=C1(CCN(C)CC1))C3(=C2C=CC=C3))C=CC=C4)).O=C(O)C=CC(=O)O,409.49906,409.49906,M00970A,A021,PIMETHIXENE MALEATE,pimethixene,"H1 antihistamine, synthetic; BP-400"
YU227198,1,Microsource,1502319,Pharmakon 1600,163680-77-1; 127045-41-4,S(=O)(=O)(O)C.FC2(=C(C=1(OCC(C)N3(C=1C(=C2)C(=O)C(C(=O)O)=C3)))C4(N)(CC4)),414.40644,414.4064432,M00970A,A022,PAZUFLOXACIN MESYLATE,PAZUCROSS,"antibacterial, symthetic; T-3761"
YU227244,1,Microsource,330058,Pharmakon 1600,2921-88-2,ClC1(=NC(OP(=S)(OCC)OCC)=C(Cl)C=C1Cl),350.58644,350.586441,M00970A,B003,CHLORPYRIFOS,DURSBAN,"insecticide, synthetic; Dowco-179, ENT-27311"
YU225183,2,Microsource,1502375,Pharmakon 1600,89796-99-6,ClC2(=C(NC1(=C(C=CC=C1)CC(=O)OCC(=O)O))C(Cl)=CC=C2),354.18416,354.18416,M00970A,B004,ACECLOFENAC,aceclofenac,"antiinflammatory, analgesic, synthetic; PR-82/3"
YU227245,1,Microsource,1502003,Pharmakon 1600,2438-72-4,O=C(NO)CC1(=CC=C(OCCCC)C=C1),223.26832,223.26832,M00970A,B005,BUFEXAMAC,bufexamac,"antiinflammatory, analgesic, antipyretic, synthetic; CP-1044-J3"
YU227280,1,Microsource,1500656,Pharmakon 1600,4360-17-7,OC4(N2(C5(C1(N(C=6(C=CC=CC=6(C13(CC2C(C3(O))C(C4CC)C5))))C)))),326.43272,326.43272,M00970A,B006,AJMALINE,,"antiarrhythmic (Class Ia): inhibits glucose uptake by mitochondria, & PAF blocker, Rauwolfia spp., Melodinus balansae, Tonduzia longifolia"
YU034534,2,Microsource,1600716,Pharmakon 1600,128-37-0,OC1(=C(C=C(C)C=C1C(C)(C)C)C(C)(C)C),220.35046,220.35046,M00970A,B007,BUTYLATED HYDROXYTOLUENE,BHT,"antioxidant, synthetic; 2,6-DI-t-BUTYL-4-METHYLPHENOL"
YU227281,1,Microsource,1505460,Pharmakon 1600,1501-84-4,Cl.NC(C12(CC3(CC(C1)CC(C2)C3)))C,215.76252,215.76252,M00970A,B008,RIMANTADINE HYDROCHLORIDE,FLUMADINE,"antiviral, synthetic; EXP-126"
YU034150,2,Microsource,1500996,Pharmakon 1600,3820-67-5,ClC2(=CC1(=NC=CC(=C1C=C2)NC3(=C(C(=O)OCC(O)CO)C=CC=C3))),372.80206,372.80206,M00970A,B009,GLAFENINE,glafenine,"analgesic, synthetic; R-1707"
YU227282,1,Microsource,1504027,Pharmakon 1600,485-35-8,O=C1(N2(C(=CC=C1)C3(CNCC(C2)C3))),190.24174,190.24174,M00970A,B010,CYTISINE,CYTITON,"antiinflammatory, respiratory stimulant, Thermopsis lanceolata"
YU034197,2,Microsource,1501143,Pharmakon 1600,526-08-9,S(=O)(=O)(NC=1(N(N=CC=1)C2(=CC=CC=C2)))C3(=CC=C(N)C=C3),314.36342,314.36342,M00970A,B011,SULFAPHENAZOLE,sulfaphenazole,"antibacterial, synthetic"
YU227283,1,Microsource,1505334,Pharmakon 1600,5610-40-2,O=C3(OC24(C1(N(CCCC1)C(C2)C=CC4(=C3)))),217.26374,217.26374,M00970A,B012,SECURININE,securinine,"GABAA receptor blocker, CNS stimulant, Securinega spp and Phyllanthus discoides"
YU034211,2,Microsource,1501157,Pharmakon 1600,27470-51-5,O=C2(N(N(C1(=CC=CC=C1))C(C2(COC(=O)CCC(=O)O)CCCC)=O)C3(=CC=CC=C3)),438.47312,438.47312,M00970A,B013,SUXIBUZONE,suxibuzone,"analgesic, antipyretic, antiinflammatory, synthetic"
YU227284,1,Microsource,1505355,Pharmakon 1600,103055-07-8,ClC1(=C(OC(F)(F)C(F)C(F)(F)F)C=C(Cl)C(=C1)NC(=O)NC(=O)C2(=C(F)C=CC=C2F)),511.1497256,511.1497256,M00970A,B014,LUFENURON,lufenuron,"molt inhibitor, chitin synthesis inhibitor; insecticide, synthetic; CGA-184699"
YU034232,3,Microsource,1501198,Pharmakon 1600,13710-19-5,ClC2(=C(C(NC1(=C(C(=O)O)C=CC=C1))=CC=C2)C),261.70332,261.70332,M00970A,B015,TOLFENAMIC ACID,tolfenamic acid,"antiinflammatory, analgesia, synthetic"
YU227285,1,Microsource,330012,Pharmakon 1600,56-72-4,ClC=1(C(=O)OC=2(C=C(OP(=S)(OCC)OCC)C=CC=2(C=1C))),362.766301,362.766301,M00970A,B016,COUMOPHOS,coumafos,"insecticide, cholinesterase inhibitor, synthetic; Bayer-21199"
YU034337,2,Microsource,1503043,Pharmakon 1600,362-74-3,P4(=O)(OC3(C(OC(=O)CCC)C(N2(C1(=NC=NC(=C1N=C2)NC(=O)CCC)))OC3CO4))(O),469.38582,469.38582,M00970A,B017,BUCLADESINE,ACTOSIN,"vasodilator, synthetic"
YU227286,1,Microsource,1504030,Pharmakon 1600,6805-41-0,O=C(OC6(C(CC7(C5(=CCC8(C4(C(C(C(OC2(OC(C(=O)O)C(OC1(OC(C(O)C(C1O)O)CO))C(C2OC3(OC(C(O)C(C3O)O)CO))O))CC4)(CO)C)CCC8(C5(C)CC(C7(C6OC(=O)C)(CO))O)(C))(C)))))(C)C))C(=CC)C,1131.25694,1131.25694,M00970A,B018,beta-ESCIN,,"membrane permeabilizer, Aesculus hippocastanum"
YU034433,2,Microsource,1503391,Pharmakon 1600,673-06-3,O=C(O)C(N)CC1(=CC=CC=C1),165.18918,165.18918,M00970A,B019,D-PHENYLALANINE,,"antidepressant, synthetic"
YU034057,3,Microsource,1500616,Pharmakon 1600,97-44-9,[As](=O)(O)(O)C1(=CC(NC(=O)C)=C(O)C=C1),275.09034,275.09034,M00970A,B020,ACETARSOL,acetarsol,"antiprotozoal; diethylamine salt as antiphilitic, synthetic"
YU224334,3,Microsource,1503051,Pharmakon 1600,127-47-9,O=C(OCC=C(C=CC=C(C=CC1(=C(CCCC1(C)C)C))C)C)C,328.48828,328.48828,M00970A,B021,RETINYL ACETATE,,"vitamin precursor, semisynthetic"
YU227287,1,Microsource,1301020,Pharmakon 1600,62-42-3,O2(C(OC1(C(O)C(O)C(O)OC1CO))C(O)C(O)C(C2CO)O).O,360.31176,360.31176,M00970A,B022,LACTOSE MONOHYDRATE,,"nutrient, pharmaceutic aid, mamalian milk, widespread in nature"
YU227138,1,Microsource,1505168,Pharmakon 1600,1837-57-6; 6402-23-9 (hydrate),O=C(O)C(O)C.O(C3(=CC2(=C(N)C=1(C(=CC(N)=CC=1)N=C2C=C3))))CC,343.37716,343.37716,M00970A,C003,ETHACRIDINE LACTATE,RIVANOL,"antiseptic, abortifaceant, synthetic"
YU225263,2,Microsource,1502317,Pharmakon 1600,64224-21-1,S=C1(SSC(=C1C)C2(=NC=CN=C2)),226.34472,226.34472,M00970A,C004,OLTIPRAZ,oltipraz,"schistosomicide, antineoplastic, synthetic"
YU227139,1,Microsource,330017,Pharmakon 1600,333-41-5,S=P(OC1(=NC(=NC(=C1)C)C(C)C))(OCC)OCC,304.346581,304.346581,M00970A,C005,DIMPYLATE,dimpylate,"insecticide, cholinesterase inhibitor, synthetic; G-24480"
YU225273,2,Microsource,1502324,Pharmakon 1600,52549-17-4,O=C(O)C(C3(=CC1(=C(OC=2(N=CC=CC=2(C1)))C=C3)))C,255.26866,255.26866,M00970A,C006,PRANOPROFEN,pranoprofen,"antiinflammatory, synthetic"
YU227140,1,Microsource,1300022,Pharmakon 1600,50-01-1,Cl.Cl.N=C(N)N,131.9919,131.9919,M00970A,C007,GUANIDINE HYDROCHLORIDE,,"cholinergic, mushrooms, grains, earthworms"
YU227199,1,Microsource,1502328,Pharmakon 1600,123447-62-1,FC4(=C(N2(CCN(CC=1(OC(=O)OC=1C))CC2))C=C5(N3(C(CC3C)=C(C(C5(=C4))=O)C(=O)O))),443.4251,443.4251032,M00970A,C008,PRULIFLOXACIN,QUISNON,"antibacterial, synthetic; NAD-441A"
YU227141,1,Microsource,1300042,Pharmakon 1600,139-88-8,S(=O)(=O)(OC(CC(C)C)CCC(CCCC)CC)[O-].[Na+],316.43343,316.43343,M00970A,C009,SODIUM TETRADECYL SULFATE,SOTRADECOL,"sclerosing agent, synthetic"
YU227200,1,Microsource,1502329,Pharmakon 1600,76748-86-2,ClC3(=CC2(=NC=1(C(=NC(OC)=CC=1)C(=C2C=C3)NC4(=CC(=C(O)C(=C4)CN5(CCCC5))CN6(CCCC6))))).P(=O)(O)(O)O.P(=O)(O)(O)O.P(=O)(O)(O)O.P(=O)(O)(O)O,910.0303,910.030304,M00970A,C010,PYRONARIDINE TETRAPHOSPHATE,,"antimalarial, synthetic"
YU221326,2,Microsource,1503606,Pharmakon 1600,52315-07-8,ClC(Cl)=CC1(C(C)(C)C1C(=O)OC(C#N)C3(=CC(OC2(=CC=CC=C2))=CC=C3)),416.2966,416.2966,M00970A,C011,CYPERMETHRIN,BASATHRIN,"insecticide, synthetic; FMC-30980, PP-383"
YU040342,3,Microsource,1502322,Pharmakon 1600,121808-62-6,S2(CN(C(=O)C1(NC(=O)CC1))C(C2)C(=O)O),244.26866,244.26866,M00970A,C012,PIDOTIMOD,pidotimod,"immune stimulant, synthetic"
YU227142,1,Microsource,1503742,Pharmakon 1600,3684-46-6,[Br]C3(=C(OC(=O)C1(=CC=CC=C1))C2(=NC(=CC=C2C(=C3)[Br])C)),421.08278,421.08278,M00970A,C013,BROXALDINE,broxaldine,"antiinfective, antifungal, synthetic"
YU220979,3,Microsource,1502335,Pharmakon 1600,"106017-08-7, 101363-10-4",S4(C2(=C(N1(CCN(C)CC1))C(F)=CC3(=C2N(C=C(C(=O)O)C3=O)CC4))),363.4076432,363.4076432,M00970A,C014,RUFLOXACIN HYDROCHLORIDE,rufloxacin,"antibacterial, synthetic; MF-934, ISF-09334"
YU227143,1,Microsource,1503917,Pharmakon 1600,37148-27-9,ClC1(=C(N)C(Cl)=CC(=C1)C(O)CNC(C)(C)C),277.1896,277.1896,M00970A,C015,CLENBUTEROL HYDROCHLORIDE,clenbuterol,DB01407
YU225294,2,Microsource,1502342,Pharmakon 1600,113712-98-4,S(=O)(C1(=NC=2(N=C(OC)C=CC=2(N1))))CC3(=NC=C(C)C(=C3C)OC),346.40528,346.40528,M00970A,C016,TENATOPRAZOLE,tenatoprazole,"anti-ulcer, proton pump inhibitor, synthetic"
YU227144,1,Microsource,1503886,Pharmakon 1600,87940-60-1,ClC2(=CC=C(C(=O)NCCCN1(CCOCC1))C=C2),282.76564,282.76564,M00970A,C017,EPROBEMIDE,eprobemide,"antidepressant, synthetic"
YU227201,1,Microsource,1502344,Pharmakon 1600,"105826-92-4, 89565-68-4",Cl.O=C(OC1(CC2(N(C)C(C1)CC2)))C=4(C3(=C(C=CC=C3)NC=4)),320.81362,320.81362,M00970A,C018,TROPISETRON HYDROCHLORIDE,NAVOBAN,"antiemetic, synthetic"
YU225243,2,Microsource,1502353,Pharmakon 1600,122898-67-3,O=C(NCC1(=CC=C(OCCN(C)C)C=C1))C2(=CC(OC)=C(OC)C=C2),358.43152,358.43152,M00970A,C019,ITOPRIDE  HYDROCHLORIDE,itopride,"dyspepsia therapy, synthetic"
YU227202,1,Microsource,1502349,Pharmakon 1600,536-71-0; 908-54-3(aceturate),O=C(O)CNC(=O)C.O=C(O)CNC(=O)C.N(=NC1(=CC=C(C(=N)N)C=C1))NC2(=CC=C(C(=N)N)C=C2),515.52272,515.52272,M00970A,C020,DIMINAZENE ACETURATE,BERENIL,"antiprotozoal as aceturate, synthetic"
YU227145,1,Microsource,2300147,Pharmakon 1600,131-48-6,O=C(O)C1(OC(C(NC(=O)C)C(C1)O)C(O)C(O)CO)(O),309.2699,309.2699,M00970A,C021,ACENEURAMIC ACID,,"immunomodulator, adjuvant, semisynthetic"
YU225321,2,Microsource,1502352,Pharmakon 1600,57381-26-1,ClC2(=C(C1(=NC(=NC(=N1)N)N))C=C(Cl)C=C2),256.09098,256.09098,M00970A,C022,IRSOGLADINE MALEATE,irsogladine,"anti-ulcer, synthetic"
YU034517,2,Microsource,1503936,Pharmakon 1600,2622-26-6,S2(C4(=C(N(CCCN1(CCC(O)CC1))C3(=C2C=CC=C3))C=C(C#N)C=C4)),365.49294,365.49294,M00970A,D003,PERICIAZINE,periciazine,"antipsychotic, synthetic; RP-8909, SKF-20716"
YU227288,1,Microsource,1503219,Pharmakon 1600,520-27-4,O=C1(C5(=C(OC(=C1)C2(=CC(O)=C(OC)C=C2))C=C(OC3(OC(C(O)C(C3O)O)COC4(OC(C(O)C(C4O)O)C)))C=C5O)),608.54468,608.54468,M00970A,D004,DIOSMIN,diosmin,"vascular protectant, Zanthoxylum avicennae"
YU034435,2,Microsource,1503403,Pharmakon 1600,53370-90-4,O=C(N)C1(=C(OCCCCCC)C=CC=C1),221.2955,221.2955,M00970A,D005,EXALAMIDE,exalamide,"antifungal, synthetic"
YU033645,2,Microsource,300047,Pharmakon 1600,17659-49-3,O=C(OC1(CC2(N(C)C(C1)CC2O)))C(C3(=CC=CC=C3))CO,305.36886,305.36886,M00970A,D006,ANISODAMINE HYDROBROMIDE,,"anticholinergic, antispasmodic, Scopolia tanguticus"
YU034521,2,Microsource,1503941,Pharmakon 1600,1077-24-7,S1(SCCC1CCCCC(=O)O),206.32756,206.32756,M00970A,D007,THIOCTIC ACID,BILETAN,"hepatoprotectant, synthetic; alpha-lipoic acid"
YU033709,3,Microsource,1600300,Pharmakon 1600,60-27-5,O=C1(NC(=N)N(C1)C),113.118,113.118,M00970A,D008,CREATININE,,"metabolic enhancer, metabolite in muscle and urine; renal metabolite"
YU225236,2,Microsource,1504145,Pharmakon 1600,21187-98-4,S(=O)(=O)(NC(=O)NN1(CC2(CCCC2(C1))))C3(=CC=C(C)C=C3),323.41166,323.41166,M00970A,D009,GLICLAZIDE,gliclazide,"antidiabetic, adhesion inhibitor, synthetic; SE-1702"
YU227289,1,Microsource,1506169,Pharmakon 1600,70-70-2,O=C(C1(=CC=C(O)C=C1))CC,150.1745,150.1745,M00970A,D010,PAROXYPROPIONE,paroxypropione,"gonadotropic hormone inhibitor, synthetic; B-360, H-365"
YU227246,1,Microsource,1504151,Pharmakon 1600,42471-28-3,ClCCN(N=O)C(=O)NCC1(=C(N=C(C)N=C1)N),272.69146,272.69146,M00970A,D011,NIMUSTINE,nimustine,"antineoplastic, synthetic"
YU227290,1,Microsource,1506108,Pharmakon 1600,893-01-6,S1(C(=CC=C1)C=C3(C(=O)C(=CC=2(SC=CC=2))CCC3)),286.41376,286.41376,M00970A,D012,TENYLIDONE,,"contrast agent, synthetic"
YU227247,1,Microsource,1504244,Pharmakon 1600,3440-28-6,O=C(NCCC(=O)O)C1(=CC=CC=C1),193.19928,193.19928,M00970A,D013,BETAMIPRON,betamipron,"antibacterial, renal protectant, sweetener, synthetic; CS-443"
YU227291,1,Microsource,1506163,Pharmakon 1600,1464-42-2,[Se](CCC(N)C(=O)O)C,196.10638,196.10638,M00970A,D014,SELENOMETHIONINE,,"contrast agent, synthetic"
YU039809,4,Microsource,1504830,Pharmakon 1600,99464-64-9,S1(=O)(=O)(N(C(=C(OC(OC(=O)OCC)C)C2(=C1C=CC=C2))C(=O)NC3(=NC=CC=C3))C),447.46276,447.46276,M00970A,D015,AMPIROXICAM,ampiroxicam,"antiinflammatory, analgesic, synthetic; CP-65703"
YU227292,1,Microsource,1504305,Pharmakon 1600,"553-30-0, 1811-28-5",S(=O)(=O)(O)O.N=1(C=3(C(C=C2(C=1C=C(N)C=C2))=CC=C(C=3)N)),307.32614,307.32614,M00970A,D016,PROFLAVINE HEMISULFATE,,"antiseptic, synthetic"
YU225276,2,Microsource,1505316,Pharmakon 1600,14222-60-7,S=C(N)C1(=CC(=NC=C1)CCC),180.27106,180.27106,M00970A,D017,PROTIONAMIDE,protionamide,"antibacterial, synthetic; TH-1321, RP-9778"
YU227293,1,Microsource,1503042,Pharmakon 1600,63968-64-9,O=C2(OC1(OC4(OOC13(C(C(C)CCC3(C2C))CC4))(C))),282.33218,282.33218,M00970A,D018,ARTEMISININ,,"antimalarial, Artemisia annua"
YU220960,2,Microsource,1505317,Pharmakon 1600,61422-45-5,FC=1(C(=O)NC(=O)N(C=1)C(=O)NCCCCCC),257.2615632,257.2615632,M00970A,D019,CARMOFUR,carmofur,"antineoplastic, synthetic"
YU227294,1,Microsource,1506047,Pharmakon 1600,51-24-1,IC2(=C(OC1(=CC(I)=C(O)C=C1))C(I)=CC(=C2)CC(=O)O),621.93227,621.93227,M00970A,D020,TIRATRICOL,tiratricol,"thyroid agent, synthetic"
YU227248,1,Microsource,1505915,Pharmakon 1600,6003-00-9,O=C1(N(C(=O)C=2(N(CC(O)C)C=NC=2(N1C)))C),238.24332,238.24332,M00970A,D021,PROXYPHYLLINE,proxyphylline,"PDE inhibitor, bronchodilator, vasodilator, synthetic"
YU227295,1,Microsource,1505323,Pharmakon 1600,22232-54-8,S=C1(N(C(=O)OCC)C=CN1C),186.23258,186.23258,M00970A,D022,CARBIMAZOLE,carbimazole,DB00389
YU227146,1,Microsource,1506088,Pharmakon 1600,5011-34-7,Cl.Cl.O(C1(=C(OC)C(=CC=C1OC)CN2(CCNCC2)))C,339.25744,339.25744,M00970A,E003,TRIMETAZIDINE DIHYDROCHLORIDE,,"anti-anginal, synthetic; 400045"
YU154858,3,Microsource,1502366,Pharmakon 1600,103745-39-7,S(=O)(=O)(N1(CCNCCC1))C=3(C=2(C(=CN=CC=2)C=CC=3)),291.3698,291.3698,M00970A,E004,FASUDIL HYDROCHLORIDE,ERIL,"vasodilator (cerebral), Ca antagonist, synthetic; AT-877, HA-1077"
YU227147,1,Microsource,1504510,Pharmakon 1600,8002-90-2,IC2(=C(O)C1(=NC=CC=C1C(=C2)S(=O)(=O)[O-])).[Na+],373.10058,373.10058,M00970A,E005,CHINIOFON,YATREN,"antiprotozoal, amebicide, synthetic"
YU227203,1,Microsource,1502368,Pharmakon 1600,2490-97-3,O=C(O)C(NC(=O)C)CCC(=O)N,188.18126,188.18126,M00970A,E006,ACEGLUTAMIDE,ACUTIL-S,"nootropic, semisynthetic; KW-110"
YU227148,1,Microsource,1506173,Pharmakon 1600,4008-48-4,O=[N+]([O-])C=2(C=1(C(=NC=CC=1)C(O)=CC=2)),190.15562,190.15562,M00970A,E007,NITROXOLINE,nitroxoline,"antibacterial, syntrhetic"
YU227204,1,Microsource,1502510,Pharmakon 1600,76-49-3,O=C(OC1(C2(C(C)(C)C(C1)CC2)(C)))C,196.286,196.286,M00970A,E008,BORNYL ACETATE,,"flavor, fragrance agent, semisynthetic"
YU227149,1,Microsource,270029,Pharmakon 1600,53-43-0 (praesterone),O=C4(C3(C(C2(C(C1(C(CC(OC(=O)C)CC1)=CC2)(C))CC3))CC4)(C)),330.4611,330.4611,M00970A,E009,PRASTERONE ACETATE,,"adrenocortical hormone, antidepressant, semisynthetic"
YU225207,2,Microsource,1504833,Pharmakon 1600,38083-17-9,ClC2(=CC=C(OC(N1(C=NC=C1))C(=O)C(C)(C)C)C=C2),292.76046,292.76046,M00970A,E010,CLIMBAZOLE,climbazole,"antifungal, synthetic"
YU227150,1,Microsource,1504515,Pharmakon 1600,2623-33-8,O=C(OC1(=CC=C(NC(=O)C)C=C1))C,193.19928,193.19928,M00970A,E011,DIACETAMATE,diacetamate,"analgesic, antiinflammatory, synthetic"
YU227205,1,Microsource,1505903,Pharmakon 1600,66215-27-8,N1(=C(N=C(N)N=C1N)NC2(CC2)),166.18404,166.18404,M00970A,E012,CYROMAZINE,cyromazine,"acaricide, insecticide, ectoparisitide, synthetic; CGA-72662"
YU227151,1,Microsource,1503602,Pharmakon 1600,53003-10-4,[Na+].O=C([O-])C(C1(OC(C(C)CC1)C(C(O)C(C(=O)C(C5(OC4(OC3(OC(C2(OC(C(O)(CC)CC2)C))(C)CC3)(C(O)C=C4))(C(C)CC5C)))CC)C)C))CC,772.98043,772.98043,M00970A,E013,"SALINOMYCIN, SODIUM",KOKCISAN,"antibacterial, Streptomyces albus"
YU227206,1,Microsource,1506168,Pharmakon 1600,2398-81-4,O=C(O)C1(=C[N+]([O-])=CC=C1),139.10884,139.10884,M00970A,E014,OXINIACIC ACID,NOVACYL,"antilipemic, synthetic"
YU227152,1,Microsource,1503200,Pharmakon 1600,"57-09-0, 6899-10-1 [cetrimonium]",[Br-].[N+](CCCCCCCCCCCCCCCC)(C)(C)C,364.44752,364.44752,M00970A,E015,CETRIMONIUM BROMIDE,cetrimonium bromide,"antiinfectant, synthetic"
YU227207,1,Microsource,300563,Pharmakon 1600,555-77-1,ClCCN(CCCl)CCCl.Cl,240.98496,240.98496,M00970A,E016,TRICHLORMETHINE HYDROCHLORIDE,TRIMUSTINE,"antineoplastic, cytotoxic, synthetic"
YU227153,1,Microsource,1503939,Pharmakon 1600,25546-65-0,S(=O)(=O)(O)O.O3(C(OC2(C(OC1(OC(CO)C(C1O)O))C(O)C(N)CC2N))C(N)C(O)C(C3CN)O),552.5523,552.5523,M00970A,E017,RIBOSTAMYCIN SULFATE,IBISTACIN,"antibacterial, Streptomyces ribosidificus; SF-733"
YU031085,2,Microsource,1504507,Pharmakon 1600,1146-99-2,ClC3(=CC=C(C1(C(=O)C=2(C=CC=CC=2(C1=O))))C=C3),256.68346,256.68346,M00970A,E018,CHLORINDIONE,clorindione,"antcoagulant, Vitamine K antagonist, synthetic; G25766"
YU227154,1,Microsource,1505083,Pharmakon 1600,53-43-0,O=C4(C3(C(C2(C(C1(C(CC(O)CC1)=CC2)(C))CC3))CC4)(C)),288.42442,288.42442,M00970A,E019,PRASTERONE,prasterone,"androgen, estrogen, treatment of menopausal syndrome, adrenal glands, male urine"
YU227208,1,Microsource,1502555,Pharmakon 1600,100-51-6,OCC1(=CC=CC=C1),108.13782,108.13782,M00970A,E020,BENZYL ALCOHOL,benzyl alcohol,DB06770
YU222065,3,Microsource,1505329,Pharmakon 1600,58066-85-6,P(=O)(OCC[N+](C)(C)C)(OCCCCCCCCCCCCCCCC)[O-],407.568041,407.568041,M00970A,E021,MILTEFOSINE,miltefosine,"antineoplastic, synthetic; D-18506, HDPC"
YU034363,2,Microsource,2300220,Pharmakon 1600,552-79-4,OC(C1(=CC=CC=C1))C(N(C)C)C,179.25882,179.25882,M00970A,E022,"N-METHYL (-)EPHEDRINE [1R,2S]",,"adrenergic agonist, analeptic, synthetic"
YU039804,4,Microsource,1505986,Pharmakon 1600,51-12-7,O=C(NNCCC(=O)NCC1(=CC=CC=C1))C2(=CC=NC=C2),298.33988,298.33988,M00970A,F003,NIALAMIDE,nialamide,"MAO inhibitor, synthetic"
YU227296,1,Microsource,1506167,Pharmakon 1600,3731-52-0,N1(=CC(=CC=C1)CN),108.1412,108.1412,M00970A,F004,PICOLAMINE,picolamine,"rubefacient, synthetic"
YU227249,1,Microsource,1505773,Pharmakon 1600,22881-35-2,O=C1(N(N(C)C(=C1C(C)C)CN(C(CC2(=CC=CC=C2))C)C)C3(=CC=CC=C3)),377.52256,377.52256,M00970A,F005,FAMPROFAZONE,famprofazone,"analgesic, antipyretic, CNS stimulant, synthetic"
YU227297,1,Microsource,1505821,Pharmakon 1600,136572-09-3,Cl.O=C6(N1(C(C2(=NC3(=CC=C(C=C3(C(=C2(C1))CC))OC(=O)N5(CCC(N4(CCCCC4))CC5))))=CC7(=C6COC(C7(O)CC)=O))),623.13882,623.13882,M00970A,F006,IRINOTECAN HYDROCHLORIDE,CAMPTOSAR,"antineoplastic; topoisomerase I inhibitor, semisynthetic; U-101440"
YU034063,2,Microsource,1500629,Pharmakon 1600,2295-58-1,O=C(C1(=C(O)C=C(O)C=C1O))CC,182.1733,182.1733,M00970A,F007,FLOPROPIONE,flopropione,"antispasmodic, synthetic"
YU227298,1,Microsource,1506175,Pharmakon 1600,23249-97-0,O=C(O)CCC1(=NC=2(C=CC=CC=2(N1))),190.19868,190.19868,M00970A,F008,PROCODAZOLE,procodazole,"immune stimulant, synthetic; AL-1241"
YU034085,3,Microsource,1500666,Pharmakon 1600,53164-05-9,ClC3(=CC=C(C(=O)N2(C1(=C(C=C(OC)C=C1)C(=C2C)CC(=O)OCC(=O)O)))C=C3),415.82346,415.82346,M00970A,F009,ACEMETACIN,acemetacin,"antiinflammatory, synthetic"
YU227299,1,Microsource,1506152,Pharmakon 1600,551-92-8,O=[N+]([O-])C=1(N(N(C)=CC=1)C),142.13604,142.13604,M00970A,F010,DIMETRIDAZOLE,EMTRYL,"antiprotozoal, synthetic; RP-8595"
YU034251,4,Microsource,1502015,Pharmakon 1600,4394-00-7,FC(F)(F)C2(=CC(NC1(=NC=CC=C1C(=O)O))=CC=C2),282.2180496,282.21805,M00970A,F011,NIFLUMIC ACID,niflumic acid,"analgesic, antiinflammatory, synthetic; UP-83"
YU227300,1,Microsource,1301024,Pharmakon 1600,69-79-4,O2(C(OC1(C(O)C(O)C(O)OC1CO))C(O)C(O)C(C2CO)O),342.29648,342.29648,M00970A,F012,D-(+)-MALTOSE,MALTOS,"nutrient, sweetener, widespread in nature"
YU034335,2,Microsource,1503041,Pharmakon 1600,924-49-2,O=C(O)CC(O)CN,119.1192,119.1192,M00970A,F013,AMINOHYDROXYBUTYRIC ACID,GAMIBETAL,"antiepileptic, synthetic"
YU034249,2,Microsource,1502012,Pharmakon 1600,6064-83-1,P(=O)(OC1(=C(C(=O)O)C=CC=C1))(O)O,218.100641,218.10064,M00970A,F014,FOSFOSAL,fosfosal,"analgesic, antiinflammatory, synthetic; UR-1521"
YU034064,2,Microsource,1500632,Pharmakon 1600,84-16-2,OC2(=CC=C(C(C(C1(=CC=C(O)C=C1))CC)CC)C=C2),270.36608,270.36608,M00970A,F015,HEXESTROL,hexestrol,"estrogen, antineoplastic (hormonal), synthetic; NSC-9894"
YU227301,1,Microsource,1501189,Pharmakon 1600,3094-09-05 00:00:00,FC=1(C(=O)NC(=O)N(C=1)C2(OC(C)C(C2O)O)),246.1925232,246.1925232,M00970A,F016,DOXIFLURIDINE,doxifluridine,"antineoplastic, pyrimidine antimetabolite, synthetic; Ro-21-9738"
YU033631,2,Microsource,210205,Pharmakon 1600,154-23-4,O2(C1(=C(C(O)=CC(=C1)O)CC(C2C3(=CC(O)=C(O)C=C3))O)),290.26806,290.26806,M00970A,F017,CIANIDANOL,cianidanol,"procollagen production inhibitoe, hepatoprotectant, tea and cocoa constituent; (+) catechin"
YU227302,1,Microsource,1504116,Pharmakon 1600,566-48-3,O=C4(C(=C3(C(C2(C(C1(C(C(=O)CC1)(C)CC2))CC3))(C)CC4))C),300.43512,300.43512,M00970A,F018,FORMESTANE,,"antineoplastic, aromatase inhibitor, synthetic; CGP-32349"
YU227250,1,Microsource,1503973,Pharmakon 1600,141-90-2,SC1(=NC(O)=CC=N1),128.15344,128.15344,M00970A,F019,2-THIOURACIL,,"antiviral, thyroid depressant, synthetic"
YU227303,1,Microsource,1504098,Pharmakon 1600,26002-80-2,O=C(OCC2(=CC(OC1(=CC=CC=C1))=CC=C2))C3(C(C)(C)C3C=C(C)C),350.45074,350.45074,M00970A,F020,PHENOTHRIN,phenothrin,"ectoparasiticide, synthetic; S-2539-F"
YU227251,1,Microsource,1502386,Pharmakon 1600,68767-14-6,O=C1(C(CCC1)CC2(=CC(=CC=C2)C(C(=O)O)C)),246.30162,246.30162,M00970A,F021,LOXOPROFEN,LOXONIN,"antiinflammatory, analgesic, synthetic; CS-600"
YU227304,1,Microsource,1504191,Pharmakon 1600,51-03-6,O2(C1(=C(C=C(CCC)C(=C1)COCCOCCOCCCC)OC2)),338.4385,338.4385,M00970A,F022,PIPERONYL BUTOXIDE,BUTACIDE,"insecticide synergist, synthetic; ENT-14250"
YU227155,1,Microsource,1505728,Pharmakon 1600,131-69-1,S(=O)(=O)(NC(=O)C)C2(=CC=C(NC(=O)C1(=C(C(=O)O)C=CC=C1))C=C2),362.35824,362.35824,M00970A,G003,PHTHALYLSULFACETAMIDE,TALSIGEL,"antibacterial, synthetic"
YU227209,1,Microsource,1504518,Pharmakon 1600,119-41-5,O=C1(C3(=C(OC(=C1)C2(=CC=CC=C2))C=C(OCC(=O)OCC)C=C3)),324.32734,324.32734,M00970A,G004,EFLOXATE,efloxate,"coronary vasodilator, synthetic"
YU227156,1,Microsource,1504502,Pharmakon 1600,4044-65-9,S=C=NC1(=CC=C(N=C=S)C=C1),192.26284,192.26284,M00970A,G005,BITOSCANATE,bitoscanate,"anthelmintic, synthetic; 16842"
YU224962,2,Microsource,1506078,Pharmakon 1600,3731-59-7,Cl.O1(CCN(C(=N)NC(=N)N)CC1),207.66116,207.66116,M00970A,G006,MOROXYDINE HYDROCHLORIDE,,"antiviral, synthetic; SKF-8898A, ABOB"
YU227157,1,Microsource,1505997,Pharmakon 1600,5575-21-3,S1(C3(N(C(C(=O)[O-])=C(C1)C[N+]2(=CC=C(C(=O)N)C=C2))C(=O)C3NC(=O)CC=4(SC=CC=4))),458.51288,458.51288,M00970A,G007,CEFALONIUM,,"antibacterial, synthetic; 41071"
YU155590,2,Microsource,1500758,Pharmakon 1600,90-69-7,Cl.O=C(C1(=CC=CC=C1))CC2(N(C(CCC2)CC(O)C3(=CC=CC=C3))C),373.91596,373.91596,M00970A,G008,LOBELINE HYDROCHLORIDE,lobeline,"antiasthmatic, respiratory stimulant, Lobelia spp"
YU040350,4,Microsource,1502413,Pharmakon 1600,18699-02-2,O=C(O)CC1(=CC=C(NC(=O)C)C=C1),193.19928,193.19928,M00970A,G009,ACTARIT,actarit,"antiarthritic, synthetic; MS-932"
YU034551,2,Microsource,1501116,Pharmakon 1600,524-81-2,S(=O)(=O)(O)C=2(C=1(C(=C(S(=O)(=O)O)C=CC=1)C=CC=2)).N5(CC=4(C3(=C(C=CC=C3)N(C=4CC5)CC6(=CC=CC=C6))))(C),564.6745,564.6745,M00970A,G010,MEBHYDROLIN NAPHTHALENESULFONATE,DIAZOLINE,"H1 antihistamine, synthetic"
YU227158,1,Microsource,1504616,Pharmakon 1600,6968-72-5,OCC1(=C[N+]([O-])=CC=C1),125.12532,125.12532,M00970A,G011,MEPIROXOL,,"antihyperlipemic, synthetic"
YU227210,1,Microsource,1501174,Pharmakon 1600,14679-73-3,Cl.O=C(OCC)NNC1(=NN=CC=2(C1=CC=CC=2)),268.69938,268.69938,M00970A,G012,TODRALAZINE HYDROCHLORIDE,BINAZIN,"antihypertensive, peripheral vasodilator, synthetic; CEPH, BT-621"
YU227159,1,Microsource,1503744,Pharmakon 1600,2019-25-2,ClC2(=CC=C(NC1(=NC(=NC=N1)C))C=C2).Cl,257.11876,257.11876,M00970A,G013,CHLORAZANIL HYDROCHLORIDE,DAQUIN,"diuretic, synthetic"
YU220932,2,Microsource,1503100,Pharmakon 1600,34661-75-1,Cl.O=C3(N(C(NCCCN2(CCN(C1(=C(OC)C=CC=C1))CC2))=CC(N3C)=O)C),423.9368,423.9368,M00970A,G014,URAPIDIL HYDROCHLORIDE,urapidil,"antihypertensive, synthetic"
YU227160,1,Microsource,2300218,Pharmakon 1600,89197-32-0,Cl.O2(C1(=C(C=CC=C1)CC2(C3(=NCCN3))CC)),252.73966,252.73966,M00970A,G015,EFAROXAN HYDROCHLORIDE,,"insulin secretagogue, alpha2 adrenorecetor antagonist, synthetic"
YU227211,1,Microsource,1502283,Pharmakon 1600,16208-51-8,S(=O)(=O)(O)CCSSCCS(=O)(=O)O,282.3826,282.3826,M00970A,G016,DIMESNA,dimesna,"antineoplastic, uroprotectant, synthetic"
YU022483,2,Microsource,1504505,Pharmakon 1600,138-41-0,S(=O)(=O)(N)C1(=CC=C(C(=O)O)C=C1),201.20082,201.20082,M00970A,G017,CARZENIDE,carzenide,"diuretic, carbonic anhydrase inhibitor, synthetic"
YU227212,1,Microsource,1503297,Pharmakon 1600,"55-97-0, 60-26-4 [hexamethonium]",[Br-].[Br-].[N+](CCCCCC[N+](C)(C)C)(C)(C)C,362.18808,362.18808,M00970A,G018,HEXAMETHONIUM BROMIDE,hexamethonium bromide,"antihypertensive, ganglionic blocker, synthetic"
YU227161,1,Microsource,1505990,Pharmakon 1600,"1163-36-6, 442-52-4(base)",ClC4(=CC=C(CN2(C1(=C(C=CC=C1)N=C2CN3(CCCC3))))C=C4).Cl,362.29566,362.29566,M00970A,G019,CLEMIZOLE HYDROCHLORIDE,,"H1-antihistamine, synthetic; AL-20"
YU227213,1,Microsource,1503954,Pharmakon 1600,41570-61-0,ClC1(=C(C=CC=C1)C(O)CNC(C)(C)C).Cl,264.1908,264.1908,M00970A,G020,TULOBUTEROL HYDROCHLORIDE,tulobuterol,"bronchodilator, beta adrenergic agonist, synthetic"
YU227162,1,Microsource,1503320,Pharmakon 1600,444-27-9,S1(CNC(C1)C(=O)O),133.16992,133.16992,M00970A,G021,TIMONACIC,timonacic,"hepatoprotectant, synthetic; NSC-25855"
YU220971,2,Microsource,1505011,Pharmakon 1600,34140-59-5(base),O=C(OCC(N(C)C)(C1(=CC=CC=C1))CC)C2(=CC(OC)=C(OC)C(=C2)OC).O=C(O)C=CC(=O)O,503.54156,503.54156,M00970A,G022,TRIMEBUTINE MALEATE,,"antispasmodic, opiod receptor agonist, synthetic"
YU227252,1,Microsource,1502383,Pharmakon 1600,84611-23-4,S1(C(=O)C(NC(=O)CSCC(=O)O)CC1),249.30928,249.30928,M00970A,H003,ERDOSTEINE,erdosteine,DB05057
YU225182,2,Microsource,1504831,Pharmakon 1600,51037-30-0,O=C(O)C1(=NC=C(C)[N+](=C1)[O-]),154.12352,154.12352,M00970A,H004,ACIPIMOX,acipimox,"antilipemic, synthetic"
YU033751,4,Microsource,1500195,Pharmakon 1600,882-09-7,ClC1(=CC=C(OC(C(=O)O)(C)C)C=C1),214.64524,214.64524,M00970A,H005,CLOFIBRIC ACID,clofibric acid,"herbicide, antihyperlipoproteinemic, antineoplastic, synthetic"
YU227305,1,Microsource,1506107,Pharmakon 1600,547-44-4,S(=O)(=O)(NC(=O)N)C1(=CC=C(N)C=C1),215.23078,215.23078,M00970A,H006,SULFACARBAMIDE,sulfacarbamide,"antibacterial, synthetic"
YU227253,1,Microsource,1500679,Pharmakon 1600,"54-62-6, 58602-66-7 [aminopterin sodium]",O=C(NC(C(=O)O)CCC(=O)O)C3(=CC=C(NCC2(=NC=1(C(=NC(N)=NC=1N)N=C2)))C=C3),440.41302,440.41302,M00970A,H007,AMINOPTERIN,,"antineoplastic, antirheumatic, folic acid antagonist, synthetic; NSC-739"
YU227306,1,Microsource,1503085,Pharmakon 1600,77-04-3,O=C1(NC=CC(C1(CC)CC)=O),167.20506,167.20506,M00970A,H008,PYRITHYLDIONE,pyrithyldione,"hypnotic, sedative, synthetic"
YU034338,2,Microsource,1503045,Pharmakon 1600,57-08-9,O=C(O)CCCCCNC(=O)C,173.20964,173.20964,M00970A,H009,ACEXAMIC ACID,acexamic acid,"wound healing agent, synthetic"
YU034462,2,Microsource,1503630,Pharmakon 1600,4910-46-7,O=C(O)C(NC(=O)C(NC(=O)C)CC(=O)O)CCC(=O)O,304.25342,304.25342,M00970A,H010,SPAGLUMIC ACID,spaglumic acid,"neurotransmitter; mGluR3 receptors, brain tissue"
YU034243,2,Microsource,1502001,Pharmakon 1600,99-15-0,O=C(O)C(NC(=O)C)CC(C)C,173.20964,173.20964,M00970A,H011,ACETYL-L-LEUCINE,acetylleucine,"antivertigo, synthetic; RP-7452"
YU227307,1,Microsource,1503230,Pharmakon 1600,2139-47-1,O=C1(N(N(C)C(=C1NC(=O)C2(=CN=CC=C2))C)C3(=CC=CC=C3)),308.3347,308.3347,M00970A,H012,NIFENAZONE,nifenazone,"analgesic, antiinflammatory, synthetic"
YU227254,1,Microsource,1503105,Pharmakon 1600,22457-89-2,S(C(=O)C1(=CC=CC=C1))C(=C(N(C=O)CC2(=C(N=C(C)N=C2)N))C)CCOP(=O)(O)O,466.449041,466.449041,M00970A,H013,BENFOTIAMINE,benfotiamine,"vitamin B1, Vitamin B1; 8088-CB"
YU227308,1,Microsource,1301025,Pharmakon 1600,149-32-6,OC(C(O)CO)CO,122.1198,122.1198,M00970A,H014,ERYTHRITOL,,"sweetener, synthetic"
YU155581,2,Microsource,300546,Pharmakon 1600,484-20-8,O=C3(OC1(=C(C(OC)=C2(C=COC2(=C1)))C=C3)),216.18952,216.18952,M00970A,H015,BERGAPTEN,PSORADERM-5,"antipsoriatic, antiinflammatory, widespread in Umbelliferae"
YU227309,1,Microsource,1301027,Pharmakon 1600,"585-86-4, 81025-04-9",O1(C(OC(C(O)C(O)CO)C(O)CO)C(O)C(O)C(C1CO)O),344.31236,344.31236,M00970A,H016,LACITOL,IMPORTAL,"laxative, sweetener, synthetic"
YU034214,2,Microsource,1501170,Pharmakon 1600,118-57-0,O=C(OC1(=CC=C(NC(=O)C)C=C1))C2(=C(O)C=CC=C2),271.26806,271.26806,M00970A,H017,ACETAMINOSALOL,acetaminosalol,"analgesic, antipyretic, synthetic"
YU227310,1,Microsource,1301017,Pharmakon 1600,75-85-4,OC(CC)(C)C,88.14818,88.14818,M00970A,H018,AMYLENE HYDRATE,,"hypnotic, antidiabetic, synthetic"
YU034333,2,Microsource,1503017,Pharmakon 1600,96-50-4,S1(C(=NC=C1)N),100.14334,100.14334,M00970A,H019,AMINOTHIAZOLE,aminothiazole,"antithyroid agent, synthetic; RP-2921"
YU155452,2,Microsource,1400208,Pharmakon 1600,91-64-5,O=C2(OC1(=C(C=CC=C1)C=C2)),146.14274,146.14274,M00970A,H020,COUMARIN,,"antineoplastic, antiinflammatory, antihyperglycaemic, Coumarouna odorata, tonka beans, lavender oil"
YU227255,1,Microsource,212151,Pharmakon 1600,72-80-0,ClC2(=C(O)C1(=NC(=CC=C1C(=C2)Cl)C)),228.07412,228.07412,M00970A,H021,CHLORQUINALDOL,chlorquinaldol,"antiinfectant, antifungal, synthetic"
YU227311,1,Microsource,1500233,Pharmakon 1600,"6700-34-1, 125-69-9 [anhydrous], 125-71-3 [dextromethorphan]",[BrH].O(C4(=CC1(=C(CC3(N(C)CCC12(C3(CCCC2))))C=C4)))C,352.30918,352.30918,M00970A,H022,DEXTROMETHORPHAN HYDROBROMIDE,dextromethorphan,"antitussive, synthetic; Ro-01-6794/706"
YU227163,1,Microsource,1506064,Pharmakon 1600,"6170-42-9, 59-32-5 (base)",ClC2(=CC=C(CN(C1(=NC=CC=C1))CCN(C)C)C=C2).Cl,326.26356,326.26356,M00970A,I003,CHLOROPYRAMINE HYDROCHLORIDE,HALOPYRAMINE,"antihistamine, synthetic"
YU155592,2,Microsource,1500624,Pharmakon 1600,461-06-3,[Cl-].O=C(O)CC(O)C[N+](C)(C)C,197.65958,197.65958,M00970A,I004,CARNITINE (dl) HYDROCHLORIDE,FLATISINE,"antihyperlipoproteinemic, gastric/ pancreatic secretion stimulant, striated muscle, liver; also in Pisum sativum"
YU227164,1,Microsource,1505827,Pharmakon 1600,501-68-8,ClCCC(=O)NCC1(=CC=CC=C1),197.66112,197.66112,M00970A,I005,BECLAMIDE,beclamide,DB09011
YU227214,1,Microsource,3100024,Pharmakon 1600,58-63-9,O=C1(NC=NC2(=C1N=CN2C3(OC(CO)C(C3O)O))),268.22624,268.22624,M00970A,I006,INOSINE,,"cell function activator, cardiotonic, meat extracts, sugar beet, Bacillus subtilis, E. coli, Saccharomyces cerevisiae, Fusarium spp"
YU227165,1,Microsource,1503127,Pharmakon 1600,"522-51-0, 6707-58-0 [dequalinium]",[Cl-].[Cl-].[N+]=1(C=2(C(C(N)=CC=1C)=CC=CC=2))(CCCCCCCCCC[N+]=3(C=4(C(C(N)=CC=3C)=CC=CC=4))),527.57096,527.57096,M00970A,I007,DEQUALINIUM CHLORIDE,dequalinium chloride,"antiinfectant, antineoplastic, synthetic; BAQD-10"
YU227215,1,Microsource,1503077,Pharmakon 1600,511-45-5,S(=O)(=O)(O)C.OC(C1(=CC=CC=C1))(C2(=CC=CC=C2))CCN3(CCCCC3),391.5253,391.5253,M00970A,I008,PRIDINOL METHANESULFONATE,pridinol,"anticholinergic, synthetic; C-238"
YU039589,3,Microsource,1506024,Pharmakon 1600,57149-07-2,O(C=1(C=2(C(C=CC=1)=CC=CC=2)))CC(O)CN4(CCN(C3(=C(OC)C=CC=C3))CC4),392.4908,392.4908,M00970A,I009,NAFTOPIDIL,naftopidil,"antihypertensive, alpha-blocker, 5HT1a agonist, synthetic; KT-611"
YU227216,1,Microsource,1504137,Pharmakon 1600,10212-25-6,Cl.O2(C1(=NC(=N)C=CN1C3(C2C(O)C(CO)O3))),261.6621,261.6621,M00970A,I010,ANCITABINE HYDROCHLORIDE,ancitabine,"antineoplastic, synthetic"
YU227166,1,Microsource,1503711,Pharmakon 1600,113617-63-3,FC2(=C(F)C=1(C(=O)C(C(=O)O)=CN(C=1C(=C2N3(CC(NC(C3)C)C))F)C4(CC4))),395.3757296,395.3757296,M00970A,I011,ORBIFLOXACIN,orbifloxacin,"antibacterial, synthetic"
YU227217,1,Microsource,1505772,Pharmakon 1600,1083-57-4,O=C(NC1(=CC=C(OCC)C=C1))CC(O)C,223.26832,223.26832,M00970A,I012,BUCETIN,bucetin,"analgesic, synthetic"
YU227167,1,Microsource,1503383,Pharmakon 1600,79-55-0,O=C(O)C(O)C(O)C(=O)O.N1(C(CCCC1(C)C)(C)C)(C),305.36732,305.36732,M00970A,I013,PEMPIDINE TARTRATE,,"ganglionic blocker, antihypertensive, synthetic"
YU227218,1,Microsource,2300261,Pharmakon 1600,97964-56-2 (acid),ClC1(=C(Cl)C=CC(=C1)C(=O)NC(C(=O)N(CCCCC)CCCCC)CCC(=O)[O-]).[Na+],481.38779,481.38779,M00970A,I014,LORGLUMIDE SODIUM,lorglumide,"CCK receptor antagonist, synthetic"
YU227168,1,Microsource,1504100,Pharmakon 1600,40596-69-8,O=C(OC(C)C)C=C(C=CCC(CCCC(OC)(C)C)C)C,310.47146,310.47146,M00970A,I015,METHOPRENE (S),,"ectoparasiticide, synthetic"
YU039550,4,Microsource,1505304,Pharmakon 1600,3366-95-8,O=[N+]([O-])C=1(N(C(C)=NC=1)CC(O)C),185.18066,185.18066,M00970A,I016,SECNIDAZOLE,secnidazole,"antiameobic, antitrichomonas, synthetic; PM-185184, RP-14539"
YU227169,1,Microsource,1504143,Pharmakon 1600,81496-81-3,O1(OC4(OC3(C12(C(C(CCC2C(C)C(O3)O)C)CC4)))(C)),284.34806,284.34806,M00970A,I017,ARTENIMOL,,"antimalarial, antiinflammatory, semisynthetic; dihydroartemisinin"
YU227219,1,Microsource,1501194,Pharmakon 1600,70312-00-4,Cl.O=C(C1(=CC=C(C)C=C1))C(CN2(CCCCC2))C,281.8206,281.8206,M00970A,I018,TOLPERISONE HYDROCHLORIDE,tolperisone,"muscle relaxant (skeletal), synthetic; N-553"
YU227170,1,Microsource,1505788,Pharmakon 1600,965-52-6,O=[N+]([O-])C=2(OC(C=NNC(=O)C1(=CC=C(O)C=C1))=CC=2),275.21708,275.21708,M00970A,I019,NIFUROXAZIDE,,"antiseptic, synthetic; RC-27109"
YU227220,1,Microsource,1503218,Pharmakon 1600,"543-15-7, 372-66-7 [heptaminol]",Cl.OC(CCCC(N)C)(C)C,181.70324,181.70324,M00970A,I020,HEPTAMINOL HYDROCHLORIDE,,"vasodilator, synthetic"
YU227171,1,Microsource,1500636,Pharmakon 1600,"2485-62-3, 18598-63-5 [hydrochloride]",Cl.SCC(N)C(=O)OC,171.64644,171.64644,M00970A,I021,MECYSTEINE HYDROCHLORIDE,,"mucolytic, synthetic"
YU155601,3,Microsource,1500811,Pharmakon 1600,"633-65-8, 2086-83-1",[Cl-].O5(C1(=C(C=C2(CC[N+]=3(C(C2(=C1))=CC4(=CC=C(C(=C4(C=3))OC)OC))))OC5)),371.81396,371.81396,M00970A,I022,BERBERINE CHLORIDE,,"antiarrhythmic, alpha2 agonist, anticonvulsant, antiinflammatory, antibacterial, antifungal, antitrypanosomal, antineoplastic, immunostimulant, Berberis and Mahonia spp"
YU227256,1,Microsource,1506106,Pharmakon 1600,350-12-9,S1(C(=O)N(CN(C1)CC2(=CC=CC=C2))CC3(=CC=CC=C3)),298.4037,298.4037,M00970A,J003,SULBENTINE,FUNGIPLEX,"antifungal, synthetic; D-47"
YU035331,5,Microsource,1500262,Pharmakon 1600,97-77-8,S=C(SSC(=S)N(CC)CC)N(CC)CC,296.54328,296.54328,M00970A,J004,DISULFIRAM,disulfiram,"alcohol antagonist, synthetic"
YU227257,1,Microsource,1400010,Pharmakon 1600,35212-22-7,O=C1(C3(=C(OC(=C1)C2(=CC=CC=C2))C=C(OC(C)C)C=C3)),280.31784,280.31784,M00970A,J005,IPRIFLAVONE,,"anabolic, synthetic"
YU033875,2,Microsource,1500358,Pharmakon 1600,87-33-2,O=[N+](OC2(C1(OCC(C1OC2)O[N+](=O)[O-])))[O-],236.1364,236.1364,M00970A,J006,ISOSORBIDE DINITRATE,isosorbide dinitrate,"antianginal, semisynthetic"
YU227258,1,Microsource,1502735,Pharmakon 1600,938-73-8,O=C(N)C1(=C(OCC)C=CC=C1),165.18918,165.18918,M00970A,J007,ETHENZAMIDE,ethenzamide,"analgesic, synthetic"
YU227312,1,Microsource,1500281,Pharmakon 1600,643-22-1; 114-07-8(base),O=C1(OC(C(O)(C(O)C(C(=O)C(C)CC(C(C(C(C1C)OC2(OC(C(O)C(C2)(OC)C)C))C)OC3(OC(CC(C3O)N(C)C)C))(O)C)C)C)CC).O=C(O)CCCCCCCCCCCCCCCCC,1018.40406,1018.40406,M00970A,J008,ERYTHROMYCIN STEARATE,erythromycin,"antibacterial, Streptomyces erythreus"
YU227259,1,Microsource,330086,Pharmakon 1600,84-74-2,O=C(OCCCC)C1(=C(C(=O)OCCCC)C=CC=C1),278.34348,278.34348,M00970A,J009,DIBUTYL PHTHALATE,,"plasticiser, suspect endocrine disruptor, synthetic"
YU034060,2,Microsource,1500623,Pharmakon 1600,521-74-4,[Br]C2(=C(O)C1(=NC=CC=C1C(=C2)[Br])),302.95014,302.95014,M00970A,J010,BROXYQUINOLINE,broxyquinoline,"antiinfectant, disinfectant, synthetic"
YU034096,3,Microsource,1500678,Pharmakon 1600,56-12-2,O=C(O)CCCN,103.1198,103.1198,M00970A,J011,gamma-AMINOBUTYRIC ACID,,"antihypertensive, widely distributed in higher plants"
YU227313,1,Microsource,1500645,Pharmakon 1600,"145-13-1, 4598-67-8 [pregnenolone succinate]",O=C(C4(C3(C(C2(C(C1(C(CC(O)CC1)=CC2)(C))CC3))CC4)(C)))C,316.47758,316.47758,M00970A,J012,PREGNENOLONE,pregnenolone,"glucocortcoid, antiinflammatory, semisynthetic"
YU227260,1,Microsource,1500621,Pharmakon 1600,"83-07-8, 747-30-8 [aminophenazone cyclamate]",O=C1(N(N(C)C(=C1N(C)C)C)C2(=CC=CC=C2)),231.2937,231.2937,M00970A,J013,AMINOPYRINE,PYRAMIDON,"antipyretic, analgesic, synthetic"
YU034076,2,Microsource,1500646,Pharmakon 1600,63-74-1,S(=O)(=O)(N)C1(=CC=C(N)C=C1),172.206,172.206,M00970A,J014,SULFANILAMIDE,sulfanilamide,"antibacterial, synthetic; 1162-F"
YU227261,1,Microsource,1503074,Pharmakon 1600,"22573-93-9, 22782-69-0 [alexidine]",Cl.Cl.N=C(NC(=N)NCCCCCCNC(=N)NC(=N)NCC(CCCC)CC)NCC(CCCC)CC,581.71152,581.71152,M00970A,J015,ALEXIDINE HYDROCHLORIDE,,"antibacterial, synthetic; Wain-21904"
YU034062,2,Microsource,1500626,Pharmakon 1600,97-23-4,ClC1(=CC(=C(O)C=C1)CC2(=C(O)C=CC(=C2)Cl)),269.1227,269.1227,M00970A,J016,DICHLOROPHEN,dichlorophen,"anthelmintic, synthetic; G-4"
YU155562,2,Microsource,210369,Pharmakon 1600,149-91-7,O=C(O)C1(=CC(O)=C(O)C(=C1)O),170.11954,170.11954,M00970A,J017,GALLIC ACID,,"antineoplastic, astringent, antibacterial , insect galls"
YU034156,2,Microsource,1501004,Pharmakon 1600,17692-31-8,OC(CO)CN2(CCN(C1(=CC=CC=C1))CC2),236.31018,236.31018,M00970A,J018,DROPROPIZINE,dropropizine,"antitussive, synthetic; UCB-1967"
YU155609,2,Microsource,1504525,Pharmakon 1600,65-86-1,O=C1(NC(C(=O)O)=CC(N1)=O),156.09634,156.09634,M00970A,J019,OROTIC ACID,orotic acid,"hepatoprotectant, uricosuric agent, widespread in animals"
YU227129,2,Microsource,1502016,Pharmakon 1600,41575-94-4,[Pt]2(OC(=O)C1(CCC1)(C(O2)=O)).N.N,371.24856,371.24856,M00970A,J020,CARBOPLATIN,PARAPLATIN,"antineoplastic, convulsant, synthetic"
YU225256,2,Microsource,1502312,Pharmakon 1600,124858-35-1,FC2(=C(N1(CCC(O)CC1))C4(=C3(N(C=C(C(C3(=C2))=O)C(=O)O)C(C)CC4))),360.3795232,360.3795232,M00970A,J021,NADIFLOXACIN,nadifloxacin,"antibacterial, synthetic; OPC-7251"
YU221403,3,Microsource,1502276,Pharmakon 1600,152459-95-5,O=C(NC3(=CC(NC2(=NC(C1(=CN=CC=C1))=CC=N2))=C(C)C=C3))C5(=CC=C(CN4(CCN(C)CC4))C=C5),493.60302,493.60302,M00970A,J022,IMATINIB,imatinib,"antineoplastic, synthetic; STI571"
YU227172,1,Microsource,1500669,Pharmakon 1600,23602-78-0,Cl.FC(F)(F)C1(=CC(=CC=C1)CC(NCCOC(=O)C2(=CC=CC=C2))C),387.8234896,387.8234896,M00970A,K003,BENFLUOREX HYDROCHLORIDE,benfluorex,"antihyperlipoproteinemic, synthetic"
YU155602,2,Microsource,1501111,Pharmakon 1600,553-12-8,O=C(O)CCC=1(C=2(N=C(C=1C)C=C5(NC(=CC4(=NC(=CC=3(NC(C=2)=C(C=3(C))CCC(=O)O))C(=C4(C))C=C))C(=C5C)C=C))),562.65832,562.65832,M00970A,K004,PROTOPORPHYRIN IX,,"hepatoprotectant, mamalian feces, avian pigment"
YU227173,1,Microsource,1505770,Pharmakon 1600,139-91-3,O=[N+]([O-])C=3(OC(C=NN1(C(=O)OC(C1)CN2(CCOCC2)))=CC=3),324.2895,324.2895,M00970A,K005,FURALTADONE,,"antibacterial, synthetic; NF-260"
YU155607,2,Microsource,1505920,Pharmakon 1600,16816-67-4,S(SCCNC(=O)CCNC(=O)C(O)C(CO)(C)C)CCNC(=O)CCNC(=O)C(O)C(CO)(C)C,554.72304,554.72304,M00970A,K006,PANTETHINE,,"antilipemic, semisynthetic"
YU227174,1,Microsource,1504617,Pharmakon 1600,4214-72-6,N1(=C(N=CC=C1)NC(C)C),137.18246,137.18246,M00970A,K007,ISAXONINE,isaxonine,"nerve growth stimulant, synthetic; hepatotoxic at clinical dose (1500mg)"
YU227221,1,Microsource,1505774,Pharmakon 1600,"52432-72-1, 468-61-1 (base)",O=C(OCCOCCN(CC)CC)C(C1(=CC=CC=C1))(CC)CC.O=C(O)C(O)(CC(=O)O)CC(=O)O,527.60448,527.60448,M00970A,K008,OXELAIDIN CITRATE,,"antitussive, synthetic"
YU220949,3,Microsource,1505755,Pharmakon 1600,58186-27-9,O=C1(C(OC)=C(OC)C(=O)C(=C1CCCCCCCCCCO)C),338.4385,338.4385,M00970A,K009,IDEBENONE,idebenone,"cognition enhancer, nootropic, synthetic"
YU227222,1,Microsource,1505762,Pharmakon 1600,1098-97-1,S(SCC1(=C(C(O)=C(C)N=C1)CO))CC2(=C(C(O)=C(C)N=C2)CO),368.47308,368.47308,M00970A,K010,PYRITINOL,pyritinol,"cognition enhancer, nootropic, synthetic; pyrithioxin"
YU040042,3,Microsource,1505783,Pharmakon 1600,50-10-2,[Br-].O=C(OCC[N+](CC)(CC)C)C(O)(C1(=CC=CC=C1))C2(CCCCC2),428.4036,428.4036,M00970A,K011,OXYPHENONIUM BROMIDE,oxyphenonium bromide,"anticholinergic, anticonvulsant, synthetic; BA-5473, C-5473"
YU227223,1,Microsource,1505785,Pharmakon 1600,54-30-8,Cl.Cl.O=C(OCCC(C)C)C(NCCN(CC)CC)C1(=CC=CC=C1),393.39094,393.39094,M00970A,K012,CAMYLOFINE DIHYDROCHLORIDE,AVAFORTAN,"anticholinergic, synthetic"
YU034397,3,Microsource,1503231,Pharmakon 1600,51803-78-2,S(=O)(=O)(NC2(=C(OC1(=CC=CC=C1))C=C([N+](=O)[O-])C=C2))C,308.31086,308.31086,M00970A,K013,NIMESULIDE,nimesulide,"antiinflammatory, synthetic; R-805"
YU227224,1,Microsource,1503226,Pharmakon 1600,51-68-3,ClC1(=CC=C(OCC(=O)OCCN(C)C)C=C1).Cl,294.17372,294.17372,M00970A,K014,MECLOFENOXATE HYDROCHLORIDE,meclofenoxate,"nootropic, synthetic"
YU227175,1,Microsource,1505173,Pharmakon 1600,81732-46-9,Cl.O=C(OC1(=CC(OC(=O)N(C)C)=CC(=C1)C(O)CNC(C)(C)C))N(C)C,403.90072,403.90072,M00970A,K015,BAMBUTEROL HYDROCHLORIDE,bambuterol,"beta adrenergic agonist, bronchodilator, cholinesterase inhibitor, synthetic"
YU227225,1,Microsource,1500836,Pharmakon 1600,61-24-5,S1(C2(N(C(C(=O)[O-])=C(C1)COC(=O)C)C(=O)C2NC(=O)CCCC(N)C(=O)O)).[Na+],437.40119,437.40119,M00970A,K016,CEPHALOSPORIN C SODIUM,,"antibacterial, Cephalosprium acremonium"
YU039532,3,Microsource,1505992,Pharmakon 1600,"35543-24-9, 55837-25-7(base)",Cl.O=C(C1(=C(OC)C=C(OC)C=C1OC))CCCN2(CCCC2),343.84538,343.84538,M00970A,K017,BUFLOMEDIL HYDROCHLORIDE,BUFEDIL,"vasodilator (peripheral), synthetic"
YU227226,1,Microsource,1300019,Pharmakon 1600,103239-24-3; 27025-41-8(acid),S(SCC(NC(=O)CCC(N)C(=O)O)C(=O)NCC(=O)[O-])CC(NC(=O)CCC(N)C(=O)O)C(=O)NCC(=O)[O-].[Na+].[Na+],656.59698,656.59698,M00970A,K018,OXIGLUTATIONE DISODIUM SALT,,"antioxidant, synthetic"
YU227176,1,Microsource,1506027,Pharmakon 1600,959-14-8 (base),O=C(O)C(O)(CC(=O)O)CC(=O)O.O2(N=C(C1(=CC=CC=C1))N=C2CCN(CC)CC),437.4438,437.4438,M00970A,K019,OXOLAMINE CITRATE,,"antitussive, synthetic; SKF-9976, AF-438"
YU155585,2,Microsource,1500639,Pharmakon 1600,104-14-3,Cl.OC1(=CC=C(C(O)CN)C=C1),189.63912,189.63912,M00970A,K020,OCTOPAMINE HYDROCHLORIDE,,"adrenergic agonist, salivary glands of Octopus vulgaris; also Capsicum frutescens & Cyperus spp; ND-50"
YU227177,1,Microsource,1500634,Pharmakon 1600,"54-92-2, 305-33-9 [as phosphate]",S(=O)(=O)(O)O.O=C(NNC(C)C)C1(=CC=NC=C1),277.29862,277.29862,M00970A,K021,IPRONIAZID SULFATE,iproniazid,"monoamine oxidase inhibitor, antidepressant, synthetic"
YU227227,1,Microsource,1500999,Pharmakon 1600,1679-76-1,Cl.O=C(OCCN(CC)CC)C(C1(=CC=CC=C1))C2(CCCCC2),353.92632,353.92632,M00970A,K022,DROFENINE HYDROCHLORIDE,drofenine,"antispasmodic, synthetic"
YU227262,1,Microsource,1506190,Pharmakon 1600,1953-02-02 00:00:00,SC(C(=O)NCC(=O)O)C,163.1959,163.1959,M00970A,L003,TIOPRONIN,tiopronin,"hepatoprotectant, mucolytic, synthetic"
YU227314,1,Microsource,1502315,Pharmakon 1600,77191-36-7,O=C1(N(CCC1)CC(=O)NC2(=C(C=CC=C2C)C)),246.305,246.305,M00970A,L004,NEFIRACETAM,nefiracetam,"analgesic, antiinflammatory, synthetic"
YU034200,2,Microsource,1501146,Pharmakon 1600,57-67-0,S(=O)(=O)(NC(=N)N)C1(=CC=C(N)C=C1),214.24606,214.24606,M00970A,L005,SULFAGUANIDINE,GANIDAN,"antibacterial, synthetic; RP-2275"
YU035288,5,Microsource,1502331,Pharmakon 1600,81110-73-8,S(C(=O)C)CC(C(=O)NCC(=O)OCC1(=CC=CC=C1))CC2(=CC=CC=C2),385.47766,385.47766,M00970A,L006,RACECADOTRIL,racecadotril,"antidiarrheal, synthetic;"
YU224270,3,Microsource,1503885,Pharmakon 1600,6217-54-5,O=C(O)CCC=CCC=CCC=CCC=CCC=CCC=CCC,328.48828,328.48828,M00970A,L007,DOCONEXENT,DHA,"PAF inhibitor, Sardinia ocelata oil"
YU034334,2,Microsource,1503036,Pharmakon 1600,148-01-6,O=[N+]([O-])C1(=C(C(C(=O)N)=CC(=C1)[N+](=O)[O-])C),225.1584,225.1584,M00970A,L008,DINITOLMIDE,dinitolmide,"antiprotozoal, synthetic"
YU227263,1,Microsource,1506200,Pharmakon 1600,69558-55-0,O=C(O)C(NC(=O)C(NC(=O)C(NC(=O)C(NC(=O)C(N)CCCNC(=N)N)CCCCN)CC(=O)O)C(C)C)CC1(=CC=C(O)C=C1),679.76532,679.76532,M00970A,L009,THYMOPENTIN,IMMUNOX,"immunoregulator, synthetic; ORF-15244"
YU034443,2,Microsource,1503427,Pharmakon 1600,5133-19-7,O=C3(C1(=C(O)C=C(CO)C=C1C(OC2(OC(C(O)C(C2O)O)CO))C=4(C3=C(O)C=CC=4))),434.39338,434.39338,M00970A,L010,ALOIN,,"cathartic, laxative, aloe"
YU155622,2,Microsource,1504524,Pharmakon 1600,70-26-8,O=C(O)C(N)CCCN,132.16106,132.16106,M00970A,L011,ORNITHINE,ornithine,"hepatoprotectant, anticholesteremic, widespread in nature"
YU227315,1,Microsource,1504078,Pharmakon 1600,81-27-6,O=C7(C2(=C(OC1(OC(C(O)C(C1O)O)CO))C=CC=C2C(C3(C6(=C(C(=O)C4(=C3C=CC=C4OC5(OC(C(O)C(C5O)O)CO)))C(O)=CC(=C6)C(=O)O)))C=8(C7=C(O)C=C(C(=O)O)C=8))),862.73912,862.73912,M00970A,L012,SENNOSIDE A,GLYSENNID,"cathartic, Cassia & Rheum spp"
YU227264,1,Microsource,1701028,Pharmakon 1600,53-06-5,O=C4(C=C2(C(C1(C(=O)CC3(C(O)(C(=O)CO)CCC3(C1CC2))(C)))(C)CC4)),360.44402,360.44402,M00970A,L013,CORTISONE,cortisone,"antiinflammatory, glucocorticoid, adrenal cortical hormone"
YU227316,1,Microsource,307080,Pharmakon 1600,138-86-7,C1(=CCC(C(=C)C)CC1)(C),136.23404,136.23404,M00970A,L014,d-LIMONENE,,"skin irritant, sensitizer, Citrus oils,"
YU227265,1,Microsource,1503890,Pharmakon 1600,583-03-9,OC(C1(=CC=CC=C1))CCCC,164.24414,164.24414,M00970A,L015,FENIPENTOL,fenipentol,"choleretic, synthetic"
YU227317,1,Microsource,1506195,Pharmakon 1600,13946-02-6,N(C(CCCC(C)C)C)C(C)C,171.32294,171.32294,M00970A,L016,IPROHEPTINE,iproheptine,"vasoconstrictor, antihistamine, nasal decongestant, synthetic"
YU227266,1,Microsource,1503635,Pharmakon 1600,89-25-8,O=C1(N(N=C(C1)C)C2(=CC=CC=C2)),174.19928,174.19928,M00970A,L017,EDARAVONE,edaravone,"antioxidant, lipoxygenase inhibitor, synthetic; MCI-186"
YU227318,1,Microsource,1506186,Pharmakon 1600,28598-08-5,O=C(N1(CCCCCC1))C=CC2(=CC(OC)=C(OC)C(=C2)OC),319.39544,319.39544,M00970A,L018,CINOCTRAMIDE,,"anesthetic, synthetic"
YU227267,1,Microsource,330066,Pharmakon 1600,114-26-1,O=C(OC1(=C(OC(C)C)C=CC=C1))NC,209.24174,209.24174,M00970A,L019,PROPOXUR,BAYGON,"insecticide, synthetic; BAY-39007, BAY-9010"
YU227319,1,Microsource,1506185,Pharmakon 1600,98-79-3,O=C1(NC(C(=O)O)CC1),129.11402,129.11402,M00970A,L020,PIDOLIC ACID,pidolic acid,", vegetables, fruits and grasses"
YU227268,1,Microsource,1500909,Pharmakon 1600,143-57-7,O=C(OC6(C5(OC17(C(C2(O)(C(OC(=O)C(CC)C)C(O)C3(C(C2(C1))CN4(CC(C)CCC4(C3(O)C)))))C(C(C5C7(C)(CC6))OC(=O)C)OC(=O)C))(O)))C(O)(CC)C,793.93726,793.93726,M00970A,L021,PROTOVERATRINE A,PROTALBA,"antihypertensive, emetic; , Veratrum album, V viride, V nigrum"
YU227320,1,Microsource,1506172,Pharmakon 1600,2444-46-4,O=C(NCC1(=CC(OC)=C(O)C=C1))CCCCCCCC,293.40122,293.40122,M00970A,L022,NONIVAMIDE,nonivamide,"analgesic (topical), depletes Substance P, Capsicum spp; synthetic"
YU227178,1,Microsource,1503733,Pharmakon 1600,3689-76-7,ClC3(=CC=C(CN2(C1(=C(C=CC=C1)N=C2C)))C=C3),256.7299,256.7299,M00970A,M003,CHLORMIDAZOLE,chlormidazole,"antifungal, synthetic"
YU227228,1,Microsource,1501000,Pharmakon 1600,"985-13-7, 486-47-5 [ethaverine]",Cl.O(C=1(C(OCC)=CC2(=CC=NC(=C2(C=1))CC3(=CC(OCC)=C(OCC)C=C3))))CC,431.95204,431.95204,M00970A,M004,ETHAVERINE HYDROCHLORIDE,ethaverine,"antispasmodic, synthetic"
YU227179,1,Microsource,1503053,Pharmakon 1600,"125-51-9, 13473-38-6 [pipenzolate]",[Br-].O=C(OC1(C[N+](CCC1)(CC)C))C(O)(C2(=CC=CC=C2))C3(=CC=CC=C3),434.36666,434.36666,M00970A,M005,PIPENZOLATE BROMIDE,pipenzolate bromide,"antispasmodic, synthetic; JB-323"
YU227229,1,Microsource,1501026,Pharmakon 1600,113042-18-7,Cl.N(C(C1(=CC=CC=C1))C)CCC(C2(=CC=CC=C2))C3(=CC=CC=C3),351.91198,351.91198,M00970A,M006,FENDILINE HYDROCHLORIDE,fendiline,"coronary vasodilator, synthetic"
YU225025,2,Microsource,1506073,Pharmakon 1600,79944-58-4,Cl.O1(C3(=C(OCC1C2(=NCCN2))C=CC=C3)),240.6859,240.6859,M00970A,M007,IDAZOXAN HYDROCHLORIDE,,"alpha2-adrenergic blocker, synthetic"
YU227230,1,Microsource,1502034,Pharmakon 1600,6489-97-0,S1(C(C(C(=O)[O-])N3(C1C(NC(=O)C(N=C)C2(=CC=CC=C2))C3=O))(C)C).[Na+],383.39841,383.39841,M00970A,M008,METAMPICILLIN SODIUM,,"antibacterial, semisynthetic"
YU227180,1,Microsource,330064,Pharmakon 1600,55-38-9,S=P(OC1(=CC(=C(SC)C=C1)C))(OC)OC,278.33006,278.330061,M00970A,M009,FENTHION,TIGUVON,"insecticide, ectoparasiticide, synthetic"
YU034365,2,Microsource,1503108,Pharmakon 1600,4093-35-0,[Br]C1(=C(N)C=C(OC)C(=C1)C(=O)NCCN(CC)CC),344.2475,344.2475,M00970A,M010,BROMOPRIDE,bromopride,"antiemetic, synthetic"
YU221952,2,Microsource,1503806,Pharmakon 1600,1239-45-8,[Br-].[N+]2(=C(C=1(C(=CC=C(C=1)N)C=3(C2=CC(N)=CC=3)))C4(=CC=CC=C4))(CC),394.30772,394.30772,M00970A,M011,HOMIDIUM BROMIDE,homidium bromide,"antiprotozoal, intercalcates with DNA, synthetic"
YU227231,1,Microsource,1502024,Pharmakon 1600,51940-44-4,O=C1(C(C(=O)O)=CN(CC)C2(=C1C=NC(=N2)N3(CCNCC3))),303.31668,303.31668,M00970A,M012,PIPEMIDIC ACID,pipemidic acid,"antibacterial, synthetic; 1489-RB"
YU224990,2,Microsource,1503628,Pharmakon 1600,54-80-8,Cl.OC(C2(=CC=1(C(=CC=CC=1)C=C2)))CNC(C)C,265.77814,265.77814,M00970A,M013,PRONETALOL HYDROCHLORIDE,pronetalol,"beta adrenergic agonist, antiarrhythmic, synthetic; ICI-38174, AY-6204"
YU227232,1,Microsource,1502010,Pharmakon 1600,13739-02-1,O=C2(C1(=C(OC(=O)C)C=C(C(=O)O)C=C1C(=O)C=3(C2=C(OC(=O)C)C=CC=3))),368.29378,368.29378,M00970A,M014,DIACERIN,diacerein,"antiinflammatory, synthetic"
YU227181,1,Microsource,1505779,Pharmakon 1600,79-61-8,ClC23(C1(C(=CC(=O)C=C1)CCC2C4(CCC(C4(CC3Cl)(C))(O)C(=O)COC(=O)C))(C)),455.37082,455.37082,M00970A,M015,DICHLORISONE ACETATE,DILODERM,"antipruretic, semisynthetic; R-25788"
YU227233,1,Microsource,1503205,Pharmakon 1600,1195-16-0,S1(C(=O)C(NC(=O)C)CC1),159.2072,159.2072,M00970A,M016,CITIOLONE,citiolone,"hepatoprotectant, free radical scavenger, synthetic"
YU227182,1,Microsource,1506065,Pharmakon 1600,17780-72-2 (base),ClC1(=C(OCCCN(CC#C)C)C=CC(=C1)Cl).Cl,308.63038,308.63038,M00970A,M017,CLORGILINE HYDROCHLORIDE,,"MAO-A inhibitor, antidepressant, antiparkinsonian, synthetic; M&B-9302"
YU225281,2,Microsource,1505310,Pharmakon 1600,90098-04-7,ClC3(=CC=C(C(=O)NC(C(=O)O)CC=1(C2(=C(NC(C=1)=O)C=CC=C2)))C=C3),370.78618,370.78618,M00970A,M018,REBAMIPIDE,rebamipide,"antiulcer, antioxidant, synthetic"
YU034557,2,Microsource,1503381,Pharmakon 1600,2066-89-9,O=C(O)C1(=C(O)C=C(N)C=C1).O=C(NN)C2(=CC=NC=C2),290.27482,290.27482,M00970A,M019,PASINIAZID,pasiniazid,"antibacterial (tuberculostatic), synthetic; RD-325"
YU227234,1,Microsource,1502045,Pharmakon 1600,19562-30-2,O=C1(C(C(=O)O)=CN(CC)C2(=C1C=NC(=N2)N3(CCCC3))),288.302,288.302,M00970A,M020,PIROMIDIC ACID,piromidic acid,"antibacterial, synthetic; PD-93"
YU227183,1,Microsource,1504511,Pharmakon 1600,15879-93-3,ClC(Cl)(Cl)C1(OC2(OC(C(O)CO)C(C2(O1))O)),309.52744,309.52744,M00970A,M021,CHLORALOSE,ALFAKIL,"anesthetic, synthetic"
YU227235,1,Microsource,1505740,Pharmakon 1600,3206-73-3,S1(SCCC1CCCCC(=O)N),205.34284,205.34284,M00970A,M022,LIPOAMIDE,,"hepatoprotectant, semisynthetic; thioctic acid amide"
YU227269,1,Microsource,1500990,Pharmakon 1600,471-53-4,O=C3(C=C1(C(CCC2(C1CC(C(=O)O)(C)CC2)(C))(C)C5(C3C4(C(C(C(O)CC4)(C)C)CC5)(C))(C))),470.68384,470.68384,M00970A,N003,ENOXOLONE,,"antitussive, antiinflammatory, antibacterial, derivative"
YU227321,1,Microsource,1506158,Pharmakon 1600,77-75-8,OC(C#C)(CC)C,98.143,98.143,M00970A,N004,MEPARFYLON,ALLOTROPAL,"hypnotic, sedative, synthetic"
YU227270,1,Microsource,1505245,Pharmakon 1600,7085-55-4,O=C3(C(OC1(OC(C(O)C(C1O)O)COC2(OC(C(O)C(C2O)O)C)))=C(OC4(=C3C(O)=CC(=C4)OCCO))C5(=CC(OCCO)=C(OCCO)C=C5)),742.67518,742.67518,M00970A,N005,TROXERUTIN,POSORUTIN,"vasoprotectant, derivative; rutin 7,3"",4""-trihydroxyethyl ether; Z-6000, THR"
YU008547,2,Microsource,1506155,Pharmakon 1600,16852-81-6,O=C(OC1(C2(CCN(C1)CC2)))C3(=CC=CC=C3),231.29032,231.29032,M00970A,N006,BENZOCLIDINE,benzoclidine,"antihypertensive, synthetic"
YU227271,1,Microsource,1503044,Pharmakon 1600,4940-39-0,O=C1(C2(=C(OC(=C1)C(=O)O)C=CC=C2)),190.15224,190.15224,M00970A,N007,CHROMOCARB,chromocarb,"vascular protectant, synthetic"
YU227322,1,Microsource,1506153,Pharmakon 1600,1188-38-1,O=C(O)C(NC(N)=C)CCC(=O)O,188.18126,188.18126,M00970A,N008,CARGLUMIC ACID,CARBAGLU,"carbamylphosphate synthetase activator, synthetic"
YU033653,2,Microsource,300565,Pharmakon 1600,17692-51-2,O=C(OCC1(=CC=CC=C1))NCC2(CN(C3(CC5(=CN(C=4(C5(=C(C3(C2))C=CC=4)))C)))C),403.51678,403.51678,M00970A,N009,METERGOLINE,,"analgesic, antipyretic, synthetic; FI-6337, MCE"
YU227323,1,Microsource,1506151,Pharmakon 1600,407-41-0,P(=O)(OCC(N)C(=O)O)(O)O,185.072521,185.072521,M00970A,N010,DEXFOSFOSERINE,dexfosfoserine,DB04522
YU155580,3,Microsource,210866,Pharmakon 1600,82-02-0,O=C1(C2(=C(OC(=C1)C)C(OC)=C3(OC=CC3(=C2OC)))),260.24208,260.24208,M00970A,N011,KHELLIN,khellin,"vasodilator (coronary), photosensitizer, Amni visnaga Lam., Umbelliferae"
YU227324,1,Microsource,1506125,Pharmakon 1600,109-57-9,S=C(NCC=C)N,116.1858,116.1858,M00970A,N012,ALLYLTHIOUREA,allylthiourea,"chelating agent, synthetic"
YU223207,2,Microsource,1506191,Pharmakon 1600,92-31-9,[Cl-].[S+]=1(C=3(C(N=C2(C=1C=C(N(C)C)C=C2))=CC(C)=C(C=3)N)),305.82646,305.82646,M00970A,N013,TOLONIUM CHLORIDE,tolonium chloride,"hemostatic, synthetic;"
YU006789,2,Microsource,1506105,Pharmakon 1600,2901-75-9,O=C(O)C(NC(=O)C)CC1(=CC=CC=C1),207.22586,207.22586,M00970A,N014,AFALANINE,,"antidepressant, used to prevent kidney damage, synthetic"
YU227272,1,Microsource,1506164,Pharmakon 1600,20098-14-0,O=C2(C1(CC3(O)(CC(C1)CC2C3))),166.21696,166.21696,M00970A,N015,IDRAMANTONE,idramantone,"anthelmintic, synthetic"
YU227325,1,Microsource,1502551,Pharmakon 1600,57-15-8,ClC(Cl)(Cl)C(O)(C)C,177.45588,177.45588,M00970A,N016,CHLOROBUTANOL,CHLORETONE,"antimicrobial, synthetic; HOE-095K"
YU034529,2,Microsource,1503325,Pharmakon 1600,111-48-8,S(CCO)CCO,122.187,122.187,M00970A,N017,THIODIGLYCOL,thiodiglycol,"antineoplastic, alkylating agent, synthetic"
YU227326,1,Microsource,1506199,Pharmakon 1600,1641-17-4,O=C(C1(=C(O)C=C(OC)C=C1))C2(=CC=C(C)C=C2),242.26986,242.26986,M00970A,N018,MEXENEONE,mexenone,"sunscreen, synthetic"
YU224217,2,Microsource,1506156,Pharmakon 1600,544-31-0,O=C(NCCO)CCCCCCCCCCCCCCC,299.49192,299.49192,M00970A,N019,PALMIDROL,palmidrol,"antiinflammatory, Glycine max"
YU225120,2,Microsource,1506165,Pharmakon 1600,90-05-1,O(C1(=C(O)C=CC=C1))C,124.13722,124.13722,M00970A,N020,GUAIACOL,ANASTIL,"expectorant, synthesis"
YU227273,1,Microsource,1601000,Pharmakon 1600,73573-88-3,O=C1(OC(CC(C1)O)CCC2(C3(C(C=CC2C)=CCCC3OC(=O)C(CC)C))),390.51306,390.51306,M00970A,N021,MEVASTATIN,mevastatin,"antihyperlipidemic, HMGCoA reductase inhibitor, Penicillium brevicompactum; Compactin; CS-500, ML-236B"
YU227327,1,Microsource,1300043,Pharmakon 1600,50-70-4,OC(C(O)C(O)CO)C(O)CO,182.17176,182.17176,M00970A,N022,SORBITOL,RESULAX,"sweetening agent and humectant, fruits of Sorbus and Crataegus spp"
YU227184,1,Microsource,1506049,Pharmakon 1600,122-46-3,O=C(OC1(=CC(=CC=C1)C))C,150.1745,150.1745,M00970A,O003,meta-CRESYL ACETATE,,"antiseptic (topical), synthetic"
YU227236,1,Microsource,211175,Pharmakon 1600,621-42-1,O=C(NC1(=CC(O)=CC=C1))C,151.1626,151.1626,M00970A,O004,METACETAMOL,metacetamol,"analgesic, synthetic; BS-749"
YU227185,1,Microsource,1504520,Pharmakon 1600,547-81-9,OC4(=CC3(=C(C2(C(C1(C(C(O)C(C1)O)(C)CC2))CC3))C=C4)),288.38136,288.38136,M00970A,O005,EPIESTRIOL,,"estrogen, semisynthetic"
YU227237,1,Microsource,310050,Pharmakon 1600,83-75-0,O=C(OC(C=1(C=2(C(N=CC=1)=CC=C(C=2)OC)))C3(N4(CC(C=C)C(C3)CC4)))OCC,396.4795,396.4795,M00970A,O006,QUININE ETHYL CARBONATE,EUQUININE,"antimalarial, semisynthetic"
YU220919,2,Microsource,1504512,Pharmakon 1600,30652-11-0,O=C1(C(O)=C(N(C)C=C1)C),139.1519,139.1519,M00970A,O007,DEFERIPRONE,deferiprone,"iron chelating agent, synthetic; L-1"
YU227238,1,Microsource,212064,Pharmakon 1600,83-40-9,O=C(O)C1(=C(O)C(=CC=C1)C),152.14732,152.14732,M00970A,O008,HYDROXYTOLUIC ACID,,"analgesic, antiseptic, synthetic; 3-MS"
YU227186,1,Microsource,1504506,Pharmakon 1600,127-65-1,Cl[N-]S(=O)(=O)C1(=CC=C(C)C=C1).[Na+],227.64449,227.64449,M00970A,O009,CHLORAMINE-T,CHLORAZINE,"antiseptic, disinfestant, antiproliferative, synthetic"
YU034373,2,Microsource,1503134,Pharmakon 1600,2216-51-5,OC1(C(C(C)C)CCC(C1)C),156.2652,156.2652,M00970A,O010,LEVOMENTHOL,levomenthol,"analgesic (topical), antipruritic agent, Mentha piperita and other Mentha spp"
YU227187,1,Microsource,1504508,Pharmakon 1600,132-60-5,O=C(O)C=1(C=3(C(N=C(C=1)C2(=CC=CC=C2))=CC=CC=3)),249.26408,249.26408,M00970A,O011,CINCHOPHEN,cinchophen,"analgesic, antipyretic, antiinflammatory, synthetic; hepatotoxic"
YU227239,1,Microsource,1900040,Pharmakon 1600,57-44-3,O=C1(NC(=O)C(CC)(CC)C(N1)=O),184.19256,184.19256,M00970A,O012,BARBITAL,barbital,"sedative, synthetic"
YU227188,1,Microsource,1504504,Pharmakon 1600,2037-95-8,O=C2(OC1(=C(C=CC=C1)C(N2)=O)),163.13024,163.13024,M00970A,O013,CARSALAM,carsalam,"analgesic, synthetic"
YU227240,1,Microsource,1503732,Pharmakon 1600,52-51-7,[Br]C([N+](=O)[O-])(CO)CO,199.98808,199.98808,M00970A,O014,BRONOPOL,bronopol,"antiinfective,"
YU227189,1,Microsource,1504501,Pharmakon 1600,135-19-3,OC2(=CC=1(C(=CC=CC=1)C=C2)),144.16992,144.16992,M00970A,O015,beta-NAPHTHOL,MICROCIDIN,"anthelmintic, antiseptic, synthetic"
YU227241,1,Microsource,1506079,Pharmakon 1600,54-32-0,O=C(OC1(=C(C=C(OCCN(C)C)C(=C1)C(C)C)C))C,279.37464,279.37464,M00970A,O016,MOXISYLYTE HYDROCHORIDE,moxisylyte,"alpha-adrenergic blocker, synthetic"
YU227190,1,Microsource,1503080,Pharmakon 1600,"23828-92-4, 18683-91-5 [ambroxol]",[Br]C1(=C(N)C(=CC(=C1)[Br])CNC2(CCC(O)CC2)).Cl,414.56354,414.56354,M00970A,O017,AMBROXOL HYDROCHLORIDE,ambroxol,"expectorant, synthetic"
YU040045,3,Microsource,1506085,Pharmakon 1600,94-07-5,OC1(=CC=C(C(O)CNC)C=C1),167.20506,167.20506,M00970A,O018,OXEDRINE,,"anti-obesity, citrus aurantium; SYNEPHRINE"
YU227191,1,Microsource,1503222,Pharmakon 1600,34161-24-5,ClC4(=CC=C(OCC(=O)N3(CCN(CC2(=CC=1(OCOC=1C=C2)))CC3))C=C4).Cl,425.30516,425.30516,M00970A,O019,FIPEXIDE HYDROCHLORIDE,fipexide,"psychostimulant, synthetic"
YU227242,1,Microsource,1503094,Pharmakon 1600,4991-65-5,S1(C(=O)OC2(=C1C=CC(=C2)O)),168.17086,168.17086,M00970A,O020,TIOXOLONE,tioxolone,"antiseborrhoic, synthetic"
YU034226,4,Microsource,1501188,Pharmakon 1600,60940-34-3,[Se]2(N(C1(=CC=CC=C1))C(=O)C3(=C2C=CC=C3)),274.1767,274.1767,M00970A,O021,EBSELEN,ebselen,"antioxidant, lipoxygenase inhibitor, inhibits oxidation of LDL, synthetic"
YU227243,1,Microsource,1506077,Pharmakon 1600,1084-65-7,S2(=O)(=O)(C1(=C(C=C(C)C(=C1)S(=O)(=O)N)CCC2)),275.34656,275.34656,M00970A,O022,METICRANE,meticrane,"diuretic, antihypertensive, synthetic; SD-17102"
YU227274,1,Microsource,1505322,Pharmakon 1600,481-49-2,O4(C1(=C3(C(=CC2(=C1OCO2))CCN(C3CC8(=CC=C(OC=7(C=C(CC5(C6(=CC4=C(OC)C=C6(CCN5C))))C=CC=7OC))C=C8))C))),606.7075,606.7075,M00970A,P003,CEPHARANTHINE,,"antineoplastic, hepatoprotectant, radiopropective, Stephania spp"
YU155597,3,Microsource,1503006,Pharmakon 1600,622-78-6,S=C=NCC1(=CC=CC=C1),149.21392,149.21392,M00970A,P004,BENZYL ISOTHIOCYANATE,,"antineoplastic, antibacterial, antifungal, Tropaeolum majus, Lepidium sativum and other Cruciferae"
YU227275,1,Microsource,1503225,Pharmakon 1600,50264-69-2,ClC1(=C(C=CC(=C1)Cl)CN2(N=C(C(=O)O)C3(=C2C=CC=C3))),321.15758,321.15758,M00970A,P005,LONIDAMINE,lonidamine,"contraceptive, spermicidal, synthetic; AF-1890"
YU034296,2,Microsource,1502162,Pharmakon 1600,7424-00-2(dl); 14173-39-8(l),ClC1(=CC=C(CC(N)C(=O)O)C=C1),199.63394,199.63394,M00970A,P006,FENCLONINE,fenclonine,"serotonin inhibitor; tryptophan hydroxylase inhibitor, synthetic; CP-10188, NSC-77370"
YU227276,1,Microsource,1503822,Pharmakon 1600,3615-24-5,Cl.O=C1(N(N(C)C(=C1NC(C)C)C)C2(=CC=CC=C2)),281.78092,281.78092,M00970A,P007,RAMIFENAZONE,ramifenazone,"analgesic, antipyretic, antiinflammatory, synthetic"
YU227328,1,Microsource,1500647,Pharmakon 1600,1617-90-9,O=C(OC)C3(O)(N2(C1(=C(C=CC=C1)C5(=C2C4(N(CCCC4(C3)(CC))CC5))))),354.44282,354.44282,M00970A,P008,VINCAMINE,OXICEBRAL,"vasodilator, Vinca minor"
YU227277,1,Microsource,1701060,Pharmakon 1600,3168-01-02 00:00:00,O=C4(C=C3(C(C2(C(C1(C(C(O)(C(=O)C)CC1)(C)CC2))CC3))(C)CC4)),330.4611,330.4611,M00970A,P009,HYDROXYPROGESTERONE,,"progestin, urine and blood"
YU227329,1,Microsource,1503891,Pharmakon 1600,502-55-6,S=C(SSC(=S)OCC)OCC,242.4064,242.4064,M00970A,P010,DIXANTHOGEN,dixanthogen,"ectoparasitoside, insecticide, synthetic; EXD"
YU034320,4,Microsource,1502245,Pharmakon 1600,476-66-4,O=C2(OC1(=C(O)C(O)=CC4(=C1C3(=C2C=C(O)C(=C3OC4=O)O)))),302.19264,302.19264,M00970A,P011,ELLAGIC ACID,ellagic acid,"hemostatic, antineoplastic, antimutagenic, widely distributed in higher plants"
YU227330,1,Microsource,1503901,Pharmakon 1600,306-20-7,ClCCC(=O)NCCC1(=CC=CC=C1),211.6877,211.6877,M00970A,P012,FENACLON,fenaclon,"antipsychotic, antiepileptic, synthetic"
YU034065,2,Microsource,1500633,Pharmakon 1600,141-94-6,N1(CN(CC(C1)(N)C)CC(CCCC)CC)(CC(CCCC)CC),339.60222,339.60222,M00970A,P013,HEXETIDINE,hexetidine,"antifungal, synthetic"
YU034292,2,Microsource,1502150,Pharmakon 1600,"38821-49-7, 28860-95-9 [anhydrous]",O=C(O)C(NN)(CC1(=CC(O)=C(O)C=C1))C,226.22924,226.22924,M00970A,P014,CARBIDOPA,carbidopa,"decarboxylase inhibitor, antiparkinsonism, synthetic"
YU227278,1,Microsource,1503648,Pharmakon 1600,64603-91-4,Cl.O1(N=C(O)C2(=C1CNCC2)),176.60064,176.60064,M00970A,P015,GABOXADOL HYDROCHLORIDE,,"GABAa agonist, GABAc antagonist, synthetic; Lu-02-030, MK-0928, THIP hydrochloride"
YU227331,1,Microsource,1506166,Pharmakon 1600,586-98-1,OCC1(=NC=CC=C1),109.12592,109.12592,M00970A,P016,PICONOL,,"decongestant, synthetic"
YU034382,2,Microsource,1503206,Pharmakon 1600,37693-01-9,ClC1(=C(C=CC(=C1)Cl)CC2(=C(O)C=CC(=C2)C(CC(C)(C)C)(C)C)),365.33594,365.33594,M00970A,P017,CLOFOCTOL,clofoctol,"antibacterial, synthetic"
YU227332,1,Microsource,1506194,Pharmakon 1600,492-85-3,O=C(N1(CCOCC1))C2(=CN=CC=C2),192.21456,192.21456,M00970A,P018,NICOPHOLINE,nicopholine,"antitrypanosomal, synthetic"
YU227279,1,Microsource,1500657,Pharmakon 1600,1435-55-8,O(C4(=CC=1(C(=NC=CC=1C(O)C2(N3(CC(CC)C(C2)CC3)))C=C4)))C,326.43272,326.43272,M00970A,P019,HYDROQUINIDINE,,"antiarrhythmic, antimalarial, Cinchona bark"
YU227333,1,Microsource,1506014,Pharmakon 1600,54-36-4,O=C(C1(=CN=CC=C1))C(C2(=CN=CC=C2))(C)C,226.27384,226.27384,M00970A,P020,METYRAPONE,metyrapone,"diagnostic aid, synthetic"
YU155593,2,Microsource,2300228,Pharmakon 1600,487-79-6,O=C(O)C1(NCC(C1CC(=O)O)C(=C)C),213.23044,213.23044,M00970A,P021,KAINIC ACID,,"glutamate receptor agonist, anthelmintic, Digenia simplex"
YU039607,3,Microsource,1502377,Pharmakon 1600,68302-57-8,O=C1(C3(=C(OC2(=C1C=C(C(C)C)C=C2))N=C(N)C(=C3)C(=O)O)),298.29344,298.29344,M00970A,P022,AMLEXANOX,amlexanox,"anti-allergic, synthetic; AA-673, CHX-3673"
